siteId,Lon,Lat,Height
1190000_4758000,1190000.0,4758000.0,0
1190000_4768000,1190000.0,4768000.0,0
1200000_4768000,1200000.0,4768000.0,0
1210000_4768000,1210000.0,4768000.0,0
1200000_4778000,1200000.0,4778000.0,0
1210000_4778000,1210000.0,4778000.0,0
1220000_4778000,1220000.0,4778000.0,0
1230000_4778000,1230000.0,4778000.0,0
1210000_4788000,1210000.0,4788000.0,0
1220000_4788000,1220000.0,4788000.0,0
1200000_4798000,1200000.0,4798000.0,0
1210000_4798000,1210000.0,4798000.0,0
1220000_4798000,1220000.0,4798000.0,0
1190000_4808000,1190000.0,4808000.0,0
1200000_4808000,1200000.0,4808000.0,0
1210000_4808000,1210000.0,4808000.0,0
1290000_4828000,1290000.0,4828000.0,0
1300000_4828000,1300000.0,4828000.0,0
1310000_4828000,1310000.0,4828000.0,0
1240000_4838000,1240000.0,4838000.0,0
1250000_4838000,1250000.0,4838000.0,0
1260000_4838000,1260000.0,4838000.0,0
1270000_4838000,1270000.0,4838000.0,0
1280000_4838000,1280000.0,4838000.0,0
1290000_4838000,1290000.0,4838000.0,0
1300000_4838000,1300000.0,4838000.0,0
1310000_4838000,1310000.0,4838000.0,0
1320000_4838000,1320000.0,4838000.0,0
1240000_4848000,1240000.0,4848000.0,0
1250000_4848000,1250000.0,4848000.0,0
1260000_4848000,1260000.0,4848000.0,0
1270000_4848000,1270000.0,4848000.0,0
1280000_4848000,1280000.0,4848000.0,0
1290000_4848000,1290000.0,4848000.0,0
1300000_4848000,1300000.0,4848000.0,0
1310000_4848000,1310000.0,4848000.0,0
1320000_4848000,1320000.0,4848000.0,0
1330000_4848000,1330000.0,4848000.0,0
1340000_4848000,1340000.0,4848000.0,0
1350000_4848000,1350000.0,4848000.0,0
1200000_4858000,1200000.0,4858000.0,0
1210000_4858000,1210000.0,4858000.0,0
1220000_4858000,1220000.0,4858000.0,0
1230000_4858000,1230000.0,4858000.0,0
1240000_4858000,1240000.0,4858000.0,0
1250000_4858000,1250000.0,4858000.0,0
1260000_4858000,1260000.0,4858000.0,0
1270000_4858000,1270000.0,4858000.0,0
1280000_4858000,1280000.0,4858000.0,0
1290000_4858000,1290000.0,4858000.0,0
1300000_4858000,1300000.0,4858000.0,0
1310000_4858000,1310000.0,4858000.0,0
1320000_4858000,1320000.0,4858000.0,0
1330000_4858000,1330000.0,4858000.0,0
1340000_4858000,1340000.0,4858000.0,0
1350000_4858000,1350000.0,4858000.0,0
1110000_4868000,1110000.0,4868000.0,0
1120000_4868000,1120000.0,4868000.0,0
1130000_4868000,1130000.0,4868000.0,0
1140000_4868000,1140000.0,4868000.0,0
1150000_4868000,1150000.0,4868000.0,0
1160000_4868000,1160000.0,4868000.0,0
1190000_4868000,1190000.0,4868000.0,0
1200000_4868000,1200000.0,4868000.0,0
1210000_4868000,1210000.0,4868000.0,0
1220000_4868000,1220000.0,4868000.0,0
1230000_4868000,1230000.0,4868000.0,0
1240000_4868000,1240000.0,4868000.0,0
1250000_4868000,1250000.0,4868000.0,0
1260000_4868000,1260000.0,4868000.0,0
1270000_4868000,1270000.0,4868000.0,0
1280000_4868000,1280000.0,4868000.0,0
1290000_4868000,1290000.0,4868000.0,0
1300000_4868000,1300000.0,4868000.0,0
1310000_4868000,1310000.0,4868000.0,0
1320000_4868000,1320000.0,4868000.0,0
1330000_4868000,1330000.0,4868000.0,0
1340000_4868000,1340000.0,4868000.0,0
1350000_4868000,1350000.0,4868000.0,0
1360000_4868000,1360000.0,4868000.0,0
1120000_4878000,1120000.0,4878000.0,0
1130000_4878000,1130000.0,4878000.0,0
1140000_4878000,1140000.0,4878000.0,0
1150000_4878000,1150000.0,4878000.0,0
1160000_4878000,1160000.0,4878000.0,0
1170000_4878000,1170000.0,4878000.0,0
1180000_4878000,1180000.0,4878000.0,0
1190000_4878000,1190000.0,4878000.0,0
1200000_4878000,1200000.0,4878000.0,0
1210000_4878000,1210000.0,4878000.0,0
1220000_4878000,1220000.0,4878000.0,0
1230000_4878000,1230000.0,4878000.0,0
1240000_4878000,1240000.0,4878000.0,0
1250000_4878000,1250000.0,4878000.0,0
1260000_4878000,1260000.0,4878000.0,0
1270000_4878000,1270000.0,4878000.0,0
1280000_4878000,1280000.0,4878000.0,0
1290000_4878000,1290000.0,4878000.0,0
1300000_4878000,1300000.0,4878000.0,0
1310000_4878000,1310000.0,4878000.0,0
1320000_4878000,1320000.0,4878000.0,0
1330000_4878000,1330000.0,4878000.0,0
1340000_4878000,1340000.0,4878000.0,0
1350000_4878000,1350000.0,4878000.0,0
1360000_4878000,1360000.0,4878000.0,0
1370000_4878000,1370000.0,4878000.0,0
1100000_4888000,1100000.0,4888000.0,0
1110000_4888000,1110000.0,4888000.0,0
1130000_4888000,1130000.0,4888000.0,0
1140000_4888000,1140000.0,4888000.0,0
1150000_4888000,1150000.0,4888000.0,0
1160000_4888000,1160000.0,4888000.0,0
1170000_4888000,1170000.0,4888000.0,0
1180000_4888000,1180000.0,4888000.0,0
1190000_4888000,1190000.0,4888000.0,0
1200000_4888000,1200000.0,4888000.0,0
1210000_4888000,1210000.0,4888000.0,0
1220000_4888000,1220000.0,4888000.0,0
1230000_4888000,1230000.0,4888000.0,0
1240000_4888000,1240000.0,4888000.0,0
1250000_4888000,1250000.0,4888000.0,0
1260000_4888000,1260000.0,4888000.0,0
1270000_4888000,1270000.0,4888000.0,0
1280000_4888000,1280000.0,4888000.0,0
1290000_4888000,1290000.0,4888000.0,0
1300000_4888000,1300000.0,4888000.0,0
1310000_4888000,1310000.0,4888000.0,0
1320000_4888000,1320000.0,4888000.0,0
1330000_4888000,1330000.0,4888000.0,0
1340000_4888000,1340000.0,4888000.0,0
1350000_4888000,1350000.0,4888000.0,0
1360000_4888000,1360000.0,4888000.0,0
1370000_4888000,1370000.0,4888000.0,0
1380000_4888000,1380000.0,4888000.0,0
1100000_4898000,1100000.0,4898000.0,0
1120000_4898000,1120000.0,4898000.0,0
1130000_4898000,1130000.0,4898000.0,0
1140000_4898000,1140000.0,4898000.0,0
1150000_4898000,1150000.0,4898000.0,0
1160000_4898000,1160000.0,4898000.0,0
1170000_4898000,1170000.0,4898000.0,0
1180000_4898000,1180000.0,4898000.0,0
1190000_4898000,1190000.0,4898000.0,0
1200000_4898000,1200000.0,4898000.0,0
1210000_4898000,1210000.0,4898000.0,0
1220000_4898000,1220000.0,4898000.0,0
1230000_4898000,1230000.0,4898000.0,0
1240000_4898000,1240000.0,4898000.0,0
1250000_4898000,1250000.0,4898000.0,0
1260000_4898000,1260000.0,4898000.0,0
1270000_4898000,1270000.0,4898000.0,0
1280000_4898000,1280000.0,4898000.0,0
1290000_4898000,1290000.0,4898000.0,0
1300000_4898000,1300000.0,4898000.0,0
1310000_4898000,1310000.0,4898000.0,0
1320000_4898000,1320000.0,4898000.0,0
1330000_4898000,1330000.0,4898000.0,0
1340000_4898000,1340000.0,4898000.0,0
1350000_4898000,1350000.0,4898000.0,0
1360000_4898000,1360000.0,4898000.0,0
1370000_4898000,1370000.0,4898000.0,0
1380000_4898000,1380000.0,4898000.0,0
1100000_4908000,1100000.0,4908000.0,0
1110000_4908000,1110000.0,4908000.0,0
1120000_4908000,1120000.0,4908000.0,0
1130000_4908000,1130000.0,4908000.0,0
1140000_4908000,1140000.0,4908000.0,0
1150000_4908000,1150000.0,4908000.0,0
1160000_4908000,1160000.0,4908000.0,0
1170000_4908000,1170000.0,4908000.0,0
1180000_4908000,1180000.0,4908000.0,0
1190000_4908000,1190000.0,4908000.0,0
1200000_4908000,1200000.0,4908000.0,0
1210000_4908000,1210000.0,4908000.0,0
1220000_4908000,1220000.0,4908000.0,0
1230000_4908000,1230000.0,4908000.0,0
1240000_4908000,1240000.0,4908000.0,0
1250000_4908000,1250000.0,4908000.0,0
1260000_4908000,1260000.0,4908000.0,0
1270000_4908000,1270000.0,4908000.0,0
1280000_4908000,1280000.0,4908000.0,0
1290000_4908000,1290000.0,4908000.0,0
1300000_4908000,1300000.0,4908000.0,0
1310000_4908000,1310000.0,4908000.0,0
1320000_4908000,1320000.0,4908000.0,0
1330000_4908000,1330000.0,4908000.0,0
1340000_4908000,1340000.0,4908000.0,0
1350000_4908000,1350000.0,4908000.0,0
1360000_4908000,1360000.0,4908000.0,0
1370000_4908000,1370000.0,4908000.0,0
1380000_4908000,1380000.0,4908000.0,0
1390000_4908000,1390000.0,4908000.0,0
1100000_4918000,1100000.0,4918000.0,0
1110000_4918000,1110000.0,4918000.0,0
1120000_4918000,1120000.0,4918000.0,0
1130000_4918000,1130000.0,4918000.0,0
1140000_4918000,1140000.0,4918000.0,0
1150000_4918000,1150000.0,4918000.0,0
1160000_4918000,1160000.0,4918000.0,0
1170000_4918000,1170000.0,4918000.0,0
1180000_4918000,1180000.0,4918000.0,0
1190000_4918000,1190000.0,4918000.0,0
1200000_4918000,1200000.0,4918000.0,0
1210000_4918000,1210000.0,4918000.0,0
1220000_4918000,1220000.0,4918000.0,0
1230000_4918000,1230000.0,4918000.0,0
1240000_4918000,1240000.0,4918000.0,0
1250000_4918000,1250000.0,4918000.0,0
1260000_4918000,1260000.0,4918000.0,0
1270000_4918000,1270000.0,4918000.0,0
1280000_4918000,1280000.0,4918000.0,0
1290000_4918000,1290000.0,4918000.0,0
1300000_4918000,1300000.0,4918000.0,0
1310000_4918000,1310000.0,4918000.0,0
1320000_4918000,1320000.0,4918000.0,0
1330000_4918000,1330000.0,4918000.0,0
1340000_4918000,1340000.0,4918000.0,0
1350000_4918000,1350000.0,4918000.0,0
1360000_4918000,1360000.0,4918000.0,0
1370000_4918000,1370000.0,4918000.0,0
1380000_4918000,1380000.0,4918000.0,0
1390000_4918000,1390000.0,4918000.0,0
1400000_4918000,1400000.0,4918000.0,0
1410000_4918000,1410000.0,4918000.0,0
1100000_4928000,1100000.0,4928000.0,0
1110000_4928000,1110000.0,4928000.0,0
1130000_4928000,1130000.0,4928000.0,0
1140000_4928000,1140000.0,4928000.0,0
1150000_4928000,1150000.0,4928000.0,0
1160000_4928000,1160000.0,4928000.0,0
1170000_4928000,1170000.0,4928000.0,0
1180000_4928000,1180000.0,4928000.0,0
1190000_4928000,1190000.0,4928000.0,0
1200000_4928000,1200000.0,4928000.0,0
1210000_4928000,1210000.0,4928000.0,0
1220000_4928000,1220000.0,4928000.0,0
1230000_4928000,1230000.0,4928000.0,0
1240000_4928000,1240000.0,4928000.0,0
1250000_4928000,1250000.0,4928000.0,0
1260000_4928000,1260000.0,4928000.0,0
1270000_4928000,1270000.0,4928000.0,0
1280000_4928000,1280000.0,4928000.0,0
1290000_4928000,1290000.0,4928000.0,0
1300000_4928000,1300000.0,4928000.0,0
1310000_4928000,1310000.0,4928000.0,0
1320000_4928000,1320000.0,4928000.0,0
1330000_4928000,1330000.0,4928000.0,0
1340000_4928000,1340000.0,4928000.0,0
1350000_4928000,1350000.0,4928000.0,0
1360000_4928000,1360000.0,4928000.0,0
1370000_4928000,1370000.0,4928000.0,0
1380000_4928000,1380000.0,4928000.0,0
1390000_4928000,1390000.0,4928000.0,0
1400000_4928000,1400000.0,4928000.0,0
1410000_4928000,1410000.0,4928000.0,0
1420000_4928000,1420000.0,4928000.0,0
1110000_4938000,1110000.0,4938000.0,0
1120000_4938000,1120000.0,4938000.0,0
1130000_4938000,1130000.0,4938000.0,0
1140000_4938000,1140000.0,4938000.0,0
1150000_4938000,1150000.0,4938000.0,0
1160000_4938000,1160000.0,4938000.0,0
1170000_4938000,1170000.0,4938000.0,0
1180000_4938000,1180000.0,4938000.0,0
1190000_4938000,1190000.0,4938000.0,0
1200000_4938000,1200000.0,4938000.0,0
1210000_4938000,1210000.0,4938000.0,0
1220000_4938000,1220000.0,4938000.0,0
1230000_4938000,1230000.0,4938000.0,0
1240000_4938000,1240000.0,4938000.0,0
1250000_4938000,1250000.0,4938000.0,0
1260000_4938000,1260000.0,4938000.0,0
1270000_4938000,1270000.0,4938000.0,0
1280000_4938000,1280000.0,4938000.0,0
1290000_4938000,1290000.0,4938000.0,0
1300000_4938000,1300000.0,4938000.0,0
1310000_4938000,1310000.0,4938000.0,0
1320000_4938000,1320000.0,4938000.0,0
1330000_4938000,1330000.0,4938000.0,0
1340000_4938000,1340000.0,4938000.0,0
1350000_4938000,1350000.0,4938000.0,0
1360000_4938000,1360000.0,4938000.0,0
1370000_4938000,1370000.0,4938000.0,0
1380000_4938000,1380000.0,4938000.0,0
1390000_4938000,1390000.0,4938000.0,0
1400000_4938000,1400000.0,4938000.0,0
1410000_4938000,1410000.0,4938000.0,0
1110000_4948000,1110000.0,4948000.0,0
1120000_4948000,1120000.0,4948000.0,0
1130000_4948000,1130000.0,4948000.0,0
1140000_4948000,1140000.0,4948000.0,0
1150000_4948000,1150000.0,4948000.0,0
1160000_4948000,1160000.0,4948000.0,0
1170000_4948000,1170000.0,4948000.0,0
1180000_4948000,1180000.0,4948000.0,0
1190000_4948000,1190000.0,4948000.0,0
1200000_4948000,1200000.0,4948000.0,0
1210000_4948000,1210000.0,4948000.0,0
1220000_4948000,1220000.0,4948000.0,0
1230000_4948000,1230000.0,4948000.0,0
1240000_4948000,1240000.0,4948000.0,0
1250000_4948000,1250000.0,4948000.0,0
1260000_4948000,1260000.0,4948000.0,0
1270000_4948000,1270000.0,4948000.0,0
1280000_4948000,1280000.0,4948000.0,0
1290000_4948000,1290000.0,4948000.0,0
1300000_4948000,1300000.0,4948000.0,0
1310000_4948000,1310000.0,4948000.0,0
1320000_4948000,1320000.0,4948000.0,0
1330000_4948000,1330000.0,4948000.0,0
1340000_4948000,1340000.0,4948000.0,0
1350000_4948000,1350000.0,4948000.0,0
1360000_4948000,1360000.0,4948000.0,0
1370000_4948000,1370000.0,4948000.0,0
1380000_4948000,1380000.0,4948000.0,0
1390000_4948000,1390000.0,4948000.0,0
1400000_4948000,1400000.0,4948000.0,0
1410000_4948000,1410000.0,4948000.0,0
1420000_4948000,1420000.0,4948000.0,0
1120000_4958000,1120000.0,4958000.0,0
1130000_4958000,1130000.0,4958000.0,0
1140000_4958000,1140000.0,4958000.0,0
1150000_4958000,1150000.0,4958000.0,0
1160000_4958000,1160000.0,4958000.0,0
1170000_4958000,1170000.0,4958000.0,0
1180000_4958000,1180000.0,4958000.0,0
1190000_4958000,1190000.0,4958000.0,0
1200000_4958000,1200000.0,4958000.0,0
1210000_4958000,1210000.0,4958000.0,0
1220000_4958000,1220000.0,4958000.0,0
1230000_4958000,1230000.0,4958000.0,0
1240000_4958000,1240000.0,4958000.0,0
1250000_4958000,1250000.0,4958000.0,0
1260000_4958000,1260000.0,4958000.0,0
1270000_4958000,1270000.0,4958000.0,0
1280000_4958000,1280000.0,4958000.0,0
1290000_4958000,1290000.0,4958000.0,0
1300000_4958000,1300000.0,4958000.0,0
1310000_4958000,1310000.0,4958000.0,0
1320000_4958000,1320000.0,4958000.0,0
1330000_4958000,1330000.0,4958000.0,0
1340000_4958000,1340000.0,4958000.0,0
1350000_4958000,1350000.0,4958000.0,0
1360000_4958000,1360000.0,4958000.0,0
1370000_4958000,1370000.0,4958000.0,0
1380000_4958000,1380000.0,4958000.0,0
1390000_4958000,1390000.0,4958000.0,0
1400000_4958000,1400000.0,4958000.0,0
1410000_4958000,1410000.0,4958000.0,0
1420000_4958000,1420000.0,4958000.0,0
1140000_4968000,1140000.0,4968000.0,0
1150000_4968000,1150000.0,4968000.0,0
1160000_4968000,1160000.0,4968000.0,0
1170000_4968000,1170000.0,4968000.0,0
1180000_4968000,1180000.0,4968000.0,0
1190000_4968000,1190000.0,4968000.0,0
1200000_4968000,1200000.0,4968000.0,0
1210000_4968000,1210000.0,4968000.0,0
1220000_4968000,1220000.0,4968000.0,0
1230000_4968000,1230000.0,4968000.0,0
1240000_4968000,1240000.0,4968000.0,0
1250000_4968000,1250000.0,4968000.0,0
1260000_4968000,1260000.0,4968000.0,0
1270000_4968000,1270000.0,4968000.0,0
1280000_4968000,1280000.0,4968000.0,0
1290000_4968000,1290000.0,4968000.0,0
1300000_4968000,1300000.0,4968000.0,0
1310000_4968000,1310000.0,4968000.0,0
1320000_4968000,1320000.0,4968000.0,0
1330000_4968000,1330000.0,4968000.0,0
1340000_4968000,1340000.0,4968000.0,0
1350000_4968000,1350000.0,4968000.0,0
1360000_4968000,1360000.0,4968000.0,0
1370000_4968000,1370000.0,4968000.0,0
1380000_4968000,1380000.0,4968000.0,0
1390000_4968000,1390000.0,4968000.0,0
1400000_4968000,1400000.0,4968000.0,0
1410000_4968000,1410000.0,4968000.0,0
1420000_4968000,1420000.0,4968000.0,0
1130000_4978000,1130000.0,4978000.0,0
1140000_4978000,1140000.0,4978000.0,0
1150000_4978000,1150000.0,4978000.0,0
1160000_4978000,1160000.0,4978000.0,0
1170000_4978000,1170000.0,4978000.0,0
1180000_4978000,1180000.0,4978000.0,0
1190000_4978000,1190000.0,4978000.0,0
1200000_4978000,1200000.0,4978000.0,0
1210000_4978000,1210000.0,4978000.0,0
1220000_4978000,1220000.0,4978000.0,0
1230000_4978000,1230000.0,4978000.0,0
1240000_4978000,1240000.0,4978000.0,0
1250000_4978000,1250000.0,4978000.0,0
1260000_4978000,1260000.0,4978000.0,0
1270000_4978000,1270000.0,4978000.0,0
1280000_4978000,1280000.0,4978000.0,0
1290000_4978000,1290000.0,4978000.0,0
1300000_4978000,1300000.0,4978000.0,0
1310000_4978000,1310000.0,4978000.0,0
1320000_4978000,1320000.0,4978000.0,0
1330000_4978000,1330000.0,4978000.0,0
1340000_4978000,1340000.0,4978000.0,0
1350000_4978000,1350000.0,4978000.0,0
1360000_4978000,1360000.0,4978000.0,0
1370000_4978000,1370000.0,4978000.0,0
1380000_4978000,1380000.0,4978000.0,0
1390000_4978000,1390000.0,4978000.0,0
1400000_4978000,1400000.0,4978000.0,0
1410000_4978000,1410000.0,4978000.0,0
1420000_4978000,1420000.0,4978000.0,0
1140000_4988000,1140000.0,4988000.0,0
1150000_4988000,1150000.0,4988000.0,0
1160000_4988000,1160000.0,4988000.0,0
1170000_4988000,1170000.0,4988000.0,0
1180000_4988000,1180000.0,4988000.0,0
1190000_4988000,1190000.0,4988000.0,0
1200000_4988000,1200000.0,4988000.0,0
1210000_4988000,1210000.0,4988000.0,0
1220000_4988000,1220000.0,4988000.0,0
1230000_4988000,1230000.0,4988000.0,0
1240000_4988000,1240000.0,4988000.0,0
1250000_4988000,1250000.0,4988000.0,0
1260000_4988000,1260000.0,4988000.0,0
1270000_4988000,1270000.0,4988000.0,0
1280000_4988000,1280000.0,4988000.0,0
1290000_4988000,1290000.0,4988000.0,0
1300000_4988000,1300000.0,4988000.0,0
1310000_4988000,1310000.0,4988000.0,0
1320000_4988000,1320000.0,4988000.0,0
1330000_4988000,1330000.0,4988000.0,0
1340000_4988000,1340000.0,4988000.0,0
1350000_4988000,1350000.0,4988000.0,0
1360000_4988000,1360000.0,4988000.0,0
1370000_4988000,1370000.0,4988000.0,0
1380000_4988000,1380000.0,4988000.0,0
1390000_4988000,1390000.0,4988000.0,0
1400000_4988000,1400000.0,4988000.0,0
1410000_4988000,1410000.0,4988000.0,0
1420000_4988000,1420000.0,4988000.0,0
1430000_4988000,1430000.0,4988000.0,0
1140000_4998000,1140000.0,4998000.0,0
1150000_4998000,1150000.0,4998000.0,0
1160000_4998000,1160000.0,4998000.0,0
1170000_4998000,1170000.0,4998000.0,0
1180000_4998000,1180000.0,4998000.0,0
1190000_4998000,1190000.0,4998000.0,0
1200000_4998000,1200000.0,4998000.0,0
1210000_4998000,1210000.0,4998000.0,0
1220000_4998000,1220000.0,4998000.0,0
1230000_4998000,1230000.0,4998000.0,0
1240000_4998000,1240000.0,4998000.0,0
1250000_4998000,1250000.0,4998000.0,0
1260000_4998000,1260000.0,4998000.0,0
1270000_4998000,1270000.0,4998000.0,0
1280000_4998000,1280000.0,4998000.0,0
1290000_4998000,1290000.0,4998000.0,0
1300000_4998000,1300000.0,4998000.0,0
1310000_4998000,1310000.0,4998000.0,0
1320000_4998000,1320000.0,4998000.0,0
1330000_4998000,1330000.0,4998000.0,0
1340000_4998000,1340000.0,4998000.0,0
1350000_4998000,1350000.0,4998000.0,0
1360000_4998000,1360000.0,4998000.0,0
1370000_4998000,1370000.0,4998000.0,0
1380000_4998000,1380000.0,4998000.0,0
1390000_4998000,1390000.0,4998000.0,0
1400000_4998000,1400000.0,4998000.0,0
1410000_4998000,1410000.0,4998000.0,0
1420000_4998000,1420000.0,4998000.0,0
1430000_4998000,1430000.0,4998000.0,0
1150000_5008000,1150000.0,5008000.0,0
1160000_5008000,1160000.0,5008000.0,0
1170000_5008000,1170000.0,5008000.0,0
1180000_5008000,1180000.0,5008000.0,0
1190000_5008000,1190000.0,5008000.0,0
1200000_5008000,1200000.0,5008000.0,0
1210000_5008000,1210000.0,5008000.0,0
1220000_5008000,1220000.0,5008000.0,0
1230000_5008000,1230000.0,5008000.0,0
1240000_5008000,1240000.0,5008000.0,0
1250000_5008000,1250000.0,5008000.0,0
1260000_5008000,1260000.0,5008000.0,0
1270000_5008000,1270000.0,5008000.0,0
1280000_5008000,1280000.0,5008000.0,0
1290000_5008000,1290000.0,5008000.0,0
1300000_5008000,1300000.0,5008000.0,0
1310000_5008000,1310000.0,5008000.0,0
1320000_5008000,1320000.0,5008000.0,0
1330000_5008000,1330000.0,5008000.0,0
1340000_5008000,1340000.0,5008000.0,0
1350000_5008000,1350000.0,5008000.0,0
1360000_5008000,1360000.0,5008000.0,0
1370000_5008000,1370000.0,5008000.0,0
1380000_5008000,1380000.0,5008000.0,0
1390000_5008000,1390000.0,5008000.0,0
1400000_5008000,1400000.0,5008000.0,0
1410000_5008000,1410000.0,5008000.0,0
1420000_5008000,1420000.0,5008000.0,0
1430000_5008000,1430000.0,5008000.0,0
1440000_5008000,1440000.0,5008000.0,0
1160000_5018000,1160000.0,5018000.0,0
1170000_5018000,1170000.0,5018000.0,0
1180000_5018000,1180000.0,5018000.0,0
1190000_5018000,1190000.0,5018000.0,0
1200000_5018000,1200000.0,5018000.0,0
1210000_5018000,1210000.0,5018000.0,0
1220000_5018000,1220000.0,5018000.0,0
1230000_5018000,1230000.0,5018000.0,0
1240000_5018000,1240000.0,5018000.0,0
1250000_5018000,1250000.0,5018000.0,0
1260000_5018000,1260000.0,5018000.0,0
1270000_5018000,1270000.0,5018000.0,0
1280000_5018000,1280000.0,5018000.0,0
1290000_5018000,1290000.0,5018000.0,0
1300000_5018000,1300000.0,5018000.0,0
1310000_5018000,1310000.0,5018000.0,0
1320000_5018000,1320000.0,5018000.0,0
1330000_5018000,1330000.0,5018000.0,0
1340000_5018000,1340000.0,5018000.0,0
1350000_5018000,1350000.0,5018000.0,0
1360000_5018000,1360000.0,5018000.0,0
1370000_5018000,1370000.0,5018000.0,0
1380000_5018000,1380000.0,5018000.0,0
1390000_5018000,1390000.0,5018000.0,0
1400000_5018000,1400000.0,5018000.0,0
1410000_5018000,1410000.0,5018000.0,0
1420000_5018000,1420000.0,5018000.0,0
1430000_5018000,1430000.0,5018000.0,0
1440000_5018000,1440000.0,5018000.0,0
1450000_5018000,1450000.0,5018000.0,0
1170000_5028000,1170000.0,5028000.0,0
1180000_5028000,1180000.0,5028000.0,0
1190000_5028000,1190000.0,5028000.0,0
1200000_5028000,1200000.0,5028000.0,0
1210000_5028000,1210000.0,5028000.0,0
1220000_5028000,1220000.0,5028000.0,0
1230000_5028000,1230000.0,5028000.0,0
1240000_5028000,1240000.0,5028000.0,0
1250000_5028000,1250000.0,5028000.0,0
1260000_5028000,1260000.0,5028000.0,0
1270000_5028000,1270000.0,5028000.0,0
1280000_5028000,1280000.0,5028000.0,0
1290000_5028000,1290000.0,5028000.0,0
1300000_5028000,1300000.0,5028000.0,0
1310000_5028000,1310000.0,5028000.0,0
1320000_5028000,1320000.0,5028000.0,0
1330000_5028000,1330000.0,5028000.0,0
1340000_5028000,1340000.0,5028000.0,0
1350000_5028000,1350000.0,5028000.0,0
1360000_5028000,1360000.0,5028000.0,0
1370000_5028000,1370000.0,5028000.0,0
1380000_5028000,1380000.0,5028000.0,0
1390000_5028000,1390000.0,5028000.0,0
1400000_5028000,1400000.0,5028000.0,0
1410000_5028000,1410000.0,5028000.0,0
1420000_5028000,1420000.0,5028000.0,0
1430000_5028000,1430000.0,5028000.0,0
1440000_5028000,1440000.0,5028000.0,0
1450000_5028000,1450000.0,5028000.0,0
1170000_5038000,1170000.0,5038000.0,0
1180000_5038000,1180000.0,5038000.0,0
1190000_5038000,1190000.0,5038000.0,0
1200000_5038000,1200000.0,5038000.0,0
1210000_5038000,1210000.0,5038000.0,0
1220000_5038000,1220000.0,5038000.0,0
1230000_5038000,1230000.0,5038000.0,0
1240000_5038000,1240000.0,5038000.0,0
1250000_5038000,1250000.0,5038000.0,0
1260000_5038000,1260000.0,5038000.0,0
1270000_5038000,1270000.0,5038000.0,0
1280000_5038000,1280000.0,5038000.0,0
1290000_5038000,1290000.0,5038000.0,0
1300000_5038000,1300000.0,5038000.0,0
1310000_5038000,1310000.0,5038000.0,0
1320000_5038000,1320000.0,5038000.0,0
1330000_5038000,1330000.0,5038000.0,0
1340000_5038000,1340000.0,5038000.0,0
1350000_5038000,1350000.0,5038000.0,0
1360000_5038000,1360000.0,5038000.0,0
1370000_5038000,1370000.0,5038000.0,0
1380000_5038000,1380000.0,5038000.0,0
1390000_5038000,1390000.0,5038000.0,0
1400000_5038000,1400000.0,5038000.0,0
1410000_5038000,1410000.0,5038000.0,0
1420000_5038000,1420000.0,5038000.0,0
1430000_5038000,1430000.0,5038000.0,0
1440000_5038000,1440000.0,5038000.0,0
1450000_5038000,1450000.0,5038000.0,0
1200000_5048000,1200000.0,5048000.0,0
1210000_5048000,1210000.0,5048000.0,0
1220000_5048000,1220000.0,5048000.0,0
1230000_5048000,1230000.0,5048000.0,0
1240000_5048000,1240000.0,5048000.0,0
1250000_5048000,1250000.0,5048000.0,0
1260000_5048000,1260000.0,5048000.0,0
1270000_5048000,1270000.0,5048000.0,0
1280000_5048000,1280000.0,5048000.0,0
1290000_5048000,1290000.0,5048000.0,0
1300000_5048000,1300000.0,5048000.0,0
1310000_5048000,1310000.0,5048000.0,0
1320000_5048000,1320000.0,5048000.0,0
1330000_5048000,1330000.0,5048000.0,0
1340000_5048000,1340000.0,5048000.0,0
1350000_5048000,1350000.0,5048000.0,0
1360000_5048000,1360000.0,5048000.0,0
1370000_5048000,1370000.0,5048000.0,0
1380000_5048000,1380000.0,5048000.0,0
1390000_5048000,1390000.0,5048000.0,0
1400000_5048000,1400000.0,5048000.0,0
1410000_5048000,1410000.0,5048000.0,0
1420000_5048000,1420000.0,5048000.0,0
1430000_5048000,1430000.0,5048000.0,0
1440000_5048000,1440000.0,5048000.0,0
1450000_5048000,1450000.0,5048000.0,0
1190000_5058000,1190000.0,5058000.0,0
1200000_5058000,1200000.0,5058000.0,0
1210000_5058000,1210000.0,5058000.0,0
1220000_5058000,1220000.0,5058000.0,0
1230000_5058000,1230000.0,5058000.0,0
1240000_5058000,1240000.0,5058000.0,0
1250000_5058000,1250000.0,5058000.0,0
1260000_5058000,1260000.0,5058000.0,0
1270000_5058000,1270000.0,5058000.0,0
1280000_5058000,1280000.0,5058000.0,0
1290000_5058000,1290000.0,5058000.0,0
1300000_5058000,1300000.0,5058000.0,0
1310000_5058000,1310000.0,5058000.0,0
1320000_5058000,1320000.0,5058000.0,0
1330000_5058000,1330000.0,5058000.0,0
1340000_5058000,1340000.0,5058000.0,0
1350000_5058000,1350000.0,5058000.0,0
1360000_5058000,1360000.0,5058000.0,0
1370000_5058000,1370000.0,5058000.0,0
1380000_5058000,1380000.0,5058000.0,0
1390000_5058000,1390000.0,5058000.0,0
1400000_5058000,1400000.0,5058000.0,0
1410000_5058000,1410000.0,5058000.0,0
1420000_5058000,1420000.0,5058000.0,0
1430000_5058000,1430000.0,5058000.0,0
1440000_5058000,1440000.0,5058000.0,0
1450000_5058000,1450000.0,5058000.0,0
1200000_5068000,1200000.0,5068000.0,0
1210000_5068000,1210000.0,5068000.0,0
1220000_5068000,1220000.0,5068000.0,0
1230000_5068000,1230000.0,5068000.0,0
1240000_5068000,1240000.0,5068000.0,0
1250000_5068000,1250000.0,5068000.0,0
1260000_5068000,1260000.0,5068000.0,0
1270000_5068000,1270000.0,5068000.0,0
1280000_5068000,1280000.0,5068000.0,0
1290000_5068000,1290000.0,5068000.0,0
1300000_5068000,1300000.0,5068000.0,0
1310000_5068000,1310000.0,5068000.0,0
1320000_5068000,1320000.0,5068000.0,0
1330000_5068000,1330000.0,5068000.0,0
1340000_5068000,1340000.0,5068000.0,0
1350000_5068000,1350000.0,5068000.0,0
1360000_5068000,1360000.0,5068000.0,0
1370000_5068000,1370000.0,5068000.0,0
1380000_5068000,1380000.0,5068000.0,0
1390000_5068000,1390000.0,5068000.0,0
1400000_5068000,1400000.0,5068000.0,0
1410000_5068000,1410000.0,5068000.0,0
1420000_5068000,1420000.0,5068000.0,0
1430000_5068000,1430000.0,5068000.0,0
1440000_5068000,1440000.0,5068000.0,0
1450000_5068000,1450000.0,5068000.0,0
1210000_5078000,1210000.0,5078000.0,0
1220000_5078000,1220000.0,5078000.0,0
1230000_5078000,1230000.0,5078000.0,0
1240000_5078000,1240000.0,5078000.0,0
1250000_5078000,1250000.0,5078000.0,0
1260000_5078000,1260000.0,5078000.0,0
1270000_5078000,1270000.0,5078000.0,0
1280000_5078000,1280000.0,5078000.0,0
1290000_5078000,1290000.0,5078000.0,0
1300000_5078000,1300000.0,5078000.0,0
1310000_5078000,1310000.0,5078000.0,0
1320000_5078000,1320000.0,5078000.0,0
1330000_5078000,1330000.0,5078000.0,0
1340000_5078000,1340000.0,5078000.0,0
1350000_5078000,1350000.0,5078000.0,0
1360000_5078000,1360000.0,5078000.0,0
1370000_5078000,1370000.0,5078000.0,0
1380000_5078000,1380000.0,5078000.0,0
1390000_5078000,1390000.0,5078000.0,0
1400000_5078000,1400000.0,5078000.0,0
1410000_5078000,1410000.0,5078000.0,0
1420000_5078000,1420000.0,5078000.0,0
1430000_5078000,1430000.0,5078000.0,0
1440000_5078000,1440000.0,5078000.0,0
1450000_5078000,1450000.0,5078000.0,0
1460000_5078000,1460000.0,5078000.0,0
1210000_5088000,1210000.0,5088000.0,0
1220000_5088000,1220000.0,5088000.0,0
1230000_5088000,1230000.0,5088000.0,0
1240000_5088000,1240000.0,5088000.0,0
1250000_5088000,1250000.0,5088000.0,0
1260000_5088000,1260000.0,5088000.0,0
1270000_5088000,1270000.0,5088000.0,0
1280000_5088000,1280000.0,5088000.0,0
1290000_5088000,1290000.0,5088000.0,0
1300000_5088000,1300000.0,5088000.0,0
1310000_5088000,1310000.0,5088000.0,0
1320000_5088000,1320000.0,5088000.0,0
1330000_5088000,1330000.0,5088000.0,0
1340000_5088000,1340000.0,5088000.0,0
1350000_5088000,1350000.0,5088000.0,0
1360000_5088000,1360000.0,5088000.0,0
1370000_5088000,1370000.0,5088000.0,0
1380000_5088000,1380000.0,5088000.0,0
1390000_5088000,1390000.0,5088000.0,0
1400000_5088000,1400000.0,5088000.0,0
1410000_5088000,1410000.0,5088000.0,0
1420000_5088000,1420000.0,5088000.0,0
1430000_5088000,1430000.0,5088000.0,0
1440000_5088000,1440000.0,5088000.0,0
1450000_5088000,1450000.0,5088000.0,0
1460000_5088000,1460000.0,5088000.0,0
1220000_5098000,1220000.0,5098000.0,0
1230000_5098000,1230000.0,5098000.0,0
1240000_5098000,1240000.0,5098000.0,0
1250000_5098000,1250000.0,5098000.0,0
1260000_5098000,1260000.0,5098000.0,0
1270000_5098000,1270000.0,5098000.0,0
1280000_5098000,1280000.0,5098000.0,0
1290000_5098000,1290000.0,5098000.0,0
1300000_5098000,1300000.0,5098000.0,0
1310000_5098000,1310000.0,5098000.0,0
1320000_5098000,1320000.0,5098000.0,0
1330000_5098000,1330000.0,5098000.0,0
1340000_5098000,1340000.0,5098000.0,0
1350000_5098000,1350000.0,5098000.0,0
1360000_5098000,1360000.0,5098000.0,0
1370000_5098000,1370000.0,5098000.0,0
1380000_5098000,1380000.0,5098000.0,0
1390000_5098000,1390000.0,5098000.0,0
1400000_5098000,1400000.0,5098000.0,0
1410000_5098000,1410000.0,5098000.0,0
1420000_5098000,1420000.0,5098000.0,0
1430000_5098000,1430000.0,5098000.0,0
1440000_5098000,1440000.0,5098000.0,0
1450000_5098000,1450000.0,5098000.0,0
1460000_5098000,1460000.0,5098000.0,0
1470000_5098000,1470000.0,5098000.0,0
1230000_5108000,1230000.0,5108000.0,0
1240000_5108000,1240000.0,5108000.0,0
1250000_5108000,1250000.0,5108000.0,0
1260000_5108000,1260000.0,5108000.0,0
1270000_5108000,1270000.0,5108000.0,0
1280000_5108000,1280000.0,5108000.0,0
1290000_5108000,1290000.0,5108000.0,0
1300000_5108000,1300000.0,5108000.0,0
1310000_5108000,1310000.0,5108000.0,0
1320000_5108000,1320000.0,5108000.0,0
1330000_5108000,1330000.0,5108000.0,0
1340000_5108000,1340000.0,5108000.0,0
1350000_5108000,1350000.0,5108000.0,0
1360000_5108000,1360000.0,5108000.0,0
1370000_5108000,1370000.0,5108000.0,0
1380000_5108000,1380000.0,5108000.0,0
1390000_5108000,1390000.0,5108000.0,0
1400000_5108000,1400000.0,5108000.0,0
1410000_5108000,1410000.0,5108000.0,0
1420000_5108000,1420000.0,5108000.0,0
1430000_5108000,1430000.0,5108000.0,0
1440000_5108000,1440000.0,5108000.0,0
1450000_5108000,1450000.0,5108000.0,0
1460000_5108000,1460000.0,5108000.0,0
1470000_5108000,1470000.0,5108000.0,0
1480000_5108000,1480000.0,5108000.0,0
1240000_5118000,1240000.0,5118000.0,0
1250000_5118000,1250000.0,5118000.0,0
1260000_5118000,1260000.0,5118000.0,0
1270000_5118000,1270000.0,5118000.0,0
1280000_5118000,1280000.0,5118000.0,0
1290000_5118000,1290000.0,5118000.0,0
1300000_5118000,1300000.0,5118000.0,0
1310000_5118000,1310000.0,5118000.0,0
1320000_5118000,1320000.0,5118000.0,0
1330000_5118000,1330000.0,5118000.0,0
1340000_5118000,1340000.0,5118000.0,0
1350000_5118000,1350000.0,5118000.0,0
1360000_5118000,1360000.0,5118000.0,0
1370000_5118000,1370000.0,5118000.0,0
1380000_5118000,1380000.0,5118000.0,0
1390000_5118000,1390000.0,5118000.0,0
1400000_5118000,1400000.0,5118000.0,0
1410000_5118000,1410000.0,5118000.0,0
1420000_5118000,1420000.0,5118000.0,0
1430000_5118000,1430000.0,5118000.0,0
1440000_5118000,1440000.0,5118000.0,0
1450000_5118000,1450000.0,5118000.0,0
1460000_5118000,1460000.0,5118000.0,0
1470000_5118000,1470000.0,5118000.0,0
1480000_5118000,1480000.0,5118000.0,0
1490000_5118000,1490000.0,5118000.0,0
1270000_5128000,1270000.0,5128000.0,0
1280000_5128000,1280000.0,5128000.0,0
1290000_5128000,1290000.0,5128000.0,0
1300000_5128000,1300000.0,5128000.0,0
1310000_5128000,1310000.0,5128000.0,0
1320000_5128000,1320000.0,5128000.0,0
1330000_5128000,1330000.0,5128000.0,0
1340000_5128000,1340000.0,5128000.0,0
1350000_5128000,1350000.0,5128000.0,0
1360000_5128000,1360000.0,5128000.0,0
1370000_5128000,1370000.0,5128000.0,0
1380000_5128000,1380000.0,5128000.0,0
1390000_5128000,1390000.0,5128000.0,0
1400000_5128000,1400000.0,5128000.0,0
1410000_5128000,1410000.0,5128000.0,0
1420000_5128000,1420000.0,5128000.0,0
1430000_5128000,1430000.0,5128000.0,0
1440000_5128000,1440000.0,5128000.0,0
1450000_5128000,1450000.0,5128000.0,0
1460000_5128000,1460000.0,5128000.0,0
1470000_5128000,1470000.0,5128000.0,0
1480000_5128000,1480000.0,5128000.0,0
1490000_5128000,1490000.0,5128000.0,0
1500000_5128000,1500000.0,5128000.0,0
1510000_5128000,1510000.0,5128000.0,0
1290000_5138000,1290000.0,5138000.0,0
1300000_5138000,1300000.0,5138000.0,0
1310000_5138000,1310000.0,5138000.0,0
1320000_5138000,1320000.0,5138000.0,0
1330000_5138000,1330000.0,5138000.0,0
1340000_5138000,1340000.0,5138000.0,0
1350000_5138000,1350000.0,5138000.0,0
1360000_5138000,1360000.0,5138000.0,0
1370000_5138000,1370000.0,5138000.0,0
1380000_5138000,1380000.0,5138000.0,0
1390000_5138000,1390000.0,5138000.0,0
1400000_5138000,1400000.0,5138000.0,0
1410000_5138000,1410000.0,5138000.0,0
1420000_5138000,1420000.0,5138000.0,0
1430000_5138000,1430000.0,5138000.0,0
1440000_5138000,1440000.0,5138000.0,0
1450000_5138000,1450000.0,5138000.0,0
1460000_5138000,1460000.0,5138000.0,0
1470000_5138000,1470000.0,5138000.0,0
1480000_5138000,1480000.0,5138000.0,0
1490000_5138000,1490000.0,5138000.0,0
1500000_5138000,1500000.0,5138000.0,0
1510000_5138000,1510000.0,5138000.0,0
1520000_5138000,1520000.0,5138000.0,0
1530000_5138000,1530000.0,5138000.0,0
1290000_5148000,1290000.0,5148000.0,0
1300000_5148000,1300000.0,5148000.0,0
1310000_5148000,1310000.0,5148000.0,0
1320000_5148000,1320000.0,5148000.0,0
1330000_5148000,1330000.0,5148000.0,0
1340000_5148000,1340000.0,5148000.0,0
1350000_5148000,1350000.0,5148000.0,0
1360000_5148000,1360000.0,5148000.0,0
1370000_5148000,1370000.0,5148000.0,0
1380000_5148000,1380000.0,5148000.0,0
1390000_5148000,1390000.0,5148000.0,0
1400000_5148000,1400000.0,5148000.0,0
1410000_5148000,1410000.0,5148000.0,0
1420000_5148000,1420000.0,5148000.0,0
1430000_5148000,1430000.0,5148000.0,0
1440000_5148000,1440000.0,5148000.0,0
1450000_5148000,1450000.0,5148000.0,0
1460000_5148000,1460000.0,5148000.0,0
1470000_5148000,1470000.0,5148000.0,0
1480000_5148000,1480000.0,5148000.0,0
1490000_5148000,1490000.0,5148000.0,0
1500000_5148000,1500000.0,5148000.0,0
1510000_5148000,1510000.0,5148000.0,0
1520000_5148000,1520000.0,5148000.0,0
1530000_5148000,1530000.0,5148000.0,0
1540000_5148000,1540000.0,5148000.0,0
1550000_5148000,1550000.0,5148000.0,0
1560000_5148000,1560000.0,5148000.0,0
1570000_5148000,1570000.0,5148000.0,0
1580000_5148000,1580000.0,5148000.0,0
1590000_5148000,1590000.0,5148000.0,0
1600000_5148000,1600000.0,5148000.0,0
1310000_5158000,1310000.0,5158000.0,0
1320000_5158000,1320000.0,5158000.0,0
1330000_5158000,1330000.0,5158000.0,0
1340000_5158000,1340000.0,5158000.0,0
1350000_5158000,1350000.0,5158000.0,0
1360000_5158000,1360000.0,5158000.0,0
1370000_5158000,1370000.0,5158000.0,0
1380000_5158000,1380000.0,5158000.0,0
1390000_5158000,1390000.0,5158000.0,0
1400000_5158000,1400000.0,5158000.0,0
1410000_5158000,1410000.0,5158000.0,0
1420000_5158000,1420000.0,5158000.0,0
1430000_5158000,1430000.0,5158000.0,0
1440000_5158000,1440000.0,5158000.0,0
1450000_5158000,1450000.0,5158000.0,0
1460000_5158000,1460000.0,5158000.0,0
1470000_5158000,1470000.0,5158000.0,0
1480000_5158000,1480000.0,5158000.0,0
1490000_5158000,1490000.0,5158000.0,0
1500000_5158000,1500000.0,5158000.0,0
1510000_5158000,1510000.0,5158000.0,0
1520000_5158000,1520000.0,5158000.0,0
1530000_5158000,1530000.0,5158000.0,0
1540000_5158000,1540000.0,5158000.0,0
1550000_5158000,1550000.0,5158000.0,0
1560000_5158000,1560000.0,5158000.0,0
1570000_5158000,1570000.0,5158000.0,0
1580000_5158000,1580000.0,5158000.0,0
1590000_5158000,1590000.0,5158000.0,0
1600000_5158000,1600000.0,5158000.0,0
1330000_5168000,1330000.0,5168000.0,0
1340000_5168000,1340000.0,5168000.0,0
1350000_5168000,1350000.0,5168000.0,0
1360000_5168000,1360000.0,5168000.0,0
1370000_5168000,1370000.0,5168000.0,0
1380000_5168000,1380000.0,5168000.0,0
1390000_5168000,1390000.0,5168000.0,0
1400000_5168000,1400000.0,5168000.0,0
1410000_5168000,1410000.0,5168000.0,0
1420000_5168000,1420000.0,5168000.0,0
1430000_5168000,1430000.0,5168000.0,0
1440000_5168000,1440000.0,5168000.0,0
1450000_5168000,1450000.0,5168000.0,0
1460000_5168000,1460000.0,5168000.0,0
1470000_5168000,1470000.0,5168000.0,0
1480000_5168000,1480000.0,5168000.0,0
1490000_5168000,1490000.0,5168000.0,0
1500000_5168000,1500000.0,5168000.0,0
1510000_5168000,1510000.0,5168000.0,0
1520000_5168000,1520000.0,5168000.0,0
1530000_5168000,1530000.0,5168000.0,0
1540000_5168000,1540000.0,5168000.0,0
1550000_5168000,1550000.0,5168000.0,0
1560000_5168000,1560000.0,5168000.0,0
1570000_5168000,1570000.0,5168000.0,0
1580000_5168000,1580000.0,5168000.0,0
1590000_5168000,1590000.0,5168000.0,0
1340000_5178000,1340000.0,5178000.0,0
1350000_5178000,1350000.0,5178000.0,0
1360000_5178000,1360000.0,5178000.0,0
1370000_5178000,1370000.0,5178000.0,0
1380000_5178000,1380000.0,5178000.0,0
1390000_5178000,1390000.0,5178000.0,0
1400000_5178000,1400000.0,5178000.0,0
1410000_5178000,1410000.0,5178000.0,0
1420000_5178000,1420000.0,5178000.0,0
1430000_5178000,1430000.0,5178000.0,0
1440000_5178000,1440000.0,5178000.0,0
1450000_5178000,1450000.0,5178000.0,0
1460000_5178000,1460000.0,5178000.0,0
1470000_5178000,1470000.0,5178000.0,0
1480000_5178000,1480000.0,5178000.0,0
1490000_5178000,1490000.0,5178000.0,0
1500000_5178000,1500000.0,5178000.0,0
1510000_5178000,1510000.0,5178000.0,0
1520000_5178000,1520000.0,5178000.0,0
1530000_5178000,1530000.0,5178000.0,0
1540000_5178000,1540000.0,5178000.0,0
1550000_5178000,1550000.0,5178000.0,0
1560000_5178000,1560000.0,5178000.0,0
1570000_5178000,1570000.0,5178000.0,0
1350000_5188000,1350000.0,5188000.0,0
1360000_5188000,1360000.0,5188000.0,0
1370000_5188000,1370000.0,5188000.0,0
1380000_5188000,1380000.0,5188000.0,0
1390000_5188000,1390000.0,5188000.0,0
1400000_5188000,1400000.0,5188000.0,0
1410000_5188000,1410000.0,5188000.0,0
1420000_5188000,1420000.0,5188000.0,0
1430000_5188000,1430000.0,5188000.0,0
1440000_5188000,1440000.0,5188000.0,0
1450000_5188000,1450000.0,5188000.0,0
1460000_5188000,1460000.0,5188000.0,0
1470000_5188000,1470000.0,5188000.0,0
1480000_5188000,1480000.0,5188000.0,0
1490000_5188000,1490000.0,5188000.0,0
1500000_5188000,1500000.0,5188000.0,0
1510000_5188000,1510000.0,5188000.0,0
1520000_5188000,1520000.0,5188000.0,0
1530000_5188000,1530000.0,5188000.0,0
1540000_5188000,1540000.0,5188000.0,0
1550000_5188000,1550000.0,5188000.0,0
1560000_5188000,1560000.0,5188000.0,0
1570000_5188000,1570000.0,5188000.0,0
1360000_5198000,1360000.0,5198000.0,0
1370000_5198000,1370000.0,5198000.0,0
1380000_5198000,1380000.0,5198000.0,0
1390000_5198000,1390000.0,5198000.0,0
1400000_5198000,1400000.0,5198000.0,0
1410000_5198000,1410000.0,5198000.0,0
1420000_5198000,1420000.0,5198000.0,0
1430000_5198000,1430000.0,5198000.0,0
1440000_5198000,1440000.0,5198000.0,0
1450000_5198000,1450000.0,5198000.0,0
1460000_5198000,1460000.0,5198000.0,0
1470000_5198000,1470000.0,5198000.0,0
1480000_5198000,1480000.0,5198000.0,0
1490000_5198000,1490000.0,5198000.0,0
1500000_5198000,1500000.0,5198000.0,0
1510000_5198000,1510000.0,5198000.0,0
1520000_5198000,1520000.0,5198000.0,0
1530000_5198000,1530000.0,5198000.0,0
1540000_5198000,1540000.0,5198000.0,0
1550000_5198000,1550000.0,5198000.0,0
1560000_5198000,1560000.0,5198000.0,0
1570000_5198000,1570000.0,5198000.0,0
1370000_5208000,1370000.0,5208000.0,0
1380000_5208000,1380000.0,5208000.0,0
1390000_5208000,1390000.0,5208000.0,0
1400000_5208000,1400000.0,5208000.0,0
1410000_5208000,1410000.0,5208000.0,0
1420000_5208000,1420000.0,5208000.0,0
1430000_5208000,1430000.0,5208000.0,0
1440000_5208000,1440000.0,5208000.0,0
1450000_5208000,1450000.0,5208000.0,0
1460000_5208000,1460000.0,5208000.0,0
1470000_5208000,1470000.0,5208000.0,0
1480000_5208000,1480000.0,5208000.0,0
1490000_5208000,1490000.0,5208000.0,0
1500000_5208000,1500000.0,5208000.0,0
1510000_5208000,1510000.0,5208000.0,0
1520000_5208000,1520000.0,5208000.0,0
1530000_5208000,1530000.0,5208000.0,0
1540000_5208000,1540000.0,5208000.0,0
1550000_5208000,1550000.0,5208000.0,0
1560000_5208000,1560000.0,5208000.0,0
1570000_5208000,1570000.0,5208000.0,0
1380000_5218000,1380000.0,5218000.0,0
1390000_5218000,1390000.0,5218000.0,0
1400000_5218000,1400000.0,5218000.0,0
1410000_5218000,1410000.0,5218000.0,0
1420000_5218000,1420000.0,5218000.0,0
1430000_5218000,1430000.0,5218000.0,0
1440000_5218000,1440000.0,5218000.0,0
1450000_5218000,1450000.0,5218000.0,0
1460000_5218000,1460000.0,5218000.0,0
1470000_5218000,1470000.0,5218000.0,0
1480000_5218000,1480000.0,5218000.0,0
1490000_5218000,1490000.0,5218000.0,0
1500000_5218000,1500000.0,5218000.0,0
1510000_5218000,1510000.0,5218000.0,0
1520000_5218000,1520000.0,5218000.0,0
1530000_5218000,1530000.0,5218000.0,0
1540000_5218000,1540000.0,5218000.0,0
1550000_5218000,1550000.0,5218000.0,0
1560000_5218000,1560000.0,5218000.0,0
1570000_5218000,1570000.0,5218000.0,0
1580000_5218000,1580000.0,5218000.0,0
1390000_5228000,1390000.0,5228000.0,0
1400000_5228000,1400000.0,5228000.0,0
1410000_5228000,1410000.0,5228000.0,0
1420000_5228000,1420000.0,5228000.0,0
1430000_5228000,1430000.0,5228000.0,0
1440000_5228000,1440000.0,5228000.0,0
1450000_5228000,1450000.0,5228000.0,0
1460000_5228000,1460000.0,5228000.0,0
1470000_5228000,1470000.0,5228000.0,0
1480000_5228000,1480000.0,5228000.0,0
1490000_5228000,1490000.0,5228000.0,0
1500000_5228000,1500000.0,5228000.0,0
1510000_5228000,1510000.0,5228000.0,0
1520000_5228000,1520000.0,5228000.0,0
1530000_5228000,1530000.0,5228000.0,0
1540000_5228000,1540000.0,5228000.0,0
1550000_5228000,1550000.0,5228000.0,0
1560000_5228000,1560000.0,5228000.0,0
1570000_5228000,1570000.0,5228000.0,0
1580000_5228000,1580000.0,5228000.0,0
1590000_5228000,1590000.0,5228000.0,0
1410000_5238000,1410000.0,5238000.0,0
1420000_5238000,1420000.0,5238000.0,0
1430000_5238000,1430000.0,5238000.0,0
1440000_5238000,1440000.0,5238000.0,0
1450000_5238000,1450000.0,5238000.0,0
1460000_5238000,1460000.0,5238000.0,0
1470000_5238000,1470000.0,5238000.0,0
1480000_5238000,1480000.0,5238000.0,0
1490000_5238000,1490000.0,5238000.0,0
1500000_5238000,1500000.0,5238000.0,0
1510000_5238000,1510000.0,5238000.0,0
1520000_5238000,1520000.0,5238000.0,0
1530000_5238000,1530000.0,5238000.0,0
1540000_5238000,1540000.0,5238000.0,0
1550000_5238000,1550000.0,5238000.0,0
1560000_5238000,1560000.0,5238000.0,0
1570000_5238000,1570000.0,5238000.0,0
1580000_5238000,1580000.0,5238000.0,0
1590000_5238000,1590000.0,5238000.0,0
1600000_5238000,1600000.0,5238000.0,0
1420000_5248000,1420000.0,5248000.0,0
1430000_5248000,1430000.0,5248000.0,0
1440000_5248000,1440000.0,5248000.0,0
1450000_5248000,1450000.0,5248000.0,0
1460000_5248000,1460000.0,5248000.0,0
1470000_5248000,1470000.0,5248000.0,0
1480000_5248000,1480000.0,5248000.0,0
1490000_5248000,1490000.0,5248000.0,0
1500000_5248000,1500000.0,5248000.0,0
1510000_5248000,1510000.0,5248000.0,0
1520000_5248000,1520000.0,5248000.0,0
1530000_5248000,1530000.0,5248000.0,0
1540000_5248000,1540000.0,5248000.0,0
1550000_5248000,1550000.0,5248000.0,0
1560000_5248000,1560000.0,5248000.0,0
1570000_5248000,1570000.0,5248000.0,0
1580000_5248000,1580000.0,5248000.0,0
1590000_5248000,1590000.0,5248000.0,0
1600000_5248000,1600000.0,5248000.0,0
1610000_5248000,1610000.0,5248000.0,0
1620000_5248000,1620000.0,5248000.0,0
1430000_5258000,1430000.0,5258000.0,0
1440000_5258000,1440000.0,5258000.0,0
1450000_5258000,1450000.0,5258000.0,0
1460000_5258000,1460000.0,5258000.0,0
1470000_5258000,1470000.0,5258000.0,0
1480000_5258000,1480000.0,5258000.0,0
1490000_5258000,1490000.0,5258000.0,0
1500000_5258000,1500000.0,5258000.0,0
1510000_5258000,1510000.0,5258000.0,0
1520000_5258000,1520000.0,5258000.0,0
1530000_5258000,1530000.0,5258000.0,0
1540000_5258000,1540000.0,5258000.0,0
1550000_5258000,1550000.0,5258000.0,0
1560000_5258000,1560000.0,5258000.0,0
1570000_5258000,1570000.0,5258000.0,0
1580000_5258000,1580000.0,5258000.0,0
1590000_5258000,1590000.0,5258000.0,0
1600000_5258000,1600000.0,5258000.0,0
1610000_5258000,1610000.0,5258000.0,0
1620000_5258000,1620000.0,5258000.0,0
1440000_5268000,1440000.0,5268000.0,0
1450000_5268000,1450000.0,5268000.0,0
1460000_5268000,1460000.0,5268000.0,0
1470000_5268000,1470000.0,5268000.0,0
1480000_5268000,1480000.0,5268000.0,0
1490000_5268000,1490000.0,5268000.0,0
1500000_5268000,1500000.0,5268000.0,0
1510000_5268000,1510000.0,5268000.0,0
1520000_5268000,1520000.0,5268000.0,0
1530000_5268000,1530000.0,5268000.0,0
1540000_5268000,1540000.0,5268000.0,0
1550000_5268000,1550000.0,5268000.0,0
1560000_5268000,1560000.0,5268000.0,0
1570000_5268000,1570000.0,5268000.0,0
1580000_5268000,1580000.0,5268000.0,0
1590000_5268000,1590000.0,5268000.0,0
1600000_5268000,1600000.0,5268000.0,0
1610000_5268000,1610000.0,5268000.0,0
1620000_5268000,1620000.0,5268000.0,0
1630000_5268000,1630000.0,5268000.0,0
1450000_5278000,1450000.0,5278000.0,0
1460000_5278000,1460000.0,5278000.0,0
1470000_5278000,1470000.0,5278000.0,0
1480000_5278000,1480000.0,5278000.0,0
1490000_5278000,1490000.0,5278000.0,0
1500000_5278000,1500000.0,5278000.0,0
1510000_5278000,1510000.0,5278000.0,0
1520000_5278000,1520000.0,5278000.0,0
1530000_5278000,1530000.0,5278000.0,0
1540000_5278000,1540000.0,5278000.0,0
1550000_5278000,1550000.0,5278000.0,0
1560000_5278000,1560000.0,5278000.0,0
1570000_5278000,1570000.0,5278000.0,0
1580000_5278000,1580000.0,5278000.0,0
1590000_5278000,1590000.0,5278000.0,0
1600000_5278000,1600000.0,5278000.0,0
1610000_5278000,1610000.0,5278000.0,0
1620000_5278000,1620000.0,5278000.0,0
1630000_5278000,1630000.0,5278000.0,0
1450000_5288000,1450000.0,5288000.0,0
1460000_5288000,1460000.0,5288000.0,0
1470000_5288000,1470000.0,5288000.0,0
1480000_5288000,1480000.0,5288000.0,0
1490000_5288000,1490000.0,5288000.0,0
1500000_5288000,1500000.0,5288000.0,0
1510000_5288000,1510000.0,5288000.0,0
1520000_5288000,1520000.0,5288000.0,0
1530000_5288000,1530000.0,5288000.0,0
1540000_5288000,1540000.0,5288000.0,0
1550000_5288000,1550000.0,5288000.0,0
1560000_5288000,1560000.0,5288000.0,0
1570000_5288000,1570000.0,5288000.0,0
1580000_5288000,1580000.0,5288000.0,0
1590000_5288000,1590000.0,5288000.0,0
1600000_5288000,1600000.0,5288000.0,0
1610000_5288000,1610000.0,5288000.0,0
1620000_5288000,1620000.0,5288000.0,0
1630000_5288000,1630000.0,5288000.0,0
1640000_5288000,1640000.0,5288000.0,0
1460000_5298000,1460000.0,5298000.0,0
1470000_5298000,1470000.0,5298000.0,0
1480000_5298000,1480000.0,5298000.0,0
1490000_5298000,1490000.0,5298000.0,0
1500000_5298000,1500000.0,5298000.0,0
1510000_5298000,1510000.0,5298000.0,0
1520000_5298000,1520000.0,5298000.0,0
1530000_5298000,1530000.0,5298000.0,0
1540000_5298000,1540000.0,5298000.0,0
1550000_5298000,1550000.0,5298000.0,0
1560000_5298000,1560000.0,5298000.0,0
1570000_5298000,1570000.0,5298000.0,0
1580000_5298000,1580000.0,5298000.0,0
1590000_5298000,1590000.0,5298000.0,0
1600000_5298000,1600000.0,5298000.0,0
1610000_5298000,1610000.0,5298000.0,0
1620000_5298000,1620000.0,5298000.0,0
1630000_5298000,1630000.0,5298000.0,0
1640000_5298000,1640000.0,5298000.0,0
1460000_5308000,1460000.0,5308000.0,0
1470000_5308000,1470000.0,5308000.0,0
1480000_5308000,1480000.0,5308000.0,0
1490000_5308000,1490000.0,5308000.0,0
1500000_5308000,1500000.0,5308000.0,0
1510000_5308000,1510000.0,5308000.0,0
1520000_5308000,1520000.0,5308000.0,0
1530000_5308000,1530000.0,5308000.0,0
1540000_5308000,1540000.0,5308000.0,0
1550000_5308000,1550000.0,5308000.0,0
1560000_5308000,1560000.0,5308000.0,0
1570000_5308000,1570000.0,5308000.0,0
1580000_5308000,1580000.0,5308000.0,0
1590000_5308000,1590000.0,5308000.0,0
1600000_5308000,1600000.0,5308000.0,0
1610000_5308000,1610000.0,5308000.0,0
1620000_5308000,1620000.0,5308000.0,0
1630000_5308000,1630000.0,5308000.0,0
1640000_5308000,1640000.0,5308000.0,0
1650000_5308000,1650000.0,5308000.0,0
1460000_5318000,1460000.0,5318000.0,0
1470000_5318000,1470000.0,5318000.0,0
1480000_5318000,1480000.0,5318000.0,0
1490000_5318000,1490000.0,5318000.0,0
1500000_5318000,1500000.0,5318000.0,0
1510000_5318000,1510000.0,5318000.0,0
1520000_5318000,1520000.0,5318000.0,0
1530000_5318000,1530000.0,5318000.0,0
1540000_5318000,1540000.0,5318000.0,0
1550000_5318000,1550000.0,5318000.0,0
1560000_5318000,1560000.0,5318000.0,0
1570000_5318000,1570000.0,5318000.0,0
1580000_5318000,1580000.0,5318000.0,0
1590000_5318000,1590000.0,5318000.0,0
1600000_5318000,1600000.0,5318000.0,0
1610000_5318000,1610000.0,5318000.0,0
1620000_5318000,1620000.0,5318000.0,0
1630000_5318000,1630000.0,5318000.0,0
1640000_5318000,1640000.0,5318000.0,0
1650000_5318000,1650000.0,5318000.0,0
1660000_5318000,1660000.0,5318000.0,0
1470000_5328000,1470000.0,5328000.0,0
1480000_5328000,1480000.0,5328000.0,0
1490000_5328000,1490000.0,5328000.0,0
1500000_5328000,1500000.0,5328000.0,0
1510000_5328000,1510000.0,5328000.0,0
1520000_5328000,1520000.0,5328000.0,0
1530000_5328000,1530000.0,5328000.0,0
1540000_5328000,1540000.0,5328000.0,0
1550000_5328000,1550000.0,5328000.0,0
1560000_5328000,1560000.0,5328000.0,0
1570000_5328000,1570000.0,5328000.0,0
1580000_5328000,1580000.0,5328000.0,0
1590000_5328000,1590000.0,5328000.0,0
1600000_5328000,1600000.0,5328000.0,0
1610000_5328000,1610000.0,5328000.0,0
1620000_5328000,1620000.0,5328000.0,0
1630000_5328000,1630000.0,5328000.0,0
1640000_5328000,1640000.0,5328000.0,0
1650000_5328000,1650000.0,5328000.0,0
1660000_5328000,1660000.0,5328000.0,0
1670000_5328000,1670000.0,5328000.0,0
1470000_5338000,1470000.0,5338000.0,0
1480000_5338000,1480000.0,5338000.0,0
1490000_5338000,1490000.0,5338000.0,0
1500000_5338000,1500000.0,5338000.0,0
1510000_5338000,1510000.0,5338000.0,0
1520000_5338000,1520000.0,5338000.0,0
1530000_5338000,1530000.0,5338000.0,0
1540000_5338000,1540000.0,5338000.0,0
1550000_5338000,1550000.0,5338000.0,0
1560000_5338000,1560000.0,5338000.0,0
1570000_5338000,1570000.0,5338000.0,0
1580000_5338000,1580000.0,5338000.0,0
1590000_5338000,1590000.0,5338000.0,0
1600000_5338000,1600000.0,5338000.0,0
1610000_5338000,1610000.0,5338000.0,0
1620000_5338000,1620000.0,5338000.0,0
1630000_5338000,1630000.0,5338000.0,0
1640000_5338000,1640000.0,5338000.0,0
1650000_5338000,1650000.0,5338000.0,0
1660000_5338000,1660000.0,5338000.0,0
1670000_5338000,1670000.0,5338000.0,0
1470000_5348000,1470000.0,5348000.0,0
1480000_5348000,1480000.0,5348000.0,0
1490000_5348000,1490000.0,5348000.0,0
1500000_5348000,1500000.0,5348000.0,0
1510000_5348000,1510000.0,5348000.0,0
1520000_5348000,1520000.0,5348000.0,0
1530000_5348000,1530000.0,5348000.0,0
1540000_5348000,1540000.0,5348000.0,0
1550000_5348000,1550000.0,5348000.0,0
1560000_5348000,1560000.0,5348000.0,0
1570000_5348000,1570000.0,5348000.0,0
1580000_5348000,1580000.0,5348000.0,0
1590000_5348000,1590000.0,5348000.0,0
1600000_5348000,1600000.0,5348000.0,0
1610000_5348000,1610000.0,5348000.0,0
1620000_5348000,1620000.0,5348000.0,0
1630000_5348000,1630000.0,5348000.0,0
1640000_5348000,1640000.0,5348000.0,0
1650000_5348000,1650000.0,5348000.0,0
1660000_5348000,1660000.0,5348000.0,0
1670000_5348000,1670000.0,5348000.0,0
1680000_5348000,1680000.0,5348000.0,0
1470000_5358000,1470000.0,5358000.0,0
1480000_5358000,1480000.0,5358000.0,0
1490000_5358000,1490000.0,5358000.0,0
1500000_5358000,1500000.0,5358000.0,0
1510000_5358000,1510000.0,5358000.0,0
1520000_5358000,1520000.0,5358000.0,0
1530000_5358000,1530000.0,5358000.0,0
1540000_5358000,1540000.0,5358000.0,0
1550000_5358000,1550000.0,5358000.0,0
1560000_5358000,1560000.0,5358000.0,0
1570000_5358000,1570000.0,5358000.0,0
1580000_5358000,1580000.0,5358000.0,0
1590000_5358000,1590000.0,5358000.0,0
1600000_5358000,1600000.0,5358000.0,0
1610000_5358000,1610000.0,5358000.0,0
1620000_5358000,1620000.0,5358000.0,0
1630000_5358000,1630000.0,5358000.0,0
1640000_5358000,1640000.0,5358000.0,0
1650000_5358000,1650000.0,5358000.0,0
1660000_5358000,1660000.0,5358000.0,0
1670000_5358000,1670000.0,5358000.0,0
1680000_5358000,1680000.0,5358000.0,0
1690000_5358000,1690000.0,5358000.0,0
1480000_5368000,1480000.0,5368000.0,0
1490000_5368000,1490000.0,5368000.0,0
1500000_5368000,1500000.0,5368000.0,0
1510000_5368000,1510000.0,5368000.0,0
1520000_5368000,1520000.0,5368000.0,0
1530000_5368000,1530000.0,5368000.0,0
1540000_5368000,1540000.0,5368000.0,0
1550000_5368000,1550000.0,5368000.0,0
1560000_5368000,1560000.0,5368000.0,0
1570000_5368000,1570000.0,5368000.0,0
1580000_5368000,1580000.0,5368000.0,0
1590000_5368000,1590000.0,5368000.0,0
1600000_5368000,1600000.0,5368000.0,0
1610000_5368000,1610000.0,5368000.0,0
1620000_5368000,1620000.0,5368000.0,0
1630000_5368000,1630000.0,5368000.0,0
1640000_5368000,1640000.0,5368000.0,0
1650000_5368000,1650000.0,5368000.0,0
1660000_5368000,1660000.0,5368000.0,0
1670000_5368000,1670000.0,5368000.0,0
1680000_5368000,1680000.0,5368000.0,0
1690000_5368000,1690000.0,5368000.0,0
1490000_5378000,1490000.0,5378000.0,0
1500000_5378000,1500000.0,5378000.0,0
1510000_5378000,1510000.0,5378000.0,0
1520000_5378000,1520000.0,5378000.0,0
1530000_5378000,1530000.0,5378000.0,0
1540000_5378000,1540000.0,5378000.0,0
1550000_5378000,1550000.0,5378000.0,0
1560000_5378000,1560000.0,5378000.0,0
1570000_5378000,1570000.0,5378000.0,0
1580000_5378000,1580000.0,5378000.0,0
1590000_5378000,1590000.0,5378000.0,0
1600000_5378000,1600000.0,5378000.0,0
1610000_5378000,1610000.0,5378000.0,0
1620000_5378000,1620000.0,5378000.0,0
1630000_5378000,1630000.0,5378000.0,0
1640000_5378000,1640000.0,5378000.0,0
1650000_5378000,1650000.0,5378000.0,0
1660000_5378000,1660000.0,5378000.0,0
1670000_5378000,1670000.0,5378000.0,0
1680000_5378000,1680000.0,5378000.0,0
1690000_5378000,1690000.0,5378000.0,0
1700000_5378000,1700000.0,5378000.0,0
1510000_5388000,1510000.0,5388000.0,0
1520000_5388000,1520000.0,5388000.0,0
1530000_5388000,1530000.0,5388000.0,0
1540000_5388000,1540000.0,5388000.0,0
1550000_5388000,1550000.0,5388000.0,0
1560000_5388000,1560000.0,5388000.0,0
1570000_5388000,1570000.0,5388000.0,0
1580000_5388000,1580000.0,5388000.0,0
1590000_5388000,1590000.0,5388000.0,0
1600000_5388000,1600000.0,5388000.0,0
1610000_5388000,1610000.0,5388000.0,0
1620000_5388000,1620000.0,5388000.0,0
1630000_5388000,1630000.0,5388000.0,0
1640000_5388000,1640000.0,5388000.0,0
1650000_5388000,1650000.0,5388000.0,0
1660000_5388000,1660000.0,5388000.0,0
1670000_5388000,1670000.0,5388000.0,0
1680000_5388000,1680000.0,5388000.0,0
1690000_5388000,1690000.0,5388000.0,0
1510000_5398000,1510000.0,5398000.0,0
1520000_5398000,1520000.0,5398000.0,0
1530000_5398000,1530000.0,5398000.0,0
1540000_5398000,1540000.0,5398000.0,0
1550000_5398000,1550000.0,5398000.0,0
1560000_5398000,1560000.0,5398000.0,0
1570000_5398000,1570000.0,5398000.0,0
1580000_5398000,1580000.0,5398000.0,0
1590000_5398000,1590000.0,5398000.0,0
1600000_5398000,1600000.0,5398000.0,0
1610000_5398000,1610000.0,5398000.0,0
1620000_5398000,1620000.0,5398000.0,0
1630000_5398000,1630000.0,5398000.0,0
1640000_5398000,1640000.0,5398000.0,0
1650000_5398000,1650000.0,5398000.0,0
1660000_5398000,1660000.0,5398000.0,0
1670000_5398000,1670000.0,5398000.0,0
1680000_5398000,1680000.0,5398000.0,0
1690000_5398000,1690000.0,5398000.0,0
1790000_5398000,1790000.0,5398000.0,0
1800000_5398000,1800000.0,5398000.0,0
1520000_5408000,1520000.0,5408000.0,0
1530000_5408000,1530000.0,5408000.0,0
1540000_5408000,1540000.0,5408000.0,0
1550000_5408000,1550000.0,5408000.0,0
1560000_5408000,1560000.0,5408000.0,0
1570000_5408000,1570000.0,5408000.0,0
1580000_5408000,1580000.0,5408000.0,0
1590000_5408000,1590000.0,5408000.0,0
1600000_5408000,1600000.0,5408000.0,0
1610000_5408000,1610000.0,5408000.0,0
1620000_5408000,1620000.0,5408000.0,0
1630000_5408000,1630000.0,5408000.0,0
1640000_5408000,1640000.0,5408000.0,0
1650000_5408000,1650000.0,5408000.0,0
1660000_5408000,1660000.0,5408000.0,0
1670000_5408000,1670000.0,5408000.0,0
1680000_5408000,1680000.0,5408000.0,0
1790000_5408000,1790000.0,5408000.0,0
1800000_5408000,1800000.0,5408000.0,0
1810000_5408000,1810000.0,5408000.0,0
1820000_5408000,1820000.0,5408000.0,0
1530000_5418000,1530000.0,5418000.0,0
1540000_5418000,1540000.0,5418000.0,0
1550000_5418000,1550000.0,5418000.0,0
1560000_5418000,1560000.0,5418000.0,0
1570000_5418000,1570000.0,5418000.0,0
1580000_5418000,1580000.0,5418000.0,0
1590000_5418000,1590000.0,5418000.0,0
1600000_5418000,1600000.0,5418000.0,0
1610000_5418000,1610000.0,5418000.0,0
1620000_5418000,1620000.0,5418000.0,0
1630000_5418000,1630000.0,5418000.0,0
1640000_5418000,1640000.0,5418000.0,0
1650000_5418000,1650000.0,5418000.0,0
1660000_5418000,1660000.0,5418000.0,0
1670000_5418000,1670000.0,5418000.0,0
1680000_5418000,1680000.0,5418000.0,0
1760000_5418000,1760000.0,5418000.0,0
1770000_5418000,1770000.0,5418000.0,0
1780000_5418000,1780000.0,5418000.0,0
1790000_5418000,1790000.0,5418000.0,0
1800000_5418000,1800000.0,5418000.0,0
1810000_5418000,1810000.0,5418000.0,0
1820000_5418000,1820000.0,5418000.0,0
1830000_5418000,1830000.0,5418000.0,0
1530000_5428000,1530000.0,5428000.0,0
1540000_5428000,1540000.0,5428000.0,0
1550000_5428000,1550000.0,5428000.0,0
1560000_5428000,1560000.0,5428000.0,0
1570000_5428000,1570000.0,5428000.0,0
1580000_5428000,1580000.0,5428000.0,0
1590000_5428000,1590000.0,5428000.0,0
1600000_5428000,1600000.0,5428000.0,0
1610000_5428000,1610000.0,5428000.0,0
1620000_5428000,1620000.0,5428000.0,0
1630000_5428000,1630000.0,5428000.0,0
1640000_5428000,1640000.0,5428000.0,0
1650000_5428000,1650000.0,5428000.0,0
1660000_5428000,1660000.0,5428000.0,0
1670000_5428000,1670000.0,5428000.0,0
1680000_5428000,1680000.0,5428000.0,0
1690000_5428000,1690000.0,5428000.0,0
1700000_5428000,1700000.0,5428000.0,0
1740000_5428000,1740000.0,5428000.0,0
1760000_5428000,1760000.0,5428000.0,0
1770000_5428000,1770000.0,5428000.0,0
1780000_5428000,1780000.0,5428000.0,0
1790000_5428000,1790000.0,5428000.0,0
1800000_5428000,1800000.0,5428000.0,0
1810000_5428000,1810000.0,5428000.0,0
1820000_5428000,1820000.0,5428000.0,0
1830000_5428000,1830000.0,5428000.0,0
1840000_5428000,1840000.0,5428000.0,0
1530000_5438000,1530000.0,5438000.0,0
1540000_5438000,1540000.0,5438000.0,0
1550000_5438000,1550000.0,5438000.0,0
1560000_5438000,1560000.0,5438000.0,0
1570000_5438000,1570000.0,5438000.0,0
1580000_5438000,1580000.0,5438000.0,0
1590000_5438000,1590000.0,5438000.0,0
1600000_5438000,1600000.0,5438000.0,0
1630000_5438000,1630000.0,5438000.0,0
1640000_5438000,1640000.0,5438000.0,0
1650000_5438000,1650000.0,5438000.0,0
1660000_5438000,1660000.0,5438000.0,0
1670000_5438000,1670000.0,5438000.0,0
1690000_5438000,1690000.0,5438000.0,0
1750000_5438000,1750000.0,5438000.0,0
1760000_5438000,1760000.0,5438000.0,0
1770000_5438000,1770000.0,5438000.0,0
1780000_5438000,1780000.0,5438000.0,0
1790000_5438000,1790000.0,5438000.0,0
1800000_5438000,1800000.0,5438000.0,0
1810000_5438000,1810000.0,5438000.0,0
1820000_5438000,1820000.0,5438000.0,0
1830000_5438000,1830000.0,5438000.0,0
1840000_5438000,1840000.0,5438000.0,0
1850000_5438000,1850000.0,5438000.0,0
1530000_5448000,1530000.0,5448000.0,0
1540000_5448000,1540000.0,5448000.0,0
1550000_5448000,1550000.0,5448000.0,0
1560000_5448000,1560000.0,5448000.0,0
1570000_5448000,1570000.0,5448000.0,0
1580000_5448000,1580000.0,5448000.0,0
1590000_5448000,1590000.0,5448000.0,0
1600000_5448000,1600000.0,5448000.0,0
1650000_5448000,1650000.0,5448000.0,0
1660000_5448000,1660000.0,5448000.0,0
1670000_5448000,1670000.0,5448000.0,0
1680000_5448000,1680000.0,5448000.0,0
1690000_5448000,1690000.0,5448000.0,0
1700000_5448000,1700000.0,5448000.0,0
1770000_5448000,1770000.0,5448000.0,0
1780000_5448000,1780000.0,5448000.0,0
1790000_5448000,1790000.0,5448000.0,0
1800000_5448000,1800000.0,5448000.0,0
1810000_5448000,1810000.0,5448000.0,0
1820000_5448000,1820000.0,5448000.0,0
1830000_5448000,1830000.0,5448000.0,0
1840000_5448000,1840000.0,5448000.0,0
1850000_5448000,1850000.0,5448000.0,0
1530000_5458000,1530000.0,5458000.0,0
1540000_5458000,1540000.0,5458000.0,0
1550000_5458000,1550000.0,5458000.0,0
1560000_5458000,1560000.0,5458000.0,0
1570000_5458000,1570000.0,5458000.0,0
1580000_5458000,1580000.0,5458000.0,0
1590000_5458000,1590000.0,5458000.0,0
1600000_5458000,1600000.0,5458000.0,0
1660000_5458000,1660000.0,5458000.0,0
1680000_5458000,1680000.0,5458000.0,0
1690000_5458000,1690000.0,5458000.0,0
1700000_5458000,1700000.0,5458000.0,0
1770000_5458000,1770000.0,5458000.0,0
1780000_5458000,1780000.0,5458000.0,0
1790000_5458000,1790000.0,5458000.0,0
1800000_5458000,1800000.0,5458000.0,0
1810000_5458000,1810000.0,5458000.0,0
1820000_5458000,1820000.0,5458000.0,0
1830000_5458000,1830000.0,5458000.0,0
1840000_5458000,1840000.0,5458000.0,0
1850000_5458000,1850000.0,5458000.0,0
1860000_5458000,1860000.0,5458000.0,0
1530000_5468000,1530000.0,5468000.0,0
1540000_5468000,1540000.0,5468000.0,0
1550000_5468000,1550000.0,5468000.0,0
1560000_5468000,1560000.0,5468000.0,0
1570000_5468000,1570000.0,5468000.0,0
1580000_5468000,1580000.0,5468000.0,0
1590000_5468000,1590000.0,5468000.0,0
1600000_5468000,1600000.0,5468000.0,0
1680000_5468000,1680000.0,5468000.0,0
1770000_5468000,1770000.0,5468000.0,0
1780000_5468000,1780000.0,5468000.0,0
1790000_5468000,1790000.0,5468000.0,0
1800000_5468000,1800000.0,5468000.0,0
1810000_5468000,1810000.0,5468000.0,0
1820000_5468000,1820000.0,5468000.0,0
1830000_5468000,1830000.0,5468000.0,0
1840000_5468000,1840000.0,5468000.0,0
1850000_5468000,1850000.0,5468000.0,0
1860000_5468000,1860000.0,5468000.0,0
1870000_5468000,1870000.0,5468000.0,0
1530000_5478000,1530000.0,5478000.0,0
1540000_5478000,1540000.0,5478000.0,0
1550000_5478000,1550000.0,5478000.0,0
1560000_5478000,1560000.0,5478000.0,0
1570000_5478000,1570000.0,5478000.0,0
1580000_5478000,1580000.0,5478000.0,0
1590000_5478000,1590000.0,5478000.0,0
1600000_5478000,1600000.0,5478000.0,0
1670000_5478000,1670000.0,5478000.0,0
1780000_5478000,1780000.0,5478000.0,0
1790000_5478000,1790000.0,5478000.0,0
1800000_5478000,1800000.0,5478000.0,0
1810000_5478000,1810000.0,5478000.0,0
1820000_5478000,1820000.0,5478000.0,0
1830000_5478000,1830000.0,5478000.0,0
1840000_5478000,1840000.0,5478000.0,0
1850000_5478000,1850000.0,5478000.0,0
1860000_5478000,1860000.0,5478000.0,0
1870000_5478000,1870000.0,5478000.0,0
1550000_5488000,1550000.0,5488000.0,0
1560000_5488000,1560000.0,5488000.0,0
1570000_5488000,1570000.0,5488000.0,0
1680000_5488000,1680000.0,5488000.0,0
1780000_5488000,1780000.0,5488000.0,0
1790000_5488000,1790000.0,5488000.0,0
1800000_5488000,1800000.0,5488000.0,0
1810000_5488000,1810000.0,5488000.0,0
1820000_5488000,1820000.0,5488000.0,0
1830000_5488000,1830000.0,5488000.0,0
1840000_5488000,1840000.0,5488000.0,0
1850000_5488000,1850000.0,5488000.0,0
1860000_5488000,1860000.0,5488000.0,0
1870000_5488000,1870000.0,5488000.0,0
1880000_5488000,1880000.0,5488000.0,0
1550000_5498000,1550000.0,5498000.0,0
1560000_5498000,1560000.0,5498000.0,0
1570000_5498000,1570000.0,5498000.0,0
1790000_5498000,1790000.0,5498000.0,0
1800000_5498000,1800000.0,5498000.0,0
1810000_5498000,1810000.0,5498000.0,0
1820000_5498000,1820000.0,5498000.0,0
1830000_5498000,1830000.0,5498000.0,0
1840000_5498000,1840000.0,5498000.0,0
1850000_5498000,1850000.0,5498000.0,0
1860000_5498000,1860000.0,5498000.0,0
1870000_5498000,1870000.0,5498000.0,0
1880000_5498000,1880000.0,5498000.0,0
1570000_5508000,1570000.0,5508000.0,0
1790000_5508000,1790000.0,5508000.0,0
1800000_5508000,1800000.0,5508000.0,0
1810000_5508000,1810000.0,5508000.0,0
1820000_5508000,1820000.0,5508000.0,0
1830000_5508000,1830000.0,5508000.0,0
1840000_5508000,1840000.0,5508000.0,0
1850000_5508000,1850000.0,5508000.0,0
1860000_5508000,1860000.0,5508000.0,0
1870000_5508000,1870000.0,5508000.0,0
1880000_5508000,1880000.0,5508000.0,0
1890000_5508000,1890000.0,5508000.0,0
1790000_5518000,1790000.0,5518000.0,0
1800000_5518000,1800000.0,5518000.0,0
1810000_5518000,1810000.0,5518000.0,0
1820000_5518000,1820000.0,5518000.0,0
1830000_5518000,1830000.0,5518000.0,0
1840000_5518000,1840000.0,5518000.0,0
1850000_5518000,1850000.0,5518000.0,0
1860000_5518000,1860000.0,5518000.0,0
1870000_5518000,1870000.0,5518000.0,0
1880000_5518000,1880000.0,5518000.0,0
1890000_5518000,1890000.0,5518000.0,0
1900000_5518000,1900000.0,5518000.0,0
1790000_5528000,1790000.0,5528000.0,0
1800000_5528000,1800000.0,5528000.0,0
1810000_5528000,1810000.0,5528000.0,0
1820000_5528000,1820000.0,5528000.0,0
1830000_5528000,1830000.0,5528000.0,0
1840000_5528000,1840000.0,5528000.0,0
1850000_5528000,1850000.0,5528000.0,0
1860000_5528000,1860000.0,5528000.0,0
1870000_5528000,1870000.0,5528000.0,0
1880000_5528000,1880000.0,5528000.0,0
1890000_5528000,1890000.0,5528000.0,0
1900000_5528000,1900000.0,5528000.0,0
1910000_5528000,1910000.0,5528000.0,0
1790000_5538000,1790000.0,5538000.0,0
1800000_5538000,1800000.0,5538000.0,0
1810000_5538000,1810000.0,5538000.0,0
1820000_5538000,1820000.0,5538000.0,0
1830000_5538000,1830000.0,5538000.0,0
1840000_5538000,1840000.0,5538000.0,0
1850000_5538000,1850000.0,5538000.0,0
1860000_5538000,1860000.0,5538000.0,0
1870000_5538000,1870000.0,5538000.0,0
1880000_5538000,1880000.0,5538000.0,0
1890000_5538000,1890000.0,5538000.0,0
1900000_5538000,1900000.0,5538000.0,0
1910000_5538000,1910000.0,5538000.0,0
1790000_5548000,1790000.0,5548000.0,0
1800000_5548000,1800000.0,5548000.0,0
1810000_5548000,1810000.0,5548000.0,0
1820000_5548000,1820000.0,5548000.0,0
1830000_5548000,1830000.0,5548000.0,0
1840000_5548000,1840000.0,5548000.0,0
1850000_5548000,1850000.0,5548000.0,0
1860000_5548000,1860000.0,5548000.0,0
1870000_5548000,1870000.0,5548000.0,0
1880000_5548000,1880000.0,5548000.0,0
1890000_5548000,1890000.0,5548000.0,0
1900000_5548000,1900000.0,5548000.0,0
1910000_5548000,1910000.0,5548000.0,0
1920000_5548000,1920000.0,5548000.0,0
1790000_5558000,1790000.0,5558000.0,0
1800000_5558000,1800000.0,5558000.0,0
1810000_5558000,1810000.0,5558000.0,0
1820000_5558000,1820000.0,5558000.0,0
1830000_5558000,1830000.0,5558000.0,0
1840000_5558000,1840000.0,5558000.0,0
1850000_5558000,1850000.0,5558000.0,0
1860000_5558000,1860000.0,5558000.0,0
1870000_5558000,1870000.0,5558000.0,0
1880000_5558000,1880000.0,5558000.0,0
1890000_5558000,1890000.0,5558000.0,0
1900000_5558000,1900000.0,5558000.0,0
1910000_5558000,1910000.0,5558000.0,0
1920000_5558000,1920000.0,5558000.0,0
1930000_5558000,1930000.0,5558000.0,0
1780000_5568000,1780000.0,5568000.0,0
1790000_5568000,1790000.0,5568000.0,0
1800000_5568000,1800000.0,5568000.0,0
1810000_5568000,1810000.0,5568000.0,0
1820000_5568000,1820000.0,5568000.0,0
1830000_5568000,1830000.0,5568000.0,0
1840000_5568000,1840000.0,5568000.0,0
1850000_5568000,1850000.0,5568000.0,0
1860000_5568000,1860000.0,5568000.0,0
1870000_5568000,1870000.0,5568000.0,0
1880000_5568000,1880000.0,5568000.0,0
1890000_5568000,1890000.0,5568000.0,0
1900000_5568000,1900000.0,5568000.0,0
1910000_5568000,1910000.0,5568000.0,0
1920000_5568000,1920000.0,5568000.0,0
1930000_5568000,1930000.0,5568000.0,0
1770000_5578000,1770000.0,5578000.0,0
1780000_5578000,1780000.0,5578000.0,0
1790000_5578000,1790000.0,5578000.0,0
1800000_5578000,1800000.0,5578000.0,0
1810000_5578000,1810000.0,5578000.0,0
1820000_5578000,1820000.0,5578000.0,0
1830000_5578000,1830000.0,5578000.0,0
1840000_5578000,1840000.0,5578000.0,0
1850000_5578000,1850000.0,5578000.0,0
1860000_5578000,1860000.0,5578000.0,0
1870000_5578000,1870000.0,5578000.0,0
1880000_5578000,1880000.0,5578000.0,0
1890000_5578000,1890000.0,5578000.0,0
1900000_5578000,1900000.0,5578000.0,0
1910000_5578000,1910000.0,5578000.0,0
1920000_5578000,1920000.0,5578000.0,0
1930000_5578000,1930000.0,5578000.0,0
1750000_5588000,1750000.0,5588000.0,0
1760000_5588000,1760000.0,5588000.0,0
1770000_5588000,1770000.0,5588000.0,0
1780000_5588000,1780000.0,5588000.0,0
1790000_5588000,1790000.0,5588000.0,0
1800000_5588000,1800000.0,5588000.0,0
1810000_5588000,1810000.0,5588000.0,0
1820000_5588000,1820000.0,5588000.0,0
1830000_5588000,1830000.0,5588000.0,0
1840000_5588000,1840000.0,5588000.0,0
1850000_5588000,1850000.0,5588000.0,0
1860000_5588000,1860000.0,5588000.0,0
1870000_5588000,1870000.0,5588000.0,0
1880000_5588000,1880000.0,5588000.0,0
1890000_5588000,1890000.0,5588000.0,0
1900000_5588000,1900000.0,5588000.0,0
1910000_5588000,1910000.0,5588000.0,0
1920000_5588000,1920000.0,5588000.0,0
1930000_5588000,1930000.0,5588000.0,0
1940000_5588000,1940000.0,5588000.0,0
1730000_5598000,1730000.0,5598000.0,0
1740000_5598000,1740000.0,5598000.0,0
1750000_5598000,1750000.0,5598000.0,0
1760000_5598000,1760000.0,5598000.0,0
1770000_5598000,1770000.0,5598000.0,0
1780000_5598000,1780000.0,5598000.0,0
1790000_5598000,1790000.0,5598000.0,0
1800000_5598000,1800000.0,5598000.0,0
1810000_5598000,1810000.0,5598000.0,0
1820000_5598000,1820000.0,5598000.0,0
1830000_5598000,1830000.0,5598000.0,0
1840000_5598000,1840000.0,5598000.0,0
1850000_5598000,1850000.0,5598000.0,0
1860000_5598000,1860000.0,5598000.0,0
1870000_5598000,1870000.0,5598000.0,0
1880000_5598000,1880000.0,5598000.0,0
1890000_5598000,1890000.0,5598000.0,0
1900000_5598000,1900000.0,5598000.0,0
1910000_5598000,1910000.0,5598000.0,0
1920000_5598000,1920000.0,5598000.0,0
1930000_5598000,1930000.0,5598000.0,0
1940000_5598000,1940000.0,5598000.0,0
1720000_5608000,1720000.0,5608000.0,0
1730000_5608000,1730000.0,5608000.0,0
1740000_5608000,1740000.0,5608000.0,0
1750000_5608000,1750000.0,5608000.0,0
1760000_5608000,1760000.0,5608000.0,0
1770000_5608000,1770000.0,5608000.0,0
1780000_5608000,1780000.0,5608000.0,0
1790000_5608000,1790000.0,5608000.0,0
1800000_5608000,1800000.0,5608000.0,0
1810000_5608000,1810000.0,5608000.0,0
1820000_5608000,1820000.0,5608000.0,0
1830000_5608000,1830000.0,5608000.0,0
1840000_5608000,1840000.0,5608000.0,0
1850000_5608000,1850000.0,5608000.0,0
1860000_5608000,1860000.0,5608000.0,0
1870000_5608000,1870000.0,5608000.0,0
1880000_5608000,1880000.0,5608000.0,0
1890000_5608000,1890000.0,5608000.0,0
1900000_5608000,1900000.0,5608000.0,0
1910000_5608000,1910000.0,5608000.0,0
1920000_5608000,1920000.0,5608000.0,0
1930000_5608000,1930000.0,5608000.0,0
1700000_5618000,1700000.0,5618000.0,0
1710000_5618000,1710000.0,5618000.0,0
1720000_5618000,1720000.0,5618000.0,0
1730000_5618000,1730000.0,5618000.0,0
1740000_5618000,1740000.0,5618000.0,0
1750000_5618000,1750000.0,5618000.0,0
1760000_5618000,1760000.0,5618000.0,0
1770000_5618000,1770000.0,5618000.0,0
1780000_5618000,1780000.0,5618000.0,0
1790000_5618000,1790000.0,5618000.0,0
1800000_5618000,1800000.0,5618000.0,0
1810000_5618000,1810000.0,5618000.0,0
1820000_5618000,1820000.0,5618000.0,0
1830000_5618000,1830000.0,5618000.0,0
1840000_5618000,1840000.0,5618000.0,0
1850000_5618000,1850000.0,5618000.0,0
1860000_5618000,1860000.0,5618000.0,0
1870000_5618000,1870000.0,5618000.0,0
1880000_5618000,1880000.0,5618000.0,0
1890000_5618000,1890000.0,5618000.0,0
1900000_5618000,1900000.0,5618000.0,0
1910000_5618000,1910000.0,5618000.0,0
1920000_5618000,1920000.0,5618000.0,0
1930000_5618000,1930000.0,5618000.0,0
1680000_5628000,1680000.0,5628000.0,0
1690000_5628000,1690000.0,5628000.0,0
1700000_5628000,1700000.0,5628000.0,0
1710000_5628000,1710000.0,5628000.0,0
1720000_5628000,1720000.0,5628000.0,0
1730000_5628000,1730000.0,5628000.0,0
1740000_5628000,1740000.0,5628000.0,0
1750000_5628000,1750000.0,5628000.0,0
1760000_5628000,1760000.0,5628000.0,0
1770000_5628000,1770000.0,5628000.0,0
1780000_5628000,1780000.0,5628000.0,0
1790000_5628000,1790000.0,5628000.0,0
1800000_5628000,1800000.0,5628000.0,0
1810000_5628000,1810000.0,5628000.0,0
1820000_5628000,1820000.0,5628000.0,0
1830000_5628000,1830000.0,5628000.0,0
1840000_5628000,1840000.0,5628000.0,0
1850000_5628000,1850000.0,5628000.0,0
1860000_5628000,1860000.0,5628000.0,0
1870000_5628000,1870000.0,5628000.0,0
1880000_5628000,1880000.0,5628000.0,0
1890000_5628000,1890000.0,5628000.0,0
1900000_5628000,1900000.0,5628000.0,0
1910000_5628000,1910000.0,5628000.0,0
1920000_5628000,1920000.0,5628000.0,0
1930000_5628000,1930000.0,5628000.0,0
1670000_5638000,1670000.0,5638000.0,0
1680000_5638000,1680000.0,5638000.0,0
1690000_5638000,1690000.0,5638000.0,0
1700000_5638000,1700000.0,5638000.0,0
1710000_5638000,1710000.0,5638000.0,0
1720000_5638000,1720000.0,5638000.0,0
1730000_5638000,1730000.0,5638000.0,0
1740000_5638000,1740000.0,5638000.0,0
1750000_5638000,1750000.0,5638000.0,0
1760000_5638000,1760000.0,5638000.0,0
1770000_5638000,1770000.0,5638000.0,0
1780000_5638000,1780000.0,5638000.0,0
1790000_5638000,1790000.0,5638000.0,0
1800000_5638000,1800000.0,5638000.0,0
1810000_5638000,1810000.0,5638000.0,0
1820000_5638000,1820000.0,5638000.0,0
1830000_5638000,1830000.0,5638000.0,0
1840000_5638000,1840000.0,5638000.0,0
1850000_5638000,1850000.0,5638000.0,0
1860000_5638000,1860000.0,5638000.0,0
1870000_5638000,1870000.0,5638000.0,0
1880000_5638000,1880000.0,5638000.0,0
1890000_5638000,1890000.0,5638000.0,0
1900000_5638000,1900000.0,5638000.0,0
1910000_5638000,1910000.0,5638000.0,0
1920000_5638000,1920000.0,5638000.0,0
1930000_5638000,1930000.0,5638000.0,0
1670000_5648000,1670000.0,5648000.0,0
1680000_5648000,1680000.0,5648000.0,0
1690000_5648000,1690000.0,5648000.0,0
1700000_5648000,1700000.0,5648000.0,0
1710000_5648000,1710000.0,5648000.0,0
1720000_5648000,1720000.0,5648000.0,0
1730000_5648000,1730000.0,5648000.0,0
1740000_5648000,1740000.0,5648000.0,0
1750000_5648000,1750000.0,5648000.0,0
1760000_5648000,1760000.0,5648000.0,0
1770000_5648000,1770000.0,5648000.0,0
1780000_5648000,1780000.0,5648000.0,0
1790000_5648000,1790000.0,5648000.0,0
1800000_5648000,1800000.0,5648000.0,0
1810000_5648000,1810000.0,5648000.0,0
1820000_5648000,1820000.0,5648000.0,0
1830000_5648000,1830000.0,5648000.0,0
1840000_5648000,1840000.0,5648000.0,0
1850000_5648000,1850000.0,5648000.0,0
1860000_5648000,1860000.0,5648000.0,0
1870000_5648000,1870000.0,5648000.0,0
1880000_5648000,1880000.0,5648000.0,0
1890000_5648000,1890000.0,5648000.0,0
1900000_5648000,1900000.0,5648000.0,0
1910000_5648000,1910000.0,5648000.0,0
1920000_5648000,1920000.0,5648000.0,0
1930000_5648000,1930000.0,5648000.0,0
1940000_5648000,1940000.0,5648000.0,0
2020000_5648000,2020000.0,5648000.0,0
1670000_5658000,1670000.0,5658000.0,0
1680000_5658000,1680000.0,5658000.0,0
1690000_5658000,1690000.0,5658000.0,0
1700000_5658000,1700000.0,5658000.0,0
1710000_5658000,1710000.0,5658000.0,0
1720000_5658000,1720000.0,5658000.0,0
1730000_5658000,1730000.0,5658000.0,0
1740000_5658000,1740000.0,5658000.0,0
1750000_5658000,1750000.0,5658000.0,0
1760000_5658000,1760000.0,5658000.0,0
1770000_5658000,1770000.0,5658000.0,0
1780000_5658000,1780000.0,5658000.0,0
1790000_5658000,1790000.0,5658000.0,0
1800000_5658000,1800000.0,5658000.0,0
1810000_5658000,1810000.0,5658000.0,0
1820000_5658000,1820000.0,5658000.0,0
1830000_5658000,1830000.0,5658000.0,0
1840000_5658000,1840000.0,5658000.0,0
1850000_5658000,1850000.0,5658000.0,0
1860000_5658000,1860000.0,5658000.0,0
1870000_5658000,1870000.0,5658000.0,0
1880000_5658000,1880000.0,5658000.0,0
1890000_5658000,1890000.0,5658000.0,0
1900000_5658000,1900000.0,5658000.0,0
1910000_5658000,1910000.0,5658000.0,0
1920000_5658000,1920000.0,5658000.0,0
1930000_5658000,1930000.0,5658000.0,0
1940000_5658000,1940000.0,5658000.0,0
1950000_5658000,1950000.0,5658000.0,0
2020000_5658000,2020000.0,5658000.0,0
2030000_5658000,2030000.0,5658000.0,0
1680000_5668000,1680000.0,5668000.0,0
1690000_5668000,1690000.0,5668000.0,0
1700000_5668000,1700000.0,5668000.0,0
1710000_5668000,1710000.0,5668000.0,0
1720000_5668000,1720000.0,5668000.0,0
1730000_5668000,1730000.0,5668000.0,0
1740000_5668000,1740000.0,5668000.0,0
1750000_5668000,1750000.0,5668000.0,0
1760000_5668000,1760000.0,5668000.0,0
1770000_5668000,1770000.0,5668000.0,0
1780000_5668000,1780000.0,5668000.0,0
1790000_5668000,1790000.0,5668000.0,0
1800000_5668000,1800000.0,5668000.0,0
1810000_5668000,1810000.0,5668000.0,0
1820000_5668000,1820000.0,5668000.0,0
1830000_5668000,1830000.0,5668000.0,0
1840000_5668000,1840000.0,5668000.0,0
1850000_5668000,1850000.0,5668000.0,0
1860000_5668000,1860000.0,5668000.0,0
1870000_5668000,1870000.0,5668000.0,0
1880000_5668000,1880000.0,5668000.0,0
1890000_5668000,1890000.0,5668000.0,0
1900000_5668000,1900000.0,5668000.0,0
1910000_5668000,1910000.0,5668000.0,0
1920000_5668000,1920000.0,5668000.0,0
1930000_5668000,1930000.0,5668000.0,0
1940000_5668000,1940000.0,5668000.0,0
1950000_5668000,1950000.0,5668000.0,0
1960000_5668000,1960000.0,5668000.0,0
1970000_5668000,1970000.0,5668000.0,0
1980000_5668000,1980000.0,5668000.0,0
1990000_5668000,1990000.0,5668000.0,0
2000000_5668000,2000000.0,5668000.0,0
2010000_5668000,2010000.0,5668000.0,0
2020000_5668000,2020000.0,5668000.0,0
1700000_5678000,1700000.0,5678000.0,0
1710000_5678000,1710000.0,5678000.0,0
1720000_5678000,1720000.0,5678000.0,0
1730000_5678000,1730000.0,5678000.0,0
1740000_5678000,1740000.0,5678000.0,0
1750000_5678000,1750000.0,5678000.0,0
1760000_5678000,1760000.0,5678000.0,0
1770000_5678000,1770000.0,5678000.0,0
1780000_5678000,1780000.0,5678000.0,0
1790000_5678000,1790000.0,5678000.0,0
1800000_5678000,1800000.0,5678000.0,0
1810000_5678000,1810000.0,5678000.0,0
1820000_5678000,1820000.0,5678000.0,0
1830000_5678000,1830000.0,5678000.0,0
1840000_5678000,1840000.0,5678000.0,0
1850000_5678000,1850000.0,5678000.0,0
1860000_5678000,1860000.0,5678000.0,0
1870000_5678000,1870000.0,5678000.0,0
1880000_5678000,1880000.0,5678000.0,0
1890000_5678000,1890000.0,5678000.0,0
1900000_5678000,1900000.0,5678000.0,0
1910000_5678000,1910000.0,5678000.0,0
1920000_5678000,1920000.0,5678000.0,0
1930000_5678000,1930000.0,5678000.0,0
1940000_5678000,1940000.0,5678000.0,0
1950000_5678000,1950000.0,5678000.0,0
1960000_5678000,1960000.0,5678000.0,0
1970000_5678000,1970000.0,5678000.0,0
1980000_5678000,1980000.0,5678000.0,0
1990000_5678000,1990000.0,5678000.0,0
2000000_5678000,2000000.0,5678000.0,0
2010000_5678000,2010000.0,5678000.0,0
2020000_5678000,2020000.0,5678000.0,0
1730000_5688000,1730000.0,5688000.0,0
1740000_5688000,1740000.0,5688000.0,0
1750000_5688000,1750000.0,5688000.0,0
1760000_5688000,1760000.0,5688000.0,0
1770000_5688000,1770000.0,5688000.0,0
1780000_5688000,1780000.0,5688000.0,0
1790000_5688000,1790000.0,5688000.0,0
1800000_5688000,1800000.0,5688000.0,0
1810000_5688000,1810000.0,5688000.0,0
1820000_5688000,1820000.0,5688000.0,0
1830000_5688000,1830000.0,5688000.0,0
1840000_5688000,1840000.0,5688000.0,0
1850000_5688000,1850000.0,5688000.0,0
1860000_5688000,1860000.0,5688000.0,0
1870000_5688000,1870000.0,5688000.0,0
1880000_5688000,1880000.0,5688000.0,0
1890000_5688000,1890000.0,5688000.0,0
1900000_5688000,1900000.0,5688000.0,0
1910000_5688000,1910000.0,5688000.0,0
1920000_5688000,1920000.0,5688000.0,0
1930000_5688000,1930000.0,5688000.0,0
1940000_5688000,1940000.0,5688000.0,0
1950000_5688000,1950000.0,5688000.0,0
1960000_5688000,1960000.0,5688000.0,0
1970000_5688000,1970000.0,5688000.0,0
1980000_5688000,1980000.0,5688000.0,0
1990000_5688000,1990000.0,5688000.0,0
2000000_5688000,2000000.0,5688000.0,0
2010000_5688000,2010000.0,5688000.0,0
2020000_5688000,2020000.0,5688000.0,0
1740000_5698000,1740000.0,5698000.0,0
1750000_5698000,1750000.0,5698000.0,0
1760000_5698000,1760000.0,5698000.0,0
1770000_5698000,1770000.0,5698000.0,0
1780000_5698000,1780000.0,5698000.0,0
1790000_5698000,1790000.0,5698000.0,0
1800000_5698000,1800000.0,5698000.0,0
1810000_5698000,1810000.0,5698000.0,0
1820000_5698000,1820000.0,5698000.0,0
1830000_5698000,1830000.0,5698000.0,0
1840000_5698000,1840000.0,5698000.0,0
1850000_5698000,1850000.0,5698000.0,0
1860000_5698000,1860000.0,5698000.0,0
1870000_5698000,1870000.0,5698000.0,0
1880000_5698000,1880000.0,5698000.0,0
1890000_5698000,1890000.0,5698000.0,0
1900000_5698000,1900000.0,5698000.0,0
1910000_5698000,1910000.0,5698000.0,0
1920000_5698000,1920000.0,5698000.0,0
1930000_5698000,1930000.0,5698000.0,0
1940000_5698000,1940000.0,5698000.0,0
1950000_5698000,1950000.0,5698000.0,0
1960000_5698000,1960000.0,5698000.0,0
1970000_5698000,1970000.0,5698000.0,0
1980000_5698000,1980000.0,5698000.0,0
1990000_5698000,1990000.0,5698000.0,0
2000000_5698000,2000000.0,5698000.0,0
2010000_5698000,2010000.0,5698000.0,0
2020000_5698000,2020000.0,5698000.0,0
2030000_5698000,2030000.0,5698000.0,0
1740000_5708000,1740000.0,5708000.0,0
1750000_5708000,1750000.0,5708000.0,0
1760000_5708000,1760000.0,5708000.0,0
1770000_5708000,1770000.0,5708000.0,0
1780000_5708000,1780000.0,5708000.0,0
1790000_5708000,1790000.0,5708000.0,0
1800000_5708000,1800000.0,5708000.0,0
1810000_5708000,1810000.0,5708000.0,0
1820000_5708000,1820000.0,5708000.0,0
1830000_5708000,1830000.0,5708000.0,0
1840000_5708000,1840000.0,5708000.0,0
1850000_5708000,1850000.0,5708000.0,0
1860000_5708000,1860000.0,5708000.0,0
1870000_5708000,1870000.0,5708000.0,0
1880000_5708000,1880000.0,5708000.0,0
1890000_5708000,1890000.0,5708000.0,0
1900000_5708000,1900000.0,5708000.0,0
1910000_5708000,1910000.0,5708000.0,0
1920000_5708000,1920000.0,5708000.0,0
1930000_5708000,1930000.0,5708000.0,0
1940000_5708000,1940000.0,5708000.0,0
1950000_5708000,1950000.0,5708000.0,0
1960000_5708000,1960000.0,5708000.0,0
1970000_5708000,1970000.0,5708000.0,0
1980000_5708000,1980000.0,5708000.0,0
1990000_5708000,1990000.0,5708000.0,0
2000000_5708000,2000000.0,5708000.0,0
2010000_5708000,2010000.0,5708000.0,0
2020000_5708000,2020000.0,5708000.0,0
2030000_5708000,2030000.0,5708000.0,0
2040000_5708000,2040000.0,5708000.0,0
1750000_5718000,1750000.0,5718000.0,0
1760000_5718000,1760000.0,5718000.0,0
1770000_5718000,1770000.0,5718000.0,0
1780000_5718000,1780000.0,5718000.0,0
1790000_5718000,1790000.0,5718000.0,0
1800000_5718000,1800000.0,5718000.0,0
1810000_5718000,1810000.0,5718000.0,0
1820000_5718000,1820000.0,5718000.0,0
1830000_5718000,1830000.0,5718000.0,0
1840000_5718000,1840000.0,5718000.0,0
1850000_5718000,1850000.0,5718000.0,0
1860000_5718000,1860000.0,5718000.0,0
1870000_5718000,1870000.0,5718000.0,0
1880000_5718000,1880000.0,5718000.0,0
1890000_5718000,1890000.0,5718000.0,0
1900000_5718000,1900000.0,5718000.0,0
1910000_5718000,1910000.0,5718000.0,0
1920000_5718000,1920000.0,5718000.0,0
1930000_5718000,1930000.0,5718000.0,0
1940000_5718000,1940000.0,5718000.0,0
1950000_5718000,1950000.0,5718000.0,0
1960000_5718000,1960000.0,5718000.0,0
1970000_5718000,1970000.0,5718000.0,0
1980000_5718000,1980000.0,5718000.0,0
1990000_5718000,1990000.0,5718000.0,0
2000000_5718000,2000000.0,5718000.0,0
2010000_5718000,2010000.0,5718000.0,0
2020000_5718000,2020000.0,5718000.0,0
2030000_5718000,2030000.0,5718000.0,0
2040000_5718000,2040000.0,5718000.0,0
2050000_5718000,2050000.0,5718000.0,0
1750000_5728000,1750000.0,5728000.0,0
1760000_5728000,1760000.0,5728000.0,0
1770000_5728000,1770000.0,5728000.0,0
1780000_5728000,1780000.0,5728000.0,0
1790000_5728000,1790000.0,5728000.0,0
1800000_5728000,1800000.0,5728000.0,0
1810000_5728000,1810000.0,5728000.0,0
1820000_5728000,1820000.0,5728000.0,0
1830000_5728000,1830000.0,5728000.0,0
1840000_5728000,1840000.0,5728000.0,0
1850000_5728000,1850000.0,5728000.0,0
1860000_5728000,1860000.0,5728000.0,0
1870000_5728000,1870000.0,5728000.0,0
1880000_5728000,1880000.0,5728000.0,0
1890000_5728000,1890000.0,5728000.0,0
1900000_5728000,1900000.0,5728000.0,0
1910000_5728000,1910000.0,5728000.0,0
1920000_5728000,1920000.0,5728000.0,0
1930000_5728000,1930000.0,5728000.0,0
1940000_5728000,1940000.0,5728000.0,0
1950000_5728000,1950000.0,5728000.0,0
1960000_5728000,1960000.0,5728000.0,0
1970000_5728000,1970000.0,5728000.0,0
1980000_5728000,1980000.0,5728000.0,0
1990000_5728000,1990000.0,5728000.0,0
2000000_5728000,2000000.0,5728000.0,0
2010000_5728000,2010000.0,5728000.0,0
2020000_5728000,2020000.0,5728000.0,0
2030000_5728000,2030000.0,5728000.0,0
2040000_5728000,2040000.0,5728000.0,0
2050000_5728000,2050000.0,5728000.0,0
2060000_5728000,2060000.0,5728000.0,0
1750000_5738000,1750000.0,5738000.0,0
1760000_5738000,1760000.0,5738000.0,0
1770000_5738000,1770000.0,5738000.0,0
1780000_5738000,1780000.0,5738000.0,0
1790000_5738000,1790000.0,5738000.0,0
1800000_5738000,1800000.0,5738000.0,0
1810000_5738000,1810000.0,5738000.0,0
1820000_5738000,1820000.0,5738000.0,0
1830000_5738000,1830000.0,5738000.0,0
1840000_5738000,1840000.0,5738000.0,0
1850000_5738000,1850000.0,5738000.0,0
1860000_5738000,1860000.0,5738000.0,0
1870000_5738000,1870000.0,5738000.0,0
1880000_5738000,1880000.0,5738000.0,0
1890000_5738000,1890000.0,5738000.0,0
1900000_5738000,1900000.0,5738000.0,0
1910000_5738000,1910000.0,5738000.0,0
1920000_5738000,1920000.0,5738000.0,0
1930000_5738000,1930000.0,5738000.0,0
1940000_5738000,1940000.0,5738000.0,0
1950000_5738000,1950000.0,5738000.0,0
1960000_5738000,1960000.0,5738000.0,0
1970000_5738000,1970000.0,5738000.0,0
1980000_5738000,1980000.0,5738000.0,0
1990000_5738000,1990000.0,5738000.0,0
2000000_5738000,2000000.0,5738000.0,0
2010000_5738000,2010000.0,5738000.0,0
2020000_5738000,2020000.0,5738000.0,0
2030000_5738000,2030000.0,5738000.0,0
2040000_5738000,2040000.0,5738000.0,0
2050000_5738000,2050000.0,5738000.0,0
2060000_5738000,2060000.0,5738000.0,0
1750000_5748000,1750000.0,5748000.0,0
1760000_5748000,1760000.0,5748000.0,0
1770000_5748000,1770000.0,5748000.0,0
1780000_5748000,1780000.0,5748000.0,0
1790000_5748000,1790000.0,5748000.0,0
1800000_5748000,1800000.0,5748000.0,0
1810000_5748000,1810000.0,5748000.0,0
1820000_5748000,1820000.0,5748000.0,0
1830000_5748000,1830000.0,5748000.0,0
1840000_5748000,1840000.0,5748000.0,0
1850000_5748000,1850000.0,5748000.0,0
1860000_5748000,1860000.0,5748000.0,0
1870000_5748000,1870000.0,5748000.0,0
1880000_5748000,1880000.0,5748000.0,0
1890000_5748000,1890000.0,5748000.0,0
1900000_5748000,1900000.0,5748000.0,0
1910000_5748000,1910000.0,5748000.0,0
1920000_5748000,1920000.0,5748000.0,0
1930000_5748000,1930000.0,5748000.0,0
1940000_5748000,1940000.0,5748000.0,0
1950000_5748000,1950000.0,5748000.0,0
1960000_5748000,1960000.0,5748000.0,0
1970000_5748000,1970000.0,5748000.0,0
1980000_5748000,1980000.0,5748000.0,0
1990000_5748000,1990000.0,5748000.0,0
2000000_5748000,2000000.0,5748000.0,0
2010000_5748000,2010000.0,5748000.0,0
2020000_5748000,2020000.0,5748000.0,0
2030000_5748000,2030000.0,5748000.0,0
2040000_5748000,2040000.0,5748000.0,0
2050000_5748000,2050000.0,5748000.0,0
2060000_5748000,2060000.0,5748000.0,0
1750000_5758000,1750000.0,5758000.0,0
1760000_5758000,1760000.0,5758000.0,0
1770000_5758000,1770000.0,5758000.0,0
1780000_5758000,1780000.0,5758000.0,0
1790000_5758000,1790000.0,5758000.0,0
1800000_5758000,1800000.0,5758000.0,0
1810000_5758000,1810000.0,5758000.0,0
1820000_5758000,1820000.0,5758000.0,0
1830000_5758000,1830000.0,5758000.0,0
1840000_5758000,1840000.0,5758000.0,0
1850000_5758000,1850000.0,5758000.0,0
1860000_5758000,1860000.0,5758000.0,0
1870000_5758000,1870000.0,5758000.0,0
1880000_5758000,1880000.0,5758000.0,0
1890000_5758000,1890000.0,5758000.0,0
1900000_5758000,1900000.0,5758000.0,0
1910000_5758000,1910000.0,5758000.0,0
1920000_5758000,1920000.0,5758000.0,0
1930000_5758000,1930000.0,5758000.0,0
1940000_5758000,1940000.0,5758000.0,0
1950000_5758000,1950000.0,5758000.0,0
1960000_5758000,1960000.0,5758000.0,0
1970000_5758000,1970000.0,5758000.0,0
1980000_5758000,1980000.0,5758000.0,0
1990000_5758000,1990000.0,5758000.0,0
2000000_5758000,2000000.0,5758000.0,0
2010000_5758000,2010000.0,5758000.0,0
2020000_5758000,2020000.0,5758000.0,0
2030000_5758000,2030000.0,5758000.0,0
2040000_5758000,2040000.0,5758000.0,0
2050000_5758000,2050000.0,5758000.0,0
2060000_5758000,2060000.0,5758000.0,0
1760000_5768000,1760000.0,5768000.0,0
1770000_5768000,1770000.0,5768000.0,0
1780000_5768000,1780000.0,5768000.0,0
1790000_5768000,1790000.0,5768000.0,0
1800000_5768000,1800000.0,5768000.0,0
1810000_5768000,1810000.0,5768000.0,0
1820000_5768000,1820000.0,5768000.0,0
1830000_5768000,1830000.0,5768000.0,0
1840000_5768000,1840000.0,5768000.0,0
1850000_5768000,1850000.0,5768000.0,0
1860000_5768000,1860000.0,5768000.0,0
1870000_5768000,1870000.0,5768000.0,0
1880000_5768000,1880000.0,5768000.0,0
1890000_5768000,1890000.0,5768000.0,0
1900000_5768000,1900000.0,5768000.0,0
1910000_5768000,1910000.0,5768000.0,0
1920000_5768000,1920000.0,5768000.0,0
1930000_5768000,1930000.0,5768000.0,0
1940000_5768000,1940000.0,5768000.0,0
1950000_5768000,1950000.0,5768000.0,0
1960000_5768000,1960000.0,5768000.0,0
1970000_5768000,1970000.0,5768000.0,0
1980000_5768000,1980000.0,5768000.0,0
1990000_5768000,1990000.0,5768000.0,0
2000000_5768000,2000000.0,5768000.0,0
2010000_5768000,2010000.0,5768000.0,0
2020000_5768000,2020000.0,5768000.0,0
2030000_5768000,2030000.0,5768000.0,0
2040000_5768000,2040000.0,5768000.0,0
2050000_5768000,2050000.0,5768000.0,0
2060000_5768000,2060000.0,5768000.0,0
1750000_5778000,1750000.0,5778000.0,0
1770000_5778000,1770000.0,5778000.0,0
1780000_5778000,1780000.0,5778000.0,0
1790000_5778000,1790000.0,5778000.0,0
1800000_5778000,1800000.0,5778000.0,0
1810000_5778000,1810000.0,5778000.0,0
1820000_5778000,1820000.0,5778000.0,0
1830000_5778000,1830000.0,5778000.0,0
1840000_5778000,1840000.0,5778000.0,0
1850000_5778000,1850000.0,5778000.0,0
1860000_5778000,1860000.0,5778000.0,0
1870000_5778000,1870000.0,5778000.0,0
1880000_5778000,1880000.0,5778000.0,0
1890000_5778000,1890000.0,5778000.0,0
1900000_5778000,1900000.0,5778000.0,0
1910000_5778000,1910000.0,5778000.0,0
1920000_5778000,1920000.0,5778000.0,0
1930000_5778000,1930000.0,5778000.0,0
1940000_5778000,1940000.0,5778000.0,0
1950000_5778000,1950000.0,5778000.0,0
1960000_5778000,1960000.0,5778000.0,0
1970000_5778000,1970000.0,5778000.0,0
1980000_5778000,1980000.0,5778000.0,0
1990000_5778000,1990000.0,5778000.0,0
2000000_5778000,2000000.0,5778000.0,0
2010000_5778000,2010000.0,5778000.0,0
2020000_5778000,2020000.0,5778000.0,0
2030000_5778000,2030000.0,5778000.0,0
2040000_5778000,2040000.0,5778000.0,0
2050000_5778000,2050000.0,5778000.0,0
2060000_5778000,2060000.0,5778000.0,0
1760000_5788000,1760000.0,5788000.0,0
1770000_5788000,1770000.0,5788000.0,0
1780000_5788000,1780000.0,5788000.0,0
1790000_5788000,1790000.0,5788000.0,0
1800000_5788000,1800000.0,5788000.0,0
1810000_5788000,1810000.0,5788000.0,0
1820000_5788000,1820000.0,5788000.0,0
1830000_5788000,1830000.0,5788000.0,0
1840000_5788000,1840000.0,5788000.0,0
1850000_5788000,1850000.0,5788000.0,0
1860000_5788000,1860000.0,5788000.0,0
1870000_5788000,1870000.0,5788000.0,0
1880000_5788000,1880000.0,5788000.0,0
1890000_5788000,1890000.0,5788000.0,0
1900000_5788000,1900000.0,5788000.0,0
1910000_5788000,1910000.0,5788000.0,0
1920000_5788000,1920000.0,5788000.0,0
1930000_5788000,1930000.0,5788000.0,0
1940000_5788000,1940000.0,5788000.0,0
1950000_5788000,1950000.0,5788000.0,0
1990000_5788000,1990000.0,5788000.0,0
2000000_5788000,2000000.0,5788000.0,0
2010000_5788000,2010000.0,5788000.0,0
2020000_5788000,2020000.0,5788000.0,0
2030000_5788000,2030000.0,5788000.0,0
2040000_5788000,2040000.0,5788000.0,0
2050000_5788000,2050000.0,5788000.0,0
2060000_5788000,2060000.0,5788000.0,0
2070000_5788000,2070000.0,5788000.0,0
1760000_5798000,1760000.0,5798000.0,0
1770000_5798000,1770000.0,5798000.0,0
1780000_5798000,1780000.0,5798000.0,0
1790000_5798000,1790000.0,5798000.0,0
1800000_5798000,1800000.0,5798000.0,0
1810000_5798000,1810000.0,5798000.0,0
1820000_5798000,1820000.0,5798000.0,0
1830000_5798000,1830000.0,5798000.0,0
1840000_5798000,1840000.0,5798000.0,0
1850000_5798000,1850000.0,5798000.0,0
1860000_5798000,1860000.0,5798000.0,0
1870000_5798000,1870000.0,5798000.0,0
1880000_5798000,1880000.0,5798000.0,0
1890000_5798000,1890000.0,5798000.0,0
1900000_5798000,1900000.0,5798000.0,0
1910000_5798000,1910000.0,5798000.0,0
1920000_5798000,1920000.0,5798000.0,0
1930000_5798000,1930000.0,5798000.0,0
2010000_5798000,2010000.0,5798000.0,0
2020000_5798000,2020000.0,5798000.0,0
2030000_5798000,2030000.0,5798000.0,0
2040000_5798000,2040000.0,5798000.0,0
2050000_5798000,2050000.0,5798000.0,0
2060000_5798000,2060000.0,5798000.0,0
2070000_5798000,2070000.0,5798000.0,0
1760000_5808000,1760000.0,5808000.0,0
1770000_5808000,1770000.0,5808000.0,0
1780000_5808000,1780000.0,5808000.0,0
1790000_5808000,1790000.0,5808000.0,0
1800000_5808000,1800000.0,5808000.0,0
1810000_5808000,1810000.0,5808000.0,0
1820000_5808000,1820000.0,5808000.0,0
1830000_5808000,1830000.0,5808000.0,0
1840000_5808000,1840000.0,5808000.0,0
1850000_5808000,1850000.0,5808000.0,0
1860000_5808000,1860000.0,5808000.0,0
1870000_5808000,1870000.0,5808000.0,0
1880000_5808000,1880000.0,5808000.0,0
1890000_5808000,1890000.0,5808000.0,0
1900000_5808000,1900000.0,5808000.0,0
1910000_5808000,1910000.0,5808000.0,0
2020000_5808000,2020000.0,5808000.0,0
2030000_5808000,2030000.0,5808000.0,0
2040000_5808000,2040000.0,5808000.0,0
2050000_5808000,2050000.0,5808000.0,0
2060000_5808000,2060000.0,5808000.0,0
2070000_5808000,2070000.0,5808000.0,0
2080000_5808000,2080000.0,5808000.0,0
1780000_5818000,1780000.0,5818000.0,0
1790000_5818000,1790000.0,5818000.0,0
1800000_5818000,1800000.0,5818000.0,0
1810000_5818000,1810000.0,5818000.0,0
1820000_5818000,1820000.0,5818000.0,0
1830000_5818000,1830000.0,5818000.0,0
1840000_5818000,1840000.0,5818000.0,0
1850000_5818000,1850000.0,5818000.0,0
1860000_5818000,1860000.0,5818000.0,0
1870000_5818000,1870000.0,5818000.0,0
1880000_5818000,1880000.0,5818000.0,0
1890000_5818000,1890000.0,5818000.0,0
2020000_5818000,2020000.0,5818000.0,0
2030000_5818000,2030000.0,5818000.0,0
2040000_5818000,2040000.0,5818000.0,0
2050000_5818000,2050000.0,5818000.0,0
2060000_5818000,2060000.0,5818000.0,0
2070000_5818000,2070000.0,5818000.0,0
2080000_5818000,2080000.0,5818000.0,0
1760000_5828000,1760000.0,5828000.0,0
1770000_5828000,1770000.0,5828000.0,0
1780000_5828000,1780000.0,5828000.0,0
1790000_5828000,1790000.0,5828000.0,0
1800000_5828000,1800000.0,5828000.0,0
1810000_5828000,1810000.0,5828000.0,0
1820000_5828000,1820000.0,5828000.0,0
1830000_5828000,1830000.0,5828000.0,0
1840000_5828000,1840000.0,5828000.0,0
1850000_5828000,1850000.0,5828000.0,0
1860000_5828000,1860000.0,5828000.0,0
2040000_5828000,2040000.0,5828000.0,0
2050000_5828000,2050000.0,5828000.0,0
2060000_5828000,2060000.0,5828000.0,0
1760000_5838000,1760000.0,5838000.0,0
1770000_5838000,1770000.0,5838000.0,0
1780000_5838000,1780000.0,5838000.0,0
1790000_5838000,1790000.0,5838000.0,0
1800000_5838000,1800000.0,5838000.0,0
1810000_5838000,1810000.0,5838000.0,0
1820000_5838000,1820000.0,5838000.0,0
1830000_5838000,1830000.0,5838000.0,0
1840000_5838000,1840000.0,5838000.0,0
1850000_5838000,1850000.0,5838000.0,0
1870000_5838000,1870000.0,5838000.0,0
1760000_5848000,1760000.0,5848000.0,0
1770000_5848000,1770000.0,5848000.0,0
1780000_5848000,1780000.0,5848000.0,0
1790000_5848000,1790000.0,5848000.0,0
1800000_5848000,1800000.0,5848000.0,0
1810000_5848000,1810000.0,5848000.0,0
1820000_5848000,1820000.0,5848000.0,0
1830000_5848000,1830000.0,5848000.0,0
1840000_5848000,1840000.0,5848000.0,0
1850000_5848000,1850000.0,5848000.0,0
1760000_5858000,1760000.0,5858000.0,0
1770000_5858000,1770000.0,5858000.0,0
1780000_5858000,1780000.0,5858000.0,0
1790000_5858000,1790000.0,5858000.0,0
1800000_5858000,1800000.0,5858000.0,0
1810000_5858000,1810000.0,5858000.0,0
1820000_5858000,1820000.0,5858000.0,0
1830000_5858000,1830000.0,5858000.0,0
1840000_5858000,1840000.0,5858000.0,0
1850000_5858000,1850000.0,5858000.0,0
1860000_5858000,1860000.0,5858000.0,0
1750000_5868000,1750000.0,5868000.0,0
1760000_5868000,1760000.0,5868000.0,0
1770000_5868000,1770000.0,5868000.0,0
1780000_5868000,1780000.0,5868000.0,0
1790000_5868000,1790000.0,5868000.0,0
1800000_5868000,1800000.0,5868000.0,0
1810000_5868000,1810000.0,5868000.0,0
1820000_5868000,1820000.0,5868000.0,0
1830000_5868000,1830000.0,5868000.0,0
1840000_5868000,1840000.0,5868000.0,0
1850000_5868000,1850000.0,5868000.0,0
1890000_5868000,1890000.0,5868000.0,0
1750000_5878000,1750000.0,5878000.0,0
1760000_5878000,1760000.0,5878000.0,0
1770000_5878000,1770000.0,5878000.0,0
1780000_5878000,1780000.0,5878000.0,0
1790000_5878000,1790000.0,5878000.0,0
1800000_5878000,1800000.0,5878000.0,0
1810000_5878000,1810000.0,5878000.0,0
1820000_5878000,1820000.0,5878000.0,0
1830000_5878000,1830000.0,5878000.0,0
1840000_5878000,1840000.0,5878000.0,0
1850000_5878000,1850000.0,5878000.0,0
1760000_5888000,1760000.0,5888000.0,0
1770000_5888000,1770000.0,5888000.0,0
1780000_5888000,1780000.0,5888000.0,0
1790000_5888000,1790000.0,5888000.0,0
1800000_5888000,1800000.0,5888000.0,0
1830000_5888000,1830000.0,5888000.0,0
1840000_5888000,1840000.0,5888000.0,0
1850000_5888000,1850000.0,5888000.0,0
1740000_5898000,1740000.0,5898000.0,0
1770000_5898000,1770000.0,5898000.0,0
1780000_5898000,1780000.0,5898000.0,0
1790000_5898000,1790000.0,5898000.0,0
1800000_5898000,1800000.0,5898000.0,0
1830000_5898000,1830000.0,5898000.0,0
1840000_5898000,1840000.0,5898000.0,0
1850000_5898000,1850000.0,5898000.0,0
1740000_5908000,1740000.0,5908000.0,0
1760000_5908000,1760000.0,5908000.0,0
1770000_5908000,1770000.0,5908000.0,0
1780000_5908000,1780000.0,5908000.0,0
1790000_5908000,1790000.0,5908000.0,0
1830000_5908000,1830000.0,5908000.0,0
1840000_5908000,1840000.0,5908000.0,0
1850000_5908000,1850000.0,5908000.0,0
1730000_5918000,1730000.0,5918000.0,0
1740000_5918000,1740000.0,5918000.0,0
1760000_5918000,1760000.0,5918000.0,0
1770000_5918000,1770000.0,5918000.0,0
1820000_5918000,1820000.0,5918000.0,0
1830000_5918000,1830000.0,5918000.0,0
1850000_5918000,1850000.0,5918000.0,0
1730000_5928000,1730000.0,5928000.0,0
1740000_5928000,1740000.0,5928000.0,0
1750000_5928000,1750000.0,5928000.0,0
1770000_5928000,1770000.0,5928000.0,0
1790000_5928000,1790000.0,5928000.0,0
1820000_5928000,1820000.0,5928000.0,0
1830000_5928000,1830000.0,5928000.0,0
1840000_5928000,1840000.0,5928000.0,0
1720000_5938000,1720000.0,5938000.0,0
1730000_5938000,1730000.0,5938000.0,0
1740000_5938000,1740000.0,5938000.0,0
1750000_5938000,1750000.0,5938000.0,0
1820000_5938000,1820000.0,5938000.0,0
1720000_5948000,1720000.0,5948000.0,0
1730000_5948000,1730000.0,5948000.0,0
1740000_5948000,1740000.0,5948000.0,0
1750000_5948000,1750000.0,5948000.0,0
1820000_5948000,1820000.0,5948000.0,0
1710000_5958000,1710000.0,5958000.0,0
1730000_5958000,1730000.0,5958000.0,0
1740000_5958000,1740000.0,5958000.0,0
1750000_5958000,1750000.0,5958000.0,0
1760000_5958000,1760000.0,5958000.0,0
1810000_5958000,1810000.0,5958000.0,0
1730000_5968000,1730000.0,5968000.0,0
1740000_5968000,1740000.0,5968000.0,0
1750000_5968000,1750000.0,5968000.0,0
1700000_5978000,1700000.0,5978000.0,0
1720000_5978000,1720000.0,5978000.0,0
1730000_5978000,1730000.0,5978000.0,0
1740000_5978000,1740000.0,5978000.0,0
1750000_5978000,1750000.0,5978000.0,0
1690000_5988000,1690000.0,5988000.0,0
1710000_5988000,1710000.0,5988000.0,0
1720000_5988000,1720000.0,5988000.0,0
1730000_5988000,1730000.0,5988000.0,0
1740000_5988000,1740000.0,5988000.0,0
1750000_5988000,1750000.0,5988000.0,0
1820000_5988000,1820000.0,5988000.0,0
1690000_5998000,1690000.0,5998000.0,0
1700000_5998000,1700000.0,5998000.0,0
1720000_5998000,1720000.0,5998000.0,0
1730000_5998000,1730000.0,5998000.0,0
1740000_5998000,1740000.0,5998000.0,0
1810000_5998000,1810000.0,5998000.0,0
1680000_6008000,1680000.0,6008000.0,0
1690000_6008000,1690000.0,6008000.0,0
1700000_6008000,1700000.0,6008000.0,0
1710000_6008000,1710000.0,6008000.0,0
1720000_6008000,1720000.0,6008000.0,0
1730000_6008000,1730000.0,6008000.0,0
1740000_6008000,1740000.0,6008000.0,0
1670000_6018000,1670000.0,6018000.0,0
1680000_6018000,1680000.0,6018000.0,0
1690000_6018000,1690000.0,6018000.0,0
1700000_6018000,1700000.0,6018000.0,0
1710000_6018000,1710000.0,6018000.0,0
1720000_6018000,1720000.0,6018000.0,0
1730000_6018000,1730000.0,6018000.0,0
1670000_6028000,1670000.0,6028000.0,0
1680000_6028000,1680000.0,6028000.0,0
1690000_6028000,1690000.0,6028000.0,0
1700000_6028000,1700000.0,6028000.0,0
1710000_6028000,1710000.0,6028000.0,0
1720000_6028000,1720000.0,6028000.0,0
1730000_6028000,1730000.0,6028000.0,0
1660000_6038000,1660000.0,6038000.0,0
1670000_6038000,1670000.0,6038000.0,0
1680000_6038000,1680000.0,6038000.0,0
1690000_6038000,1690000.0,6038000.0,0
1700000_6038000,1700000.0,6038000.0,0
1710000_6038000,1710000.0,6038000.0,0
1720000_6038000,1720000.0,6038000.0,0
1730000_6038000,1730000.0,6038000.0,0
1740000_6038000,1740000.0,6038000.0,0
1650000_6048000,1650000.0,6048000.0,0
1660000_6048000,1660000.0,6048000.0,0
1670000_6048000,1670000.0,6048000.0,0
1680000_6048000,1680000.0,6048000.0,0
1690000_6048000,1690000.0,6048000.0,0
1700000_6048000,1700000.0,6048000.0,0
1710000_6048000,1710000.0,6048000.0,0
1720000_6048000,1720000.0,6048000.0,0
1730000_6048000,1730000.0,6048000.0,0
1640000_6058000,1640000.0,6058000.0,0
1650000_6058000,1650000.0,6058000.0,0
1660000_6058000,1660000.0,6058000.0,0
1670000_6058000,1670000.0,6058000.0,0
1680000_6058000,1680000.0,6058000.0,0
1690000_6058000,1690000.0,6058000.0,0
1700000_6058000,1700000.0,6058000.0,0
1710000_6058000,1710000.0,6058000.0,0
1720000_6058000,1720000.0,6058000.0,0
1730000_6058000,1730000.0,6058000.0,0
1740000_6058000,1740000.0,6058000.0,0
1640000_6068000,1640000.0,6068000.0,0
1650000_6068000,1650000.0,6068000.0,0
1660000_6068000,1660000.0,6068000.0,0
1670000_6068000,1670000.0,6068000.0,0
1680000_6068000,1680000.0,6068000.0,0
1690000_6068000,1690000.0,6068000.0,0
1700000_6068000,1700000.0,6068000.0,0
1710000_6068000,1710000.0,6068000.0,0
1720000_6068000,1720000.0,6068000.0,0
1730000_6068000,1730000.0,6068000.0,0
1630000_6078000,1630000.0,6078000.0,0
1650000_6078000,1650000.0,6078000.0,0
1660000_6078000,1660000.0,6078000.0,0
1670000_6078000,1670000.0,6078000.0,0
1680000_6078000,1680000.0,6078000.0,0
1690000_6078000,1690000.0,6078000.0,0
1700000_6078000,1700000.0,6078000.0,0
1710000_6078000,1710000.0,6078000.0,0
1720000_6078000,1720000.0,6078000.0,0
1620000_6088000,1620000.0,6088000.0,0
1630000_6088000,1630000.0,6088000.0,0
1640000_6088000,1640000.0,6088000.0,0
1660000_6088000,1660000.0,6088000.0,0
1670000_6088000,1670000.0,6088000.0,0
1680000_6088000,1680000.0,6088000.0,0
1690000_6088000,1690000.0,6088000.0,0
1700000_6088000,1700000.0,6088000.0,0
1710000_6088000,1710000.0,6088000.0,0
1620000_6098000,1620000.0,6098000.0,0
1630000_6098000,1630000.0,6098000.0,0
1640000_6098000,1640000.0,6098000.0,0
1650000_6098000,1650000.0,6098000.0,0
1660000_6098000,1660000.0,6098000.0,0
1670000_6098000,1670000.0,6098000.0,0
1680000_6098000,1680000.0,6098000.0,0
1690000_6098000,1690000.0,6098000.0,0
1720000_6098000,1720000.0,6098000.0,0
1620000_6108000,1620000.0,6108000.0,0
1630000_6108000,1630000.0,6108000.0,0
1640000_6108000,1640000.0,6108000.0,0
1650000_6108000,1650000.0,6108000.0,0
1660000_6108000,1660000.0,6108000.0,0
1670000_6108000,1670000.0,6108000.0,0
1680000_6108000,1680000.0,6108000.0,0
1690000_6108000,1690000.0,6108000.0,0
1700000_6108000,1700000.0,6108000.0,0
1620000_6118000,1620000.0,6118000.0,0
1630000_6118000,1630000.0,6118000.0,0
1640000_6118000,1640000.0,6118000.0,0
1650000_6118000,1650000.0,6118000.0,0
1660000_6118000,1660000.0,6118000.0,0
1670000_6118000,1670000.0,6118000.0,0
1680000_6118000,1680000.0,6118000.0,0
1620000_6128000,1620000.0,6128000.0,0
1630000_6128000,1630000.0,6128000.0,0
1640000_6128000,1640000.0,6128000.0,0
1660000_6128000,1660000.0,6128000.0,0
1610000_6138000,1610000.0,6138000.0,0
1620000_6138000,1620000.0,6138000.0,0
1630000_6138000,1630000.0,6138000.0,0
1610000_6148000,1610000.0,6148000.0,0
1600000_6158000,1600000.0,6158000.0,0
1590000_6168000,1590000.0,6168000.0,0
1600000_6168000,1600000.0,6168000.0,0
1580000_6178000,1580000.0,6178000.0,0
1590000_6188000,1590000.0,6188000.0,0
1600000_6188000,1600000.0,6188000.0,0
