siteId,Lon,Lat,Height
1185000_4753000,1185000.0,4753000.0,0
1190000_4753000,1190000.0,4753000.0,0
1195000_4753000,1195000.0,4753000.0,0
1190000_4758000,1190000.0,4758000.0,0
1190000_4763000,1190000.0,4763000.0,0
1195000_4763000,1195000.0,4763000.0,0
1200000_4763000,1200000.0,4763000.0,0
1205000_4763000,1205000.0,4763000.0,0
1210000_4763000,1210000.0,4763000.0,0
1190000_4768000,1190000.0,4768000.0,0
1195000_4768000,1195000.0,4768000.0,0
1200000_4768000,1200000.0,4768000.0,0
1205000_4768000,1205000.0,4768000.0,0
1210000_4768000,1210000.0,4768000.0,0
1215000_4768000,1215000.0,4768000.0,0
1190000_4773000,1190000.0,4773000.0,0
1195000_4773000,1195000.0,4773000.0,0
1200000_4773000,1200000.0,4773000.0,0
1205000_4773000,1205000.0,4773000.0,0
1210000_4773000,1210000.0,4773000.0,0
1215000_4773000,1215000.0,4773000.0,0
1220000_4773000,1220000.0,4773000.0,0
1225000_4773000,1225000.0,4773000.0,0
1230000_4773000,1230000.0,4773000.0,0
1200000_4778000,1200000.0,4778000.0,0
1205000_4778000,1205000.0,4778000.0,0
1210000_4778000,1210000.0,4778000.0,0
1215000_4778000,1215000.0,4778000.0,0
1220000_4778000,1220000.0,4778000.0,0
1225000_4778000,1225000.0,4778000.0,0
1230000_4778000,1230000.0,4778000.0,0
1235000_4778000,1235000.0,4778000.0,0
1200000_4783000,1200000.0,4783000.0,0
1205000_4783000,1205000.0,4783000.0,0
1210000_4783000,1210000.0,4783000.0,0
1215000_4783000,1215000.0,4783000.0,0
1220000_4783000,1220000.0,4783000.0,0
1225000_4783000,1225000.0,4783000.0,0
1230000_4783000,1230000.0,4783000.0,0
1235000_4783000,1235000.0,4783000.0,0
1205000_4788000,1205000.0,4788000.0,0
1210000_4788000,1210000.0,4788000.0,0
1215000_4788000,1215000.0,4788000.0,0
1220000_4788000,1220000.0,4788000.0,0
1225000_4788000,1225000.0,4788000.0,0
1205000_4793000,1205000.0,4793000.0,0
1210000_4793000,1210000.0,4793000.0,0
1215000_4793000,1215000.0,4793000.0,0
1200000_4798000,1200000.0,4798000.0,0
1205000_4798000,1205000.0,4798000.0,0
1210000_4798000,1210000.0,4798000.0,0
1215000_4798000,1215000.0,4798000.0,0
1220000_4798000,1220000.0,4798000.0,0
1225000_4798000,1225000.0,4798000.0,0
1200000_4803000,1200000.0,4803000.0,0
1205000_4803000,1205000.0,4803000.0,0
1210000_4803000,1210000.0,4803000.0,0
1215000_4803000,1215000.0,4803000.0,0
1220000_4803000,1220000.0,4803000.0,0
1190000_4808000,1190000.0,4808000.0,0
1200000_4808000,1200000.0,4808000.0,0
1205000_4808000,1205000.0,4808000.0,0
1210000_4808000,1210000.0,4808000.0,0
1215000_4808000,1215000.0,4808000.0,0
1200000_4813000,1200000.0,4813000.0,0
1205000_4813000,1205000.0,4813000.0,0
1210000_4813000,1210000.0,4813000.0,0
1215000_4813000,1215000.0,4813000.0,0
1285000_4828000,1285000.0,4828000.0,0
1290000_4828000,1290000.0,4828000.0,0
1295000_4828000,1295000.0,4828000.0,0
1300000_4828000,1300000.0,4828000.0,0
1310000_4828000,1310000.0,4828000.0,0
1255000_4833000,1255000.0,4833000.0,0
1280000_4833000,1280000.0,4833000.0,0
1285000_4833000,1285000.0,4833000.0,0
1290000_4833000,1290000.0,4833000.0,0
1295000_4833000,1295000.0,4833000.0,0
1300000_4833000,1300000.0,4833000.0,0
1305000_4833000,1305000.0,4833000.0,0
1310000_4833000,1310000.0,4833000.0,0
1315000_4833000,1315000.0,4833000.0,0
1320000_4833000,1320000.0,4833000.0,0
1325000_4833000,1325000.0,4833000.0,0
1240000_4838000,1240000.0,4838000.0,0
1245000_4838000,1245000.0,4838000.0,0
1250000_4838000,1250000.0,4838000.0,0
1255000_4838000,1255000.0,4838000.0,0
1260000_4838000,1260000.0,4838000.0,0
1265000_4838000,1265000.0,4838000.0,0
1270000_4838000,1270000.0,4838000.0,0
1275000_4838000,1275000.0,4838000.0,0
1280000_4838000,1280000.0,4838000.0,0
1285000_4838000,1285000.0,4838000.0,0
1290000_4838000,1290000.0,4838000.0,0
1295000_4838000,1295000.0,4838000.0,0
1300000_4838000,1300000.0,4838000.0,0
1305000_4838000,1305000.0,4838000.0,0
1310000_4838000,1310000.0,4838000.0,0
1315000_4838000,1315000.0,4838000.0,0
1320000_4838000,1320000.0,4838000.0,0
1325000_4838000,1325000.0,4838000.0,0
1335000_4838000,1335000.0,4838000.0,0
1250000_4843000,1250000.0,4843000.0,0
1255000_4843000,1255000.0,4843000.0,0
1260000_4843000,1260000.0,4843000.0,0
1265000_4843000,1265000.0,4843000.0,0
1270000_4843000,1270000.0,4843000.0,0
1275000_4843000,1275000.0,4843000.0,0
1280000_4843000,1280000.0,4843000.0,0
1285000_4843000,1285000.0,4843000.0,0
1290000_4843000,1290000.0,4843000.0,0
1295000_4843000,1295000.0,4843000.0,0
1300000_4843000,1300000.0,4843000.0,0
1305000_4843000,1305000.0,4843000.0,0
1310000_4843000,1310000.0,4843000.0,0
1315000_4843000,1315000.0,4843000.0,0
1320000_4843000,1320000.0,4843000.0,0
1325000_4843000,1325000.0,4843000.0,0
1330000_4843000,1330000.0,4843000.0,0
1335000_4843000,1335000.0,4843000.0,0
1340000_4843000,1340000.0,4843000.0,0
1345000_4843000,1345000.0,4843000.0,0
1235000_4848000,1235000.0,4848000.0,0
1240000_4848000,1240000.0,4848000.0,0
1245000_4848000,1245000.0,4848000.0,0
1250000_4848000,1250000.0,4848000.0,0
1255000_4848000,1255000.0,4848000.0,0
1260000_4848000,1260000.0,4848000.0,0
1265000_4848000,1265000.0,4848000.0,0
1270000_4848000,1270000.0,4848000.0,0
1275000_4848000,1275000.0,4848000.0,0
1280000_4848000,1280000.0,4848000.0,0
1285000_4848000,1285000.0,4848000.0,0
1290000_4848000,1290000.0,4848000.0,0
1295000_4848000,1295000.0,4848000.0,0
1300000_4848000,1300000.0,4848000.0,0
1305000_4848000,1305000.0,4848000.0,0
1310000_4848000,1310000.0,4848000.0,0
1315000_4848000,1315000.0,4848000.0,0
1320000_4848000,1320000.0,4848000.0,0
1325000_4848000,1325000.0,4848000.0,0
1330000_4848000,1330000.0,4848000.0,0
1335000_4848000,1335000.0,4848000.0,0
1340000_4848000,1340000.0,4848000.0,0
1350000_4848000,1350000.0,4848000.0,0
1195000_4853000,1195000.0,4853000.0,0
1200000_4853000,1200000.0,4853000.0,0
1205000_4853000,1205000.0,4853000.0,0
1215000_4853000,1215000.0,4853000.0,0
1230000_4853000,1230000.0,4853000.0,0
1235000_4853000,1235000.0,4853000.0,0
1240000_4853000,1240000.0,4853000.0,0
1245000_4853000,1245000.0,4853000.0,0
1250000_4853000,1250000.0,4853000.0,0
1255000_4853000,1255000.0,4853000.0,0
1260000_4853000,1260000.0,4853000.0,0
1265000_4853000,1265000.0,4853000.0,0
1270000_4853000,1270000.0,4853000.0,0
1275000_4853000,1275000.0,4853000.0,0
1280000_4853000,1280000.0,4853000.0,0
1285000_4853000,1285000.0,4853000.0,0
1290000_4853000,1290000.0,4853000.0,0
1295000_4853000,1295000.0,4853000.0,0
1300000_4853000,1300000.0,4853000.0,0
1305000_4853000,1305000.0,4853000.0,0
1310000_4853000,1310000.0,4853000.0,0
1315000_4853000,1315000.0,4853000.0,0
1320000_4853000,1320000.0,4853000.0,0
1325000_4853000,1325000.0,4853000.0,0
1330000_4853000,1330000.0,4853000.0,0
1335000_4853000,1335000.0,4853000.0,0
1340000_4853000,1340000.0,4853000.0,0
1345000_4853000,1345000.0,4853000.0,0
1350000_4853000,1350000.0,4853000.0,0
1195000_4858000,1195000.0,4858000.0,0
1200000_4858000,1200000.0,4858000.0,0
1205000_4858000,1205000.0,4858000.0,0
1210000_4858000,1210000.0,4858000.0,0
1215000_4858000,1215000.0,4858000.0,0
1220000_4858000,1220000.0,4858000.0,0
1225000_4858000,1225000.0,4858000.0,0
1230000_4858000,1230000.0,4858000.0,0
1235000_4858000,1235000.0,4858000.0,0
1240000_4858000,1240000.0,4858000.0,0
1245000_4858000,1245000.0,4858000.0,0
1250000_4858000,1250000.0,4858000.0,0
1255000_4858000,1255000.0,4858000.0,0
1260000_4858000,1260000.0,4858000.0,0
1265000_4858000,1265000.0,4858000.0,0
1270000_4858000,1270000.0,4858000.0,0
1275000_4858000,1275000.0,4858000.0,0
1280000_4858000,1280000.0,4858000.0,0
1285000_4858000,1285000.0,4858000.0,0
1290000_4858000,1290000.0,4858000.0,0
1295000_4858000,1295000.0,4858000.0,0
1300000_4858000,1300000.0,4858000.0,0
1305000_4858000,1305000.0,4858000.0,0
1310000_4858000,1310000.0,4858000.0,0
1315000_4858000,1315000.0,4858000.0,0
1320000_4858000,1320000.0,4858000.0,0
1325000_4858000,1325000.0,4858000.0,0
1330000_4858000,1330000.0,4858000.0,0
1335000_4858000,1335000.0,4858000.0,0
1340000_4858000,1340000.0,4858000.0,0
1345000_4858000,1345000.0,4858000.0,0
1350000_4858000,1350000.0,4858000.0,0
1120000_4863000,1120000.0,4863000.0,0
1135000_4863000,1135000.0,4863000.0,0
1140000_4863000,1140000.0,4863000.0,0
1145000_4863000,1145000.0,4863000.0,0
1150000_4863000,1150000.0,4863000.0,0
1155000_4863000,1155000.0,4863000.0,0
1160000_4863000,1160000.0,4863000.0,0
1195000_4863000,1195000.0,4863000.0,0
1200000_4863000,1200000.0,4863000.0,0
1205000_4863000,1205000.0,4863000.0,0
1210000_4863000,1210000.0,4863000.0,0
1215000_4863000,1215000.0,4863000.0,0
1220000_4863000,1220000.0,4863000.0,0
1225000_4863000,1225000.0,4863000.0,0
1230000_4863000,1230000.0,4863000.0,0
1235000_4863000,1235000.0,4863000.0,0
1240000_4863000,1240000.0,4863000.0,0
1245000_4863000,1245000.0,4863000.0,0
1250000_4863000,1250000.0,4863000.0,0
1255000_4863000,1255000.0,4863000.0,0
1260000_4863000,1260000.0,4863000.0,0
1265000_4863000,1265000.0,4863000.0,0
1270000_4863000,1270000.0,4863000.0,0
1275000_4863000,1275000.0,4863000.0,0
1280000_4863000,1280000.0,4863000.0,0
1285000_4863000,1285000.0,4863000.0,0
1290000_4863000,1290000.0,4863000.0,0
1295000_4863000,1295000.0,4863000.0,0
1300000_4863000,1300000.0,4863000.0,0
1305000_4863000,1305000.0,4863000.0,0
1310000_4863000,1310000.0,4863000.0,0
1315000_4863000,1315000.0,4863000.0,0
1320000_4863000,1320000.0,4863000.0,0
1325000_4863000,1325000.0,4863000.0,0
1330000_4863000,1330000.0,4863000.0,0
1335000_4863000,1335000.0,4863000.0,0
1340000_4863000,1340000.0,4863000.0,0
1345000_4863000,1345000.0,4863000.0,0
1350000_4863000,1350000.0,4863000.0,0
1355000_4863000,1355000.0,4863000.0,0
1110000_4868000,1110000.0,4868000.0,0
1115000_4868000,1115000.0,4868000.0,0
1120000_4868000,1120000.0,4868000.0,0
1125000_4868000,1125000.0,4868000.0,0
1130000_4868000,1130000.0,4868000.0,0
1135000_4868000,1135000.0,4868000.0,0
1140000_4868000,1140000.0,4868000.0,0
1145000_4868000,1145000.0,4868000.0,0
1150000_4868000,1150000.0,4868000.0,0
1155000_4868000,1155000.0,4868000.0,0
1160000_4868000,1160000.0,4868000.0,0
1190000_4868000,1190000.0,4868000.0,0
1195000_4868000,1195000.0,4868000.0,0
1200000_4868000,1200000.0,4868000.0,0
1205000_4868000,1205000.0,4868000.0,0
1210000_4868000,1210000.0,4868000.0,0
1215000_4868000,1215000.0,4868000.0,0
1220000_4868000,1220000.0,4868000.0,0
1225000_4868000,1225000.0,4868000.0,0
1230000_4868000,1230000.0,4868000.0,0
1235000_4868000,1235000.0,4868000.0,0
1240000_4868000,1240000.0,4868000.0,0
1245000_4868000,1245000.0,4868000.0,0
1250000_4868000,1250000.0,4868000.0,0
1255000_4868000,1255000.0,4868000.0,0
1260000_4868000,1260000.0,4868000.0,0
1265000_4868000,1265000.0,4868000.0,0
1270000_4868000,1270000.0,4868000.0,0
1275000_4868000,1275000.0,4868000.0,0
1280000_4868000,1280000.0,4868000.0,0
1285000_4868000,1285000.0,4868000.0,0
1290000_4868000,1290000.0,4868000.0,0
1295000_4868000,1295000.0,4868000.0,0
1300000_4868000,1300000.0,4868000.0,0
1305000_4868000,1305000.0,4868000.0,0
1310000_4868000,1310000.0,4868000.0,0
1315000_4868000,1315000.0,4868000.0,0
1320000_4868000,1320000.0,4868000.0,0
1325000_4868000,1325000.0,4868000.0,0
1330000_4868000,1330000.0,4868000.0,0
1335000_4868000,1335000.0,4868000.0,0
1340000_4868000,1340000.0,4868000.0,0
1345000_4868000,1345000.0,4868000.0,0
1350000_4868000,1350000.0,4868000.0,0
1355000_4868000,1355000.0,4868000.0,0
1360000_4868000,1360000.0,4868000.0,0
1115000_4873000,1115000.0,4873000.0,0
1120000_4873000,1120000.0,4873000.0,0
1125000_4873000,1125000.0,4873000.0,0
1130000_4873000,1130000.0,4873000.0,0
1135000_4873000,1135000.0,4873000.0,0
1140000_4873000,1140000.0,4873000.0,0
1145000_4873000,1145000.0,4873000.0,0
1150000_4873000,1150000.0,4873000.0,0
1155000_4873000,1155000.0,4873000.0,0
1160000_4873000,1160000.0,4873000.0,0
1165000_4873000,1165000.0,4873000.0,0
1180000_4873000,1180000.0,4873000.0,0
1185000_4873000,1185000.0,4873000.0,0
1190000_4873000,1190000.0,4873000.0,0
1195000_4873000,1195000.0,4873000.0,0
1200000_4873000,1200000.0,4873000.0,0
1205000_4873000,1205000.0,4873000.0,0
1210000_4873000,1210000.0,4873000.0,0
1215000_4873000,1215000.0,4873000.0,0
1220000_4873000,1220000.0,4873000.0,0
1225000_4873000,1225000.0,4873000.0,0
1230000_4873000,1230000.0,4873000.0,0
1235000_4873000,1235000.0,4873000.0,0
1240000_4873000,1240000.0,4873000.0,0
1245000_4873000,1245000.0,4873000.0,0
1250000_4873000,1250000.0,4873000.0,0
1255000_4873000,1255000.0,4873000.0,0
1260000_4873000,1260000.0,4873000.0,0
1265000_4873000,1265000.0,4873000.0,0
1270000_4873000,1270000.0,4873000.0,0
1275000_4873000,1275000.0,4873000.0,0
1280000_4873000,1280000.0,4873000.0,0
1285000_4873000,1285000.0,4873000.0,0
1290000_4873000,1290000.0,4873000.0,0
1295000_4873000,1295000.0,4873000.0,0
1300000_4873000,1300000.0,4873000.0,0
1305000_4873000,1305000.0,4873000.0,0
1310000_4873000,1310000.0,4873000.0,0
1315000_4873000,1315000.0,4873000.0,0
1320000_4873000,1320000.0,4873000.0,0
1325000_4873000,1325000.0,4873000.0,0
1330000_4873000,1330000.0,4873000.0,0
1335000_4873000,1335000.0,4873000.0,0
1340000_4873000,1340000.0,4873000.0,0
1345000_4873000,1345000.0,4873000.0,0
1350000_4873000,1350000.0,4873000.0,0
1355000_4873000,1355000.0,4873000.0,0
1360000_4873000,1360000.0,4873000.0,0
1365000_4873000,1365000.0,4873000.0,0
1105000_4878000,1105000.0,4878000.0,0
1115000_4878000,1115000.0,4878000.0,0
1120000_4878000,1120000.0,4878000.0,0
1125000_4878000,1125000.0,4878000.0,0
1130000_4878000,1130000.0,4878000.0,0
1135000_4878000,1135000.0,4878000.0,0
1140000_4878000,1140000.0,4878000.0,0
1145000_4878000,1145000.0,4878000.0,0
1150000_4878000,1150000.0,4878000.0,0
1155000_4878000,1155000.0,4878000.0,0
1160000_4878000,1160000.0,4878000.0,0
1165000_4878000,1165000.0,4878000.0,0
1170000_4878000,1170000.0,4878000.0,0
1175000_4878000,1175000.0,4878000.0,0
1180000_4878000,1180000.0,4878000.0,0
1185000_4878000,1185000.0,4878000.0,0
1190000_4878000,1190000.0,4878000.0,0
1195000_4878000,1195000.0,4878000.0,0
1200000_4878000,1200000.0,4878000.0,0
1205000_4878000,1205000.0,4878000.0,0
1210000_4878000,1210000.0,4878000.0,0
1215000_4878000,1215000.0,4878000.0,0
1220000_4878000,1220000.0,4878000.0,0
1225000_4878000,1225000.0,4878000.0,0
1230000_4878000,1230000.0,4878000.0,0
1235000_4878000,1235000.0,4878000.0,0
1240000_4878000,1240000.0,4878000.0,0
1245000_4878000,1245000.0,4878000.0,0
1250000_4878000,1250000.0,4878000.0,0
1255000_4878000,1255000.0,4878000.0,0
1260000_4878000,1260000.0,4878000.0,0
1265000_4878000,1265000.0,4878000.0,0
1270000_4878000,1270000.0,4878000.0,0
1275000_4878000,1275000.0,4878000.0,0
1280000_4878000,1280000.0,4878000.0,0
1285000_4878000,1285000.0,4878000.0,0
1290000_4878000,1290000.0,4878000.0,0
1295000_4878000,1295000.0,4878000.0,0
1300000_4878000,1300000.0,4878000.0,0
1305000_4878000,1305000.0,4878000.0,0
1310000_4878000,1310000.0,4878000.0,0
1315000_4878000,1315000.0,4878000.0,0
1320000_4878000,1320000.0,4878000.0,0
1325000_4878000,1325000.0,4878000.0,0
1330000_4878000,1330000.0,4878000.0,0
1335000_4878000,1335000.0,4878000.0,0
1340000_4878000,1340000.0,4878000.0,0
1345000_4878000,1345000.0,4878000.0,0
1350000_4878000,1350000.0,4878000.0,0
1355000_4878000,1355000.0,4878000.0,0
1360000_4878000,1360000.0,4878000.0,0
1365000_4878000,1365000.0,4878000.0,0
1370000_4878000,1370000.0,4878000.0,0
1100000_4883000,1100000.0,4883000.0,0
1105000_4883000,1105000.0,4883000.0,0
1110000_4883000,1110000.0,4883000.0,0
1115000_4883000,1115000.0,4883000.0,0
1120000_4883000,1120000.0,4883000.0,0
1125000_4883000,1125000.0,4883000.0,0
1130000_4883000,1130000.0,4883000.0,0
1135000_4883000,1135000.0,4883000.0,0
1140000_4883000,1140000.0,4883000.0,0
1145000_4883000,1145000.0,4883000.0,0
1150000_4883000,1150000.0,4883000.0,0
1155000_4883000,1155000.0,4883000.0,0
1160000_4883000,1160000.0,4883000.0,0
1165000_4883000,1165000.0,4883000.0,0
1170000_4883000,1170000.0,4883000.0,0
1175000_4883000,1175000.0,4883000.0,0
1180000_4883000,1180000.0,4883000.0,0
1185000_4883000,1185000.0,4883000.0,0
1190000_4883000,1190000.0,4883000.0,0
1195000_4883000,1195000.0,4883000.0,0
1200000_4883000,1200000.0,4883000.0,0
1205000_4883000,1205000.0,4883000.0,0
1210000_4883000,1210000.0,4883000.0,0
1215000_4883000,1215000.0,4883000.0,0
1220000_4883000,1220000.0,4883000.0,0
1225000_4883000,1225000.0,4883000.0,0
1230000_4883000,1230000.0,4883000.0,0
1235000_4883000,1235000.0,4883000.0,0
1240000_4883000,1240000.0,4883000.0,0
1245000_4883000,1245000.0,4883000.0,0
1250000_4883000,1250000.0,4883000.0,0
1255000_4883000,1255000.0,4883000.0,0
1260000_4883000,1260000.0,4883000.0,0
1265000_4883000,1265000.0,4883000.0,0
1270000_4883000,1270000.0,4883000.0,0
1275000_4883000,1275000.0,4883000.0,0
1280000_4883000,1280000.0,4883000.0,0
1285000_4883000,1285000.0,4883000.0,0
1290000_4883000,1290000.0,4883000.0,0
1295000_4883000,1295000.0,4883000.0,0
1300000_4883000,1300000.0,4883000.0,0
1305000_4883000,1305000.0,4883000.0,0
1310000_4883000,1310000.0,4883000.0,0
1315000_4883000,1315000.0,4883000.0,0
1320000_4883000,1320000.0,4883000.0,0
1325000_4883000,1325000.0,4883000.0,0
1330000_4883000,1330000.0,4883000.0,0
1335000_4883000,1335000.0,4883000.0,0
1340000_4883000,1340000.0,4883000.0,0
1345000_4883000,1345000.0,4883000.0,0
1350000_4883000,1350000.0,4883000.0,0
1355000_4883000,1355000.0,4883000.0,0
1360000_4883000,1360000.0,4883000.0,0
1365000_4883000,1365000.0,4883000.0,0
1370000_4883000,1370000.0,4883000.0,0
1375000_4883000,1375000.0,4883000.0,0
1095000_4888000,1095000.0,4888000.0,0
1100000_4888000,1100000.0,4888000.0,0
1110000_4888000,1110000.0,4888000.0,0
1115000_4888000,1115000.0,4888000.0,0
1125000_4888000,1125000.0,4888000.0,0
1130000_4888000,1130000.0,4888000.0,0
1135000_4888000,1135000.0,4888000.0,0
1140000_4888000,1140000.0,4888000.0,0
1145000_4888000,1145000.0,4888000.0,0
1150000_4888000,1150000.0,4888000.0,0
1155000_4888000,1155000.0,4888000.0,0
1160000_4888000,1160000.0,4888000.0,0
1165000_4888000,1165000.0,4888000.0,0
1170000_4888000,1170000.0,4888000.0,0
1175000_4888000,1175000.0,4888000.0,0
1180000_4888000,1180000.0,4888000.0,0
1185000_4888000,1185000.0,4888000.0,0
1190000_4888000,1190000.0,4888000.0,0
1195000_4888000,1195000.0,4888000.0,0
1200000_4888000,1200000.0,4888000.0,0
1205000_4888000,1205000.0,4888000.0,0
1210000_4888000,1210000.0,4888000.0,0
1215000_4888000,1215000.0,4888000.0,0
1220000_4888000,1220000.0,4888000.0,0
1225000_4888000,1225000.0,4888000.0,0
1230000_4888000,1230000.0,4888000.0,0
1235000_4888000,1235000.0,4888000.0,0
1240000_4888000,1240000.0,4888000.0,0
1245000_4888000,1245000.0,4888000.0,0
1250000_4888000,1250000.0,4888000.0,0
1255000_4888000,1255000.0,4888000.0,0
1260000_4888000,1260000.0,4888000.0,0
1265000_4888000,1265000.0,4888000.0,0
1270000_4888000,1270000.0,4888000.0,0
1275000_4888000,1275000.0,4888000.0,0
1280000_4888000,1280000.0,4888000.0,0
1285000_4888000,1285000.0,4888000.0,0
1290000_4888000,1290000.0,4888000.0,0
1295000_4888000,1295000.0,4888000.0,0
1300000_4888000,1300000.0,4888000.0,0
1305000_4888000,1305000.0,4888000.0,0
1310000_4888000,1310000.0,4888000.0,0
1315000_4888000,1315000.0,4888000.0,0
1320000_4888000,1320000.0,4888000.0,0
1325000_4888000,1325000.0,4888000.0,0
1330000_4888000,1330000.0,4888000.0,0
1335000_4888000,1335000.0,4888000.0,0
1340000_4888000,1340000.0,4888000.0,0
1345000_4888000,1345000.0,4888000.0,0
1350000_4888000,1350000.0,4888000.0,0
1355000_4888000,1355000.0,4888000.0,0
1360000_4888000,1360000.0,4888000.0,0
1365000_4888000,1365000.0,4888000.0,0
1370000_4888000,1370000.0,4888000.0,0
1375000_4888000,1375000.0,4888000.0,0
1380000_4888000,1380000.0,4888000.0,0
1095000_4893000,1095000.0,4893000.0,0
1100000_4893000,1100000.0,4893000.0,0
1105000_4893000,1105000.0,4893000.0,0
1110000_4893000,1110000.0,4893000.0,0
1120000_4893000,1120000.0,4893000.0,0
1130000_4893000,1130000.0,4893000.0,0
1135000_4893000,1135000.0,4893000.0,0
1140000_4893000,1140000.0,4893000.0,0
1145000_4893000,1145000.0,4893000.0,0
1150000_4893000,1150000.0,4893000.0,0
1155000_4893000,1155000.0,4893000.0,0
1160000_4893000,1160000.0,4893000.0,0
1165000_4893000,1165000.0,4893000.0,0
1170000_4893000,1170000.0,4893000.0,0
1175000_4893000,1175000.0,4893000.0,0
1180000_4893000,1180000.0,4893000.0,0
1185000_4893000,1185000.0,4893000.0,0
1190000_4893000,1190000.0,4893000.0,0
1195000_4893000,1195000.0,4893000.0,0
1200000_4893000,1200000.0,4893000.0,0
1205000_4893000,1205000.0,4893000.0,0
1210000_4893000,1210000.0,4893000.0,0
1215000_4893000,1215000.0,4893000.0,0
1220000_4893000,1220000.0,4893000.0,0
1225000_4893000,1225000.0,4893000.0,0
1230000_4893000,1230000.0,4893000.0,0
1235000_4893000,1235000.0,4893000.0,0
1240000_4893000,1240000.0,4893000.0,0
1245000_4893000,1245000.0,4893000.0,0
1250000_4893000,1250000.0,4893000.0,0
1255000_4893000,1255000.0,4893000.0,0
1260000_4893000,1260000.0,4893000.0,0
1265000_4893000,1265000.0,4893000.0,0
1270000_4893000,1270000.0,4893000.0,0
1275000_4893000,1275000.0,4893000.0,0
1280000_4893000,1280000.0,4893000.0,0
1285000_4893000,1285000.0,4893000.0,0
1290000_4893000,1290000.0,4893000.0,0
1295000_4893000,1295000.0,4893000.0,0
1300000_4893000,1300000.0,4893000.0,0
1305000_4893000,1305000.0,4893000.0,0
1310000_4893000,1310000.0,4893000.0,0
1315000_4893000,1315000.0,4893000.0,0
1320000_4893000,1320000.0,4893000.0,0
1325000_4893000,1325000.0,4893000.0,0
1330000_4893000,1330000.0,4893000.0,0
1335000_4893000,1335000.0,4893000.0,0
1340000_4893000,1340000.0,4893000.0,0
1345000_4893000,1345000.0,4893000.0,0
1350000_4893000,1350000.0,4893000.0,0
1355000_4893000,1355000.0,4893000.0,0
1360000_4893000,1360000.0,4893000.0,0
1365000_4893000,1365000.0,4893000.0,0
1370000_4893000,1370000.0,4893000.0,0
1375000_4893000,1375000.0,4893000.0,0
1380000_4893000,1380000.0,4893000.0,0
1095000_4898000,1095000.0,4898000.0,0
1100000_4898000,1100000.0,4898000.0,0
1105000_4898000,1105000.0,4898000.0,0
1115000_4898000,1115000.0,4898000.0,0
1120000_4898000,1120000.0,4898000.0,0
1125000_4898000,1125000.0,4898000.0,0
1130000_4898000,1130000.0,4898000.0,0
1135000_4898000,1135000.0,4898000.0,0
1140000_4898000,1140000.0,4898000.0,0
1145000_4898000,1145000.0,4898000.0,0
1150000_4898000,1150000.0,4898000.0,0
1155000_4898000,1155000.0,4898000.0,0
1160000_4898000,1160000.0,4898000.0,0
1165000_4898000,1165000.0,4898000.0,0
1170000_4898000,1170000.0,4898000.0,0
1175000_4898000,1175000.0,4898000.0,0
1180000_4898000,1180000.0,4898000.0,0
1185000_4898000,1185000.0,4898000.0,0
1190000_4898000,1190000.0,4898000.0,0
1195000_4898000,1195000.0,4898000.0,0
1200000_4898000,1200000.0,4898000.0,0
1205000_4898000,1205000.0,4898000.0,0
1210000_4898000,1210000.0,4898000.0,0
1215000_4898000,1215000.0,4898000.0,0
1220000_4898000,1220000.0,4898000.0,0
1225000_4898000,1225000.0,4898000.0,0
1230000_4898000,1230000.0,4898000.0,0
1235000_4898000,1235000.0,4898000.0,0
1240000_4898000,1240000.0,4898000.0,0
1245000_4898000,1245000.0,4898000.0,0
1250000_4898000,1250000.0,4898000.0,0
1255000_4898000,1255000.0,4898000.0,0
1260000_4898000,1260000.0,4898000.0,0
1265000_4898000,1265000.0,4898000.0,0
1270000_4898000,1270000.0,4898000.0,0
1275000_4898000,1275000.0,4898000.0,0
1280000_4898000,1280000.0,4898000.0,0
1285000_4898000,1285000.0,4898000.0,0
1290000_4898000,1290000.0,4898000.0,0
1295000_4898000,1295000.0,4898000.0,0
1300000_4898000,1300000.0,4898000.0,0
1305000_4898000,1305000.0,4898000.0,0
1310000_4898000,1310000.0,4898000.0,0
1315000_4898000,1315000.0,4898000.0,0
1320000_4898000,1320000.0,4898000.0,0
1325000_4898000,1325000.0,4898000.0,0
1330000_4898000,1330000.0,4898000.0,0
1335000_4898000,1335000.0,4898000.0,0
1340000_4898000,1340000.0,4898000.0,0
1345000_4898000,1345000.0,4898000.0,0
1350000_4898000,1350000.0,4898000.0,0
1355000_4898000,1355000.0,4898000.0,0
1360000_4898000,1360000.0,4898000.0,0
1365000_4898000,1365000.0,4898000.0,0
1370000_4898000,1370000.0,4898000.0,0
1375000_4898000,1375000.0,4898000.0,0
1380000_4898000,1380000.0,4898000.0,0
1095000_4903000,1095000.0,4903000.0,0
1100000_4903000,1100000.0,4903000.0,0
1105000_4903000,1105000.0,4903000.0,0
1110000_4903000,1110000.0,4903000.0,0
1115000_4903000,1115000.0,4903000.0,0
1120000_4903000,1120000.0,4903000.0,0
1125000_4903000,1125000.0,4903000.0,0
1130000_4903000,1130000.0,4903000.0,0
1135000_4903000,1135000.0,4903000.0,0
1140000_4903000,1140000.0,4903000.0,0
1145000_4903000,1145000.0,4903000.0,0
1150000_4903000,1150000.0,4903000.0,0
1155000_4903000,1155000.0,4903000.0,0
1160000_4903000,1160000.0,4903000.0,0
1165000_4903000,1165000.0,4903000.0,0
1170000_4903000,1170000.0,4903000.0,0
1175000_4903000,1175000.0,4903000.0,0
1180000_4903000,1180000.0,4903000.0,0
1185000_4903000,1185000.0,4903000.0,0
1190000_4903000,1190000.0,4903000.0,0
1195000_4903000,1195000.0,4903000.0,0
1200000_4903000,1200000.0,4903000.0,0
1205000_4903000,1205000.0,4903000.0,0
1210000_4903000,1210000.0,4903000.0,0
1215000_4903000,1215000.0,4903000.0,0
1220000_4903000,1220000.0,4903000.0,0
1225000_4903000,1225000.0,4903000.0,0
1230000_4903000,1230000.0,4903000.0,0
1235000_4903000,1235000.0,4903000.0,0
1240000_4903000,1240000.0,4903000.0,0
1245000_4903000,1245000.0,4903000.0,0
1250000_4903000,1250000.0,4903000.0,0
1255000_4903000,1255000.0,4903000.0,0
1260000_4903000,1260000.0,4903000.0,0
1265000_4903000,1265000.0,4903000.0,0
1270000_4903000,1270000.0,4903000.0,0
1275000_4903000,1275000.0,4903000.0,0
1280000_4903000,1280000.0,4903000.0,0
1285000_4903000,1285000.0,4903000.0,0
1290000_4903000,1290000.0,4903000.0,0
1295000_4903000,1295000.0,4903000.0,0
1300000_4903000,1300000.0,4903000.0,0
1305000_4903000,1305000.0,4903000.0,0
1310000_4903000,1310000.0,4903000.0,0
1315000_4903000,1315000.0,4903000.0,0
1320000_4903000,1320000.0,4903000.0,0
1325000_4903000,1325000.0,4903000.0,0
1330000_4903000,1330000.0,4903000.0,0
1335000_4903000,1335000.0,4903000.0,0
1340000_4903000,1340000.0,4903000.0,0
1345000_4903000,1345000.0,4903000.0,0
1350000_4903000,1350000.0,4903000.0,0
1355000_4903000,1355000.0,4903000.0,0
1360000_4903000,1360000.0,4903000.0,0
1365000_4903000,1365000.0,4903000.0,0
1370000_4903000,1370000.0,4903000.0,0
1375000_4903000,1375000.0,4903000.0,0
1380000_4903000,1380000.0,4903000.0,0
1385000_4903000,1385000.0,4903000.0,0
1100000_4908000,1100000.0,4908000.0,0
1105000_4908000,1105000.0,4908000.0,0
1110000_4908000,1110000.0,4908000.0,0
1115000_4908000,1115000.0,4908000.0,0
1120000_4908000,1120000.0,4908000.0,0
1125000_4908000,1125000.0,4908000.0,0
1130000_4908000,1130000.0,4908000.0,0
1135000_4908000,1135000.0,4908000.0,0
1140000_4908000,1140000.0,4908000.0,0
1145000_4908000,1145000.0,4908000.0,0
1150000_4908000,1150000.0,4908000.0,0
1155000_4908000,1155000.0,4908000.0,0
1160000_4908000,1160000.0,4908000.0,0
1165000_4908000,1165000.0,4908000.0,0
1170000_4908000,1170000.0,4908000.0,0
1175000_4908000,1175000.0,4908000.0,0
1180000_4908000,1180000.0,4908000.0,0
1185000_4908000,1185000.0,4908000.0,0
1190000_4908000,1190000.0,4908000.0,0
1195000_4908000,1195000.0,4908000.0,0
1200000_4908000,1200000.0,4908000.0,0
1205000_4908000,1205000.0,4908000.0,0
1210000_4908000,1210000.0,4908000.0,0
1215000_4908000,1215000.0,4908000.0,0
1220000_4908000,1220000.0,4908000.0,0
1225000_4908000,1225000.0,4908000.0,0
1230000_4908000,1230000.0,4908000.0,0
1235000_4908000,1235000.0,4908000.0,0
1240000_4908000,1240000.0,4908000.0,0
1245000_4908000,1245000.0,4908000.0,0
1250000_4908000,1250000.0,4908000.0,0
1255000_4908000,1255000.0,4908000.0,0
1260000_4908000,1260000.0,4908000.0,0
1265000_4908000,1265000.0,4908000.0,0
1270000_4908000,1270000.0,4908000.0,0
1275000_4908000,1275000.0,4908000.0,0
1280000_4908000,1280000.0,4908000.0,0
1285000_4908000,1285000.0,4908000.0,0
1290000_4908000,1290000.0,4908000.0,0
1295000_4908000,1295000.0,4908000.0,0
1300000_4908000,1300000.0,4908000.0,0
1305000_4908000,1305000.0,4908000.0,0
1310000_4908000,1310000.0,4908000.0,0
1315000_4908000,1315000.0,4908000.0,0
1320000_4908000,1320000.0,4908000.0,0
1325000_4908000,1325000.0,4908000.0,0
1330000_4908000,1330000.0,4908000.0,0
1335000_4908000,1335000.0,4908000.0,0
1340000_4908000,1340000.0,4908000.0,0
1345000_4908000,1345000.0,4908000.0,0
1350000_4908000,1350000.0,4908000.0,0
1355000_4908000,1355000.0,4908000.0,0
1360000_4908000,1360000.0,4908000.0,0
1365000_4908000,1365000.0,4908000.0,0
1370000_4908000,1370000.0,4908000.0,0
1375000_4908000,1375000.0,4908000.0,0
1380000_4908000,1380000.0,4908000.0,0
1385000_4908000,1385000.0,4908000.0,0
1390000_4908000,1390000.0,4908000.0,0
1095000_4913000,1095000.0,4913000.0,0
1110000_4913000,1110000.0,4913000.0,0
1115000_4913000,1115000.0,4913000.0,0
1125000_4913000,1125000.0,4913000.0,0
1130000_4913000,1130000.0,4913000.0,0
1135000_4913000,1135000.0,4913000.0,0
1140000_4913000,1140000.0,4913000.0,0
1145000_4913000,1145000.0,4913000.0,0
1150000_4913000,1150000.0,4913000.0,0
1155000_4913000,1155000.0,4913000.0,0
1160000_4913000,1160000.0,4913000.0,0
1165000_4913000,1165000.0,4913000.0,0
1170000_4913000,1170000.0,4913000.0,0
1175000_4913000,1175000.0,4913000.0,0
1180000_4913000,1180000.0,4913000.0,0
1185000_4913000,1185000.0,4913000.0,0
1190000_4913000,1190000.0,4913000.0,0
1195000_4913000,1195000.0,4913000.0,0
1200000_4913000,1200000.0,4913000.0,0
1205000_4913000,1205000.0,4913000.0,0
1210000_4913000,1210000.0,4913000.0,0
1215000_4913000,1215000.0,4913000.0,0
1220000_4913000,1220000.0,4913000.0,0
1225000_4913000,1225000.0,4913000.0,0
1230000_4913000,1230000.0,4913000.0,0
1235000_4913000,1235000.0,4913000.0,0
1240000_4913000,1240000.0,4913000.0,0
1245000_4913000,1245000.0,4913000.0,0
1250000_4913000,1250000.0,4913000.0,0
1255000_4913000,1255000.0,4913000.0,0
1260000_4913000,1260000.0,4913000.0,0
1265000_4913000,1265000.0,4913000.0,0
1270000_4913000,1270000.0,4913000.0,0
1275000_4913000,1275000.0,4913000.0,0
1280000_4913000,1280000.0,4913000.0,0
1285000_4913000,1285000.0,4913000.0,0
1290000_4913000,1290000.0,4913000.0,0
1295000_4913000,1295000.0,4913000.0,0
1300000_4913000,1300000.0,4913000.0,0
1305000_4913000,1305000.0,4913000.0,0
1310000_4913000,1310000.0,4913000.0,0
1315000_4913000,1315000.0,4913000.0,0
1320000_4913000,1320000.0,4913000.0,0
1325000_4913000,1325000.0,4913000.0,0
1330000_4913000,1330000.0,4913000.0,0
1335000_4913000,1335000.0,4913000.0,0
1340000_4913000,1340000.0,4913000.0,0
1345000_4913000,1345000.0,4913000.0,0
1350000_4913000,1350000.0,4913000.0,0
1355000_4913000,1355000.0,4913000.0,0
1360000_4913000,1360000.0,4913000.0,0
1365000_4913000,1365000.0,4913000.0,0
1370000_4913000,1370000.0,4913000.0,0
1375000_4913000,1375000.0,4913000.0,0
1380000_4913000,1380000.0,4913000.0,0
1385000_4913000,1385000.0,4913000.0,0
1390000_4913000,1390000.0,4913000.0,0
1395000_4913000,1395000.0,4913000.0,0
1400000_4913000,1400000.0,4913000.0,0
1405000_4913000,1405000.0,4913000.0,0
1100000_4918000,1100000.0,4918000.0,0
1105000_4918000,1105000.0,4918000.0,0
1110000_4918000,1110000.0,4918000.0,0
1120000_4918000,1120000.0,4918000.0,0
1130000_4918000,1130000.0,4918000.0,0
1135000_4918000,1135000.0,4918000.0,0
1140000_4918000,1140000.0,4918000.0,0
1145000_4918000,1145000.0,4918000.0,0
1150000_4918000,1150000.0,4918000.0,0
1155000_4918000,1155000.0,4918000.0,0
1160000_4918000,1160000.0,4918000.0,0
1165000_4918000,1165000.0,4918000.0,0
1170000_4918000,1170000.0,4918000.0,0
1175000_4918000,1175000.0,4918000.0,0
1180000_4918000,1180000.0,4918000.0,0
1185000_4918000,1185000.0,4918000.0,0
1190000_4918000,1190000.0,4918000.0,0
1195000_4918000,1195000.0,4918000.0,0
1200000_4918000,1200000.0,4918000.0,0
1205000_4918000,1205000.0,4918000.0,0
1210000_4918000,1210000.0,4918000.0,0
1215000_4918000,1215000.0,4918000.0,0
1220000_4918000,1220000.0,4918000.0,0
1225000_4918000,1225000.0,4918000.0,0
1230000_4918000,1230000.0,4918000.0,0
1235000_4918000,1235000.0,4918000.0,0
1240000_4918000,1240000.0,4918000.0,0
1245000_4918000,1245000.0,4918000.0,0
1250000_4918000,1250000.0,4918000.0,0
1255000_4918000,1255000.0,4918000.0,0
1260000_4918000,1260000.0,4918000.0,0
1265000_4918000,1265000.0,4918000.0,0
1270000_4918000,1270000.0,4918000.0,0
1275000_4918000,1275000.0,4918000.0,0
1280000_4918000,1280000.0,4918000.0,0
1285000_4918000,1285000.0,4918000.0,0
1290000_4918000,1290000.0,4918000.0,0
1295000_4918000,1295000.0,4918000.0,0
1300000_4918000,1300000.0,4918000.0,0
1305000_4918000,1305000.0,4918000.0,0
1310000_4918000,1310000.0,4918000.0,0
1315000_4918000,1315000.0,4918000.0,0
1320000_4918000,1320000.0,4918000.0,0
1325000_4918000,1325000.0,4918000.0,0
1330000_4918000,1330000.0,4918000.0,0
1335000_4918000,1335000.0,4918000.0,0
1340000_4918000,1340000.0,4918000.0,0
1345000_4918000,1345000.0,4918000.0,0
1350000_4918000,1350000.0,4918000.0,0
1355000_4918000,1355000.0,4918000.0,0
1360000_4918000,1360000.0,4918000.0,0
1365000_4918000,1365000.0,4918000.0,0
1370000_4918000,1370000.0,4918000.0,0
1375000_4918000,1375000.0,4918000.0,0
1380000_4918000,1380000.0,4918000.0,0
1385000_4918000,1385000.0,4918000.0,0
1390000_4918000,1390000.0,4918000.0,0
1395000_4918000,1395000.0,4918000.0,0
1400000_4918000,1400000.0,4918000.0,0
1405000_4918000,1405000.0,4918000.0,0
1410000_4918000,1410000.0,4918000.0,0
1415000_4918000,1415000.0,4918000.0,0
1425000_4918000,1425000.0,4918000.0,0
1095000_4923000,1095000.0,4923000.0,0
1100000_4923000,1100000.0,4923000.0,0
1105000_4923000,1105000.0,4923000.0,0
1110000_4923000,1110000.0,4923000.0,0
1115000_4923000,1115000.0,4923000.0,0
1120000_4923000,1120000.0,4923000.0,0
1125000_4923000,1125000.0,4923000.0,0
1130000_4923000,1130000.0,4923000.0,0
1135000_4923000,1135000.0,4923000.0,0
1140000_4923000,1140000.0,4923000.0,0
1145000_4923000,1145000.0,4923000.0,0
1150000_4923000,1150000.0,4923000.0,0
1155000_4923000,1155000.0,4923000.0,0
1160000_4923000,1160000.0,4923000.0,0
1165000_4923000,1165000.0,4923000.0,0
1170000_4923000,1170000.0,4923000.0,0
1175000_4923000,1175000.0,4923000.0,0
1180000_4923000,1180000.0,4923000.0,0
1185000_4923000,1185000.0,4923000.0,0
1190000_4923000,1190000.0,4923000.0,0
1195000_4923000,1195000.0,4923000.0,0
1200000_4923000,1200000.0,4923000.0,0
1205000_4923000,1205000.0,4923000.0,0
1210000_4923000,1210000.0,4923000.0,0
1215000_4923000,1215000.0,4923000.0,0
1220000_4923000,1220000.0,4923000.0,0
1225000_4923000,1225000.0,4923000.0,0
1230000_4923000,1230000.0,4923000.0,0
1235000_4923000,1235000.0,4923000.0,0
1240000_4923000,1240000.0,4923000.0,0
1245000_4923000,1245000.0,4923000.0,0
1250000_4923000,1250000.0,4923000.0,0
1255000_4923000,1255000.0,4923000.0,0
1260000_4923000,1260000.0,4923000.0,0
1265000_4923000,1265000.0,4923000.0,0
1270000_4923000,1270000.0,4923000.0,0
1275000_4923000,1275000.0,4923000.0,0
1280000_4923000,1280000.0,4923000.0,0
1285000_4923000,1285000.0,4923000.0,0
1290000_4923000,1290000.0,4923000.0,0
1295000_4923000,1295000.0,4923000.0,0
1300000_4923000,1300000.0,4923000.0,0
1305000_4923000,1305000.0,4923000.0,0
1310000_4923000,1310000.0,4923000.0,0
1315000_4923000,1315000.0,4923000.0,0
1320000_4923000,1320000.0,4923000.0,0
1325000_4923000,1325000.0,4923000.0,0
1330000_4923000,1330000.0,4923000.0,0
1335000_4923000,1335000.0,4923000.0,0
1340000_4923000,1340000.0,4923000.0,0
1345000_4923000,1345000.0,4923000.0,0
1350000_4923000,1350000.0,4923000.0,0
1355000_4923000,1355000.0,4923000.0,0
1360000_4923000,1360000.0,4923000.0,0
1365000_4923000,1365000.0,4923000.0,0
1370000_4923000,1370000.0,4923000.0,0
1375000_4923000,1375000.0,4923000.0,0
1380000_4923000,1380000.0,4923000.0,0
1385000_4923000,1385000.0,4923000.0,0
1390000_4923000,1390000.0,4923000.0,0
1395000_4923000,1395000.0,4923000.0,0
1400000_4923000,1400000.0,4923000.0,0
1405000_4923000,1405000.0,4923000.0,0
1410000_4923000,1410000.0,4923000.0,0
1415000_4923000,1415000.0,4923000.0,0
1420000_4923000,1420000.0,4923000.0,0
1100000_4928000,1100000.0,4928000.0,0
1105000_4928000,1105000.0,4928000.0,0
1110000_4928000,1110000.0,4928000.0,0
1115000_4928000,1115000.0,4928000.0,0
1130000_4928000,1130000.0,4928000.0,0
1135000_4928000,1135000.0,4928000.0,0
1140000_4928000,1140000.0,4928000.0,0
1145000_4928000,1145000.0,4928000.0,0
1150000_4928000,1150000.0,4928000.0,0
1155000_4928000,1155000.0,4928000.0,0
1160000_4928000,1160000.0,4928000.0,0
1165000_4928000,1165000.0,4928000.0,0
1170000_4928000,1170000.0,4928000.0,0
1175000_4928000,1175000.0,4928000.0,0
1180000_4928000,1180000.0,4928000.0,0
1185000_4928000,1185000.0,4928000.0,0
1190000_4928000,1190000.0,4928000.0,0
1195000_4928000,1195000.0,4928000.0,0
1200000_4928000,1200000.0,4928000.0,0
1205000_4928000,1205000.0,4928000.0,0
1210000_4928000,1210000.0,4928000.0,0
1215000_4928000,1215000.0,4928000.0,0
1220000_4928000,1220000.0,4928000.0,0
1225000_4928000,1225000.0,4928000.0,0
1230000_4928000,1230000.0,4928000.0,0
1235000_4928000,1235000.0,4928000.0,0
1240000_4928000,1240000.0,4928000.0,0
1245000_4928000,1245000.0,4928000.0,0
1250000_4928000,1250000.0,4928000.0,0
1255000_4928000,1255000.0,4928000.0,0
1260000_4928000,1260000.0,4928000.0,0
1265000_4928000,1265000.0,4928000.0,0
1270000_4928000,1270000.0,4928000.0,0
1275000_4928000,1275000.0,4928000.0,0
1280000_4928000,1280000.0,4928000.0,0
1285000_4928000,1285000.0,4928000.0,0
1290000_4928000,1290000.0,4928000.0,0
1295000_4928000,1295000.0,4928000.0,0
1300000_4928000,1300000.0,4928000.0,0
1305000_4928000,1305000.0,4928000.0,0
1310000_4928000,1310000.0,4928000.0,0
1315000_4928000,1315000.0,4928000.0,0
1320000_4928000,1320000.0,4928000.0,0
1325000_4928000,1325000.0,4928000.0,0
1330000_4928000,1330000.0,4928000.0,0
1335000_4928000,1335000.0,4928000.0,0
1340000_4928000,1340000.0,4928000.0,0
1345000_4928000,1345000.0,4928000.0,0
1350000_4928000,1350000.0,4928000.0,0
1355000_4928000,1355000.0,4928000.0,0
1360000_4928000,1360000.0,4928000.0,0
1365000_4928000,1365000.0,4928000.0,0
1370000_4928000,1370000.0,4928000.0,0
1375000_4928000,1375000.0,4928000.0,0
1380000_4928000,1380000.0,4928000.0,0
1385000_4928000,1385000.0,4928000.0,0
1390000_4928000,1390000.0,4928000.0,0
1395000_4928000,1395000.0,4928000.0,0
1400000_4928000,1400000.0,4928000.0,0
1405000_4928000,1405000.0,4928000.0,0
1410000_4928000,1410000.0,4928000.0,0
1415000_4928000,1415000.0,4928000.0,0
1420000_4928000,1420000.0,4928000.0,0
1115000_4933000,1115000.0,4933000.0,0
1120000_4933000,1120000.0,4933000.0,0
1125000_4933000,1125000.0,4933000.0,0
1130000_4933000,1130000.0,4933000.0,0
1135000_4933000,1135000.0,4933000.0,0
1140000_4933000,1140000.0,4933000.0,0
1145000_4933000,1145000.0,4933000.0,0
1150000_4933000,1150000.0,4933000.0,0
1155000_4933000,1155000.0,4933000.0,0
1160000_4933000,1160000.0,4933000.0,0
1165000_4933000,1165000.0,4933000.0,0
1170000_4933000,1170000.0,4933000.0,0
1175000_4933000,1175000.0,4933000.0,0
1180000_4933000,1180000.0,4933000.0,0
1185000_4933000,1185000.0,4933000.0,0
1190000_4933000,1190000.0,4933000.0,0
1195000_4933000,1195000.0,4933000.0,0
1200000_4933000,1200000.0,4933000.0,0
1205000_4933000,1205000.0,4933000.0,0
1210000_4933000,1210000.0,4933000.0,0
1215000_4933000,1215000.0,4933000.0,0
1220000_4933000,1220000.0,4933000.0,0
1225000_4933000,1225000.0,4933000.0,0
1230000_4933000,1230000.0,4933000.0,0
1235000_4933000,1235000.0,4933000.0,0
1240000_4933000,1240000.0,4933000.0,0
1245000_4933000,1245000.0,4933000.0,0
1250000_4933000,1250000.0,4933000.0,0
1255000_4933000,1255000.0,4933000.0,0
1260000_4933000,1260000.0,4933000.0,0
1265000_4933000,1265000.0,4933000.0,0
1270000_4933000,1270000.0,4933000.0,0
1275000_4933000,1275000.0,4933000.0,0
1280000_4933000,1280000.0,4933000.0,0
1285000_4933000,1285000.0,4933000.0,0
1290000_4933000,1290000.0,4933000.0,0
1295000_4933000,1295000.0,4933000.0,0
1300000_4933000,1300000.0,4933000.0,0
1305000_4933000,1305000.0,4933000.0,0
1310000_4933000,1310000.0,4933000.0,0
1315000_4933000,1315000.0,4933000.0,0
1320000_4933000,1320000.0,4933000.0,0
1325000_4933000,1325000.0,4933000.0,0
1330000_4933000,1330000.0,4933000.0,0
1335000_4933000,1335000.0,4933000.0,0
1340000_4933000,1340000.0,4933000.0,0
1345000_4933000,1345000.0,4933000.0,0
1350000_4933000,1350000.0,4933000.0,0
1355000_4933000,1355000.0,4933000.0,0
1360000_4933000,1360000.0,4933000.0,0
1365000_4933000,1365000.0,4933000.0,0
1370000_4933000,1370000.0,4933000.0,0
1375000_4933000,1375000.0,4933000.0,0
1380000_4933000,1380000.0,4933000.0,0
1385000_4933000,1385000.0,4933000.0,0
1390000_4933000,1390000.0,4933000.0,0
1395000_4933000,1395000.0,4933000.0,0
1400000_4933000,1400000.0,4933000.0,0
1405000_4933000,1405000.0,4933000.0,0
1410000_4933000,1410000.0,4933000.0,0
1110000_4938000,1110000.0,4938000.0,0
1115000_4938000,1115000.0,4938000.0,0
1120000_4938000,1120000.0,4938000.0,0
1125000_4938000,1125000.0,4938000.0,0
1130000_4938000,1130000.0,4938000.0,0
1135000_4938000,1135000.0,4938000.0,0
1140000_4938000,1140000.0,4938000.0,0
1145000_4938000,1145000.0,4938000.0,0
1150000_4938000,1150000.0,4938000.0,0
1155000_4938000,1155000.0,4938000.0,0
1160000_4938000,1160000.0,4938000.0,0
1165000_4938000,1165000.0,4938000.0,0
1170000_4938000,1170000.0,4938000.0,0
1175000_4938000,1175000.0,4938000.0,0
1180000_4938000,1180000.0,4938000.0,0
1185000_4938000,1185000.0,4938000.0,0
1190000_4938000,1190000.0,4938000.0,0
1195000_4938000,1195000.0,4938000.0,0
1200000_4938000,1200000.0,4938000.0,0
1205000_4938000,1205000.0,4938000.0,0
1210000_4938000,1210000.0,4938000.0,0
1215000_4938000,1215000.0,4938000.0,0
1220000_4938000,1220000.0,4938000.0,0
1225000_4938000,1225000.0,4938000.0,0
1230000_4938000,1230000.0,4938000.0,0
1235000_4938000,1235000.0,4938000.0,0
1240000_4938000,1240000.0,4938000.0,0
1245000_4938000,1245000.0,4938000.0,0
1250000_4938000,1250000.0,4938000.0,0
1255000_4938000,1255000.0,4938000.0,0
1260000_4938000,1260000.0,4938000.0,0
1265000_4938000,1265000.0,4938000.0,0
1270000_4938000,1270000.0,4938000.0,0
1275000_4938000,1275000.0,4938000.0,0
1280000_4938000,1280000.0,4938000.0,0
1285000_4938000,1285000.0,4938000.0,0
1290000_4938000,1290000.0,4938000.0,0
1295000_4938000,1295000.0,4938000.0,0
1300000_4938000,1300000.0,4938000.0,0
1305000_4938000,1305000.0,4938000.0,0
1310000_4938000,1310000.0,4938000.0,0
1315000_4938000,1315000.0,4938000.0,0
1320000_4938000,1320000.0,4938000.0,0
1325000_4938000,1325000.0,4938000.0,0
1330000_4938000,1330000.0,4938000.0,0
1335000_4938000,1335000.0,4938000.0,0
1340000_4938000,1340000.0,4938000.0,0
1345000_4938000,1345000.0,4938000.0,0
1350000_4938000,1350000.0,4938000.0,0
1355000_4938000,1355000.0,4938000.0,0
1360000_4938000,1360000.0,4938000.0,0
1365000_4938000,1365000.0,4938000.0,0
1370000_4938000,1370000.0,4938000.0,0
1375000_4938000,1375000.0,4938000.0,0
1380000_4938000,1380000.0,4938000.0,0
1385000_4938000,1385000.0,4938000.0,0
1390000_4938000,1390000.0,4938000.0,0
1395000_4938000,1395000.0,4938000.0,0
1400000_4938000,1400000.0,4938000.0,0
1405000_4938000,1405000.0,4938000.0,0
1410000_4938000,1410000.0,4938000.0,0
1415000_4938000,1415000.0,4938000.0,0
1110000_4943000,1110000.0,4943000.0,0
1115000_4943000,1115000.0,4943000.0,0
1120000_4943000,1120000.0,4943000.0,0
1125000_4943000,1125000.0,4943000.0,0
1130000_4943000,1130000.0,4943000.0,0
1135000_4943000,1135000.0,4943000.0,0
1140000_4943000,1140000.0,4943000.0,0
1145000_4943000,1145000.0,4943000.0,0
1150000_4943000,1150000.0,4943000.0,0
1155000_4943000,1155000.0,4943000.0,0
1160000_4943000,1160000.0,4943000.0,0
1165000_4943000,1165000.0,4943000.0,0
1170000_4943000,1170000.0,4943000.0,0
1175000_4943000,1175000.0,4943000.0,0
1180000_4943000,1180000.0,4943000.0,0
1185000_4943000,1185000.0,4943000.0,0
1190000_4943000,1190000.0,4943000.0,0
1195000_4943000,1195000.0,4943000.0,0
1200000_4943000,1200000.0,4943000.0,0
1205000_4943000,1205000.0,4943000.0,0
1210000_4943000,1210000.0,4943000.0,0
1215000_4943000,1215000.0,4943000.0,0
1220000_4943000,1220000.0,4943000.0,0
1225000_4943000,1225000.0,4943000.0,0
1230000_4943000,1230000.0,4943000.0,0
1235000_4943000,1235000.0,4943000.0,0
1240000_4943000,1240000.0,4943000.0,0
1245000_4943000,1245000.0,4943000.0,0
1250000_4943000,1250000.0,4943000.0,0
1255000_4943000,1255000.0,4943000.0,0
1260000_4943000,1260000.0,4943000.0,0
1265000_4943000,1265000.0,4943000.0,0
1270000_4943000,1270000.0,4943000.0,0
1275000_4943000,1275000.0,4943000.0,0
1280000_4943000,1280000.0,4943000.0,0
1285000_4943000,1285000.0,4943000.0,0
1290000_4943000,1290000.0,4943000.0,0
1295000_4943000,1295000.0,4943000.0,0
1300000_4943000,1300000.0,4943000.0,0
1305000_4943000,1305000.0,4943000.0,0
1310000_4943000,1310000.0,4943000.0,0
1315000_4943000,1315000.0,4943000.0,0
1320000_4943000,1320000.0,4943000.0,0
1325000_4943000,1325000.0,4943000.0,0
1330000_4943000,1330000.0,4943000.0,0
1335000_4943000,1335000.0,4943000.0,0
1340000_4943000,1340000.0,4943000.0,0
1345000_4943000,1345000.0,4943000.0,0
1350000_4943000,1350000.0,4943000.0,0
1355000_4943000,1355000.0,4943000.0,0
1360000_4943000,1360000.0,4943000.0,0
1365000_4943000,1365000.0,4943000.0,0
1370000_4943000,1370000.0,4943000.0,0
1375000_4943000,1375000.0,4943000.0,0
1380000_4943000,1380000.0,4943000.0,0
1385000_4943000,1385000.0,4943000.0,0
1390000_4943000,1390000.0,4943000.0,0
1395000_4943000,1395000.0,4943000.0,0
1400000_4943000,1400000.0,4943000.0,0
1405000_4943000,1405000.0,4943000.0,0
1410000_4943000,1410000.0,4943000.0,0
1415000_4943000,1415000.0,4943000.0,0
1110000_4948000,1110000.0,4948000.0,0
1115000_4948000,1115000.0,4948000.0,0
1120000_4948000,1120000.0,4948000.0,0
1125000_4948000,1125000.0,4948000.0,0
1130000_4948000,1130000.0,4948000.0,0
1135000_4948000,1135000.0,4948000.0,0
1140000_4948000,1140000.0,4948000.0,0
1145000_4948000,1145000.0,4948000.0,0
1150000_4948000,1150000.0,4948000.0,0
1155000_4948000,1155000.0,4948000.0,0
1160000_4948000,1160000.0,4948000.0,0
1165000_4948000,1165000.0,4948000.0,0
1170000_4948000,1170000.0,4948000.0,0
1175000_4948000,1175000.0,4948000.0,0
1180000_4948000,1180000.0,4948000.0,0
1185000_4948000,1185000.0,4948000.0,0
1190000_4948000,1190000.0,4948000.0,0
1195000_4948000,1195000.0,4948000.0,0
1200000_4948000,1200000.0,4948000.0,0
1205000_4948000,1205000.0,4948000.0,0
1210000_4948000,1210000.0,4948000.0,0
1215000_4948000,1215000.0,4948000.0,0
1220000_4948000,1220000.0,4948000.0,0
1225000_4948000,1225000.0,4948000.0,0
1230000_4948000,1230000.0,4948000.0,0
1235000_4948000,1235000.0,4948000.0,0
1240000_4948000,1240000.0,4948000.0,0
1245000_4948000,1245000.0,4948000.0,0
1250000_4948000,1250000.0,4948000.0,0
1255000_4948000,1255000.0,4948000.0,0
1260000_4948000,1260000.0,4948000.0,0
1265000_4948000,1265000.0,4948000.0,0
1270000_4948000,1270000.0,4948000.0,0
1275000_4948000,1275000.0,4948000.0,0
1280000_4948000,1280000.0,4948000.0,0
1285000_4948000,1285000.0,4948000.0,0
1290000_4948000,1290000.0,4948000.0,0
1295000_4948000,1295000.0,4948000.0,0
1300000_4948000,1300000.0,4948000.0,0
1305000_4948000,1305000.0,4948000.0,0
1310000_4948000,1310000.0,4948000.0,0
1315000_4948000,1315000.0,4948000.0,0
1320000_4948000,1320000.0,4948000.0,0
1325000_4948000,1325000.0,4948000.0,0
1330000_4948000,1330000.0,4948000.0,0
1335000_4948000,1335000.0,4948000.0,0
1340000_4948000,1340000.0,4948000.0,0
1345000_4948000,1345000.0,4948000.0,0
1350000_4948000,1350000.0,4948000.0,0
1355000_4948000,1355000.0,4948000.0,0
1360000_4948000,1360000.0,4948000.0,0
1365000_4948000,1365000.0,4948000.0,0
1370000_4948000,1370000.0,4948000.0,0
1375000_4948000,1375000.0,4948000.0,0
1380000_4948000,1380000.0,4948000.0,0
1385000_4948000,1385000.0,4948000.0,0
1390000_4948000,1390000.0,4948000.0,0
1395000_4948000,1395000.0,4948000.0,0
1400000_4948000,1400000.0,4948000.0,0
1405000_4948000,1405000.0,4948000.0,0
1410000_4948000,1410000.0,4948000.0,0
1415000_4948000,1415000.0,4948000.0,0
1420000_4948000,1420000.0,4948000.0,0
1115000_4953000,1115000.0,4953000.0,0
1125000_4953000,1125000.0,4953000.0,0
1130000_4953000,1130000.0,4953000.0,0
1135000_4953000,1135000.0,4953000.0,0
1145000_4953000,1145000.0,4953000.0,0
1150000_4953000,1150000.0,4953000.0,0
1155000_4953000,1155000.0,4953000.0,0
1160000_4953000,1160000.0,4953000.0,0
1165000_4953000,1165000.0,4953000.0,0
1170000_4953000,1170000.0,4953000.0,0
1175000_4953000,1175000.0,4953000.0,0
1180000_4953000,1180000.0,4953000.0,0
1185000_4953000,1185000.0,4953000.0,0
1190000_4953000,1190000.0,4953000.0,0
1195000_4953000,1195000.0,4953000.0,0
1200000_4953000,1200000.0,4953000.0,0
1205000_4953000,1205000.0,4953000.0,0
1210000_4953000,1210000.0,4953000.0,0
1215000_4953000,1215000.0,4953000.0,0
1220000_4953000,1220000.0,4953000.0,0
1225000_4953000,1225000.0,4953000.0,0
1230000_4953000,1230000.0,4953000.0,0
1235000_4953000,1235000.0,4953000.0,0
1240000_4953000,1240000.0,4953000.0,0
1245000_4953000,1245000.0,4953000.0,0
1250000_4953000,1250000.0,4953000.0,0
1255000_4953000,1255000.0,4953000.0,0
1260000_4953000,1260000.0,4953000.0,0
1265000_4953000,1265000.0,4953000.0,0
1270000_4953000,1270000.0,4953000.0,0
1275000_4953000,1275000.0,4953000.0,0
1280000_4953000,1280000.0,4953000.0,0
1285000_4953000,1285000.0,4953000.0,0
1290000_4953000,1290000.0,4953000.0,0
1295000_4953000,1295000.0,4953000.0,0
1300000_4953000,1300000.0,4953000.0,0
1305000_4953000,1305000.0,4953000.0,0
1310000_4953000,1310000.0,4953000.0,0
1315000_4953000,1315000.0,4953000.0,0
1320000_4953000,1320000.0,4953000.0,0
1325000_4953000,1325000.0,4953000.0,0
1330000_4953000,1330000.0,4953000.0,0
1335000_4953000,1335000.0,4953000.0,0
1340000_4953000,1340000.0,4953000.0,0
1345000_4953000,1345000.0,4953000.0,0
1350000_4953000,1350000.0,4953000.0,0
1355000_4953000,1355000.0,4953000.0,0
1360000_4953000,1360000.0,4953000.0,0
1365000_4953000,1365000.0,4953000.0,0
1370000_4953000,1370000.0,4953000.0,0
1375000_4953000,1375000.0,4953000.0,0
1380000_4953000,1380000.0,4953000.0,0
1385000_4953000,1385000.0,4953000.0,0
1390000_4953000,1390000.0,4953000.0,0
1395000_4953000,1395000.0,4953000.0,0
1400000_4953000,1400000.0,4953000.0,0
1405000_4953000,1405000.0,4953000.0,0
1410000_4953000,1410000.0,4953000.0,0
1415000_4953000,1415000.0,4953000.0,0
1420000_4953000,1420000.0,4953000.0,0
1115000_4958000,1115000.0,4958000.0,0
1120000_4958000,1120000.0,4958000.0,0
1125000_4958000,1125000.0,4958000.0,0
1130000_4958000,1130000.0,4958000.0,0
1135000_4958000,1135000.0,4958000.0,0
1140000_4958000,1140000.0,4958000.0,0
1145000_4958000,1145000.0,4958000.0,0
1150000_4958000,1150000.0,4958000.0,0
1155000_4958000,1155000.0,4958000.0,0
1160000_4958000,1160000.0,4958000.0,0
1165000_4958000,1165000.0,4958000.0,0
1170000_4958000,1170000.0,4958000.0,0
1175000_4958000,1175000.0,4958000.0,0
1180000_4958000,1180000.0,4958000.0,0
1185000_4958000,1185000.0,4958000.0,0
1190000_4958000,1190000.0,4958000.0,0
1195000_4958000,1195000.0,4958000.0,0
1200000_4958000,1200000.0,4958000.0,0
1205000_4958000,1205000.0,4958000.0,0
1210000_4958000,1210000.0,4958000.0,0
1215000_4958000,1215000.0,4958000.0,0
1220000_4958000,1220000.0,4958000.0,0
1225000_4958000,1225000.0,4958000.0,0
1230000_4958000,1230000.0,4958000.0,0
1235000_4958000,1235000.0,4958000.0,0
1240000_4958000,1240000.0,4958000.0,0
1245000_4958000,1245000.0,4958000.0,0
1250000_4958000,1250000.0,4958000.0,0
1255000_4958000,1255000.0,4958000.0,0
1260000_4958000,1260000.0,4958000.0,0
1265000_4958000,1265000.0,4958000.0,0
1270000_4958000,1270000.0,4958000.0,0
1275000_4958000,1275000.0,4958000.0,0
1280000_4958000,1280000.0,4958000.0,0
1285000_4958000,1285000.0,4958000.0,0
1290000_4958000,1290000.0,4958000.0,0
1295000_4958000,1295000.0,4958000.0,0
1300000_4958000,1300000.0,4958000.0,0
1305000_4958000,1305000.0,4958000.0,0
1310000_4958000,1310000.0,4958000.0,0
1315000_4958000,1315000.0,4958000.0,0
1320000_4958000,1320000.0,4958000.0,0
1325000_4958000,1325000.0,4958000.0,0
1330000_4958000,1330000.0,4958000.0,0
1335000_4958000,1335000.0,4958000.0,0
1340000_4958000,1340000.0,4958000.0,0
1345000_4958000,1345000.0,4958000.0,0
1350000_4958000,1350000.0,4958000.0,0
1355000_4958000,1355000.0,4958000.0,0
1360000_4958000,1360000.0,4958000.0,0
1365000_4958000,1365000.0,4958000.0,0
1370000_4958000,1370000.0,4958000.0,0
1375000_4958000,1375000.0,4958000.0,0
1380000_4958000,1380000.0,4958000.0,0
1385000_4958000,1385000.0,4958000.0,0
1390000_4958000,1390000.0,4958000.0,0
1395000_4958000,1395000.0,4958000.0,0
1400000_4958000,1400000.0,4958000.0,0
1405000_4958000,1405000.0,4958000.0,0
1410000_4958000,1410000.0,4958000.0,0
1415000_4958000,1415000.0,4958000.0,0
1420000_4958000,1420000.0,4958000.0,0
1425000_4958000,1425000.0,4958000.0,0
1115000_4963000,1115000.0,4963000.0,0
1120000_4963000,1120000.0,4963000.0,0
1125000_4963000,1125000.0,4963000.0,0
1135000_4963000,1135000.0,4963000.0,0
1140000_4963000,1140000.0,4963000.0,0
1145000_4963000,1145000.0,4963000.0,0
1150000_4963000,1150000.0,4963000.0,0
1155000_4963000,1155000.0,4963000.0,0
1160000_4963000,1160000.0,4963000.0,0
1165000_4963000,1165000.0,4963000.0,0
1170000_4963000,1170000.0,4963000.0,0
1175000_4963000,1175000.0,4963000.0,0
1180000_4963000,1180000.0,4963000.0,0
1185000_4963000,1185000.0,4963000.0,0
1190000_4963000,1190000.0,4963000.0,0
1195000_4963000,1195000.0,4963000.0,0
1200000_4963000,1200000.0,4963000.0,0
1205000_4963000,1205000.0,4963000.0,0
1210000_4963000,1210000.0,4963000.0,0
1215000_4963000,1215000.0,4963000.0,0
1220000_4963000,1220000.0,4963000.0,0
1225000_4963000,1225000.0,4963000.0,0
1230000_4963000,1230000.0,4963000.0,0
1235000_4963000,1235000.0,4963000.0,0
1240000_4963000,1240000.0,4963000.0,0
1245000_4963000,1245000.0,4963000.0,0
1250000_4963000,1250000.0,4963000.0,0
1255000_4963000,1255000.0,4963000.0,0
1260000_4963000,1260000.0,4963000.0,0
1265000_4963000,1265000.0,4963000.0,0
1270000_4963000,1270000.0,4963000.0,0
1275000_4963000,1275000.0,4963000.0,0
1280000_4963000,1280000.0,4963000.0,0
1285000_4963000,1285000.0,4963000.0,0
1290000_4963000,1290000.0,4963000.0,0
1295000_4963000,1295000.0,4963000.0,0
1300000_4963000,1300000.0,4963000.0,0
1305000_4963000,1305000.0,4963000.0,0
1310000_4963000,1310000.0,4963000.0,0
1315000_4963000,1315000.0,4963000.0,0
1320000_4963000,1320000.0,4963000.0,0
1325000_4963000,1325000.0,4963000.0,0
1330000_4963000,1330000.0,4963000.0,0
1335000_4963000,1335000.0,4963000.0,0
1340000_4963000,1340000.0,4963000.0,0
1345000_4963000,1345000.0,4963000.0,0
1350000_4963000,1350000.0,4963000.0,0
1355000_4963000,1355000.0,4963000.0,0
1360000_4963000,1360000.0,4963000.0,0
1365000_4963000,1365000.0,4963000.0,0
1370000_4963000,1370000.0,4963000.0,0
1375000_4963000,1375000.0,4963000.0,0
1380000_4963000,1380000.0,4963000.0,0
1385000_4963000,1385000.0,4963000.0,0
1390000_4963000,1390000.0,4963000.0,0
1395000_4963000,1395000.0,4963000.0,0
1400000_4963000,1400000.0,4963000.0,0
1405000_4963000,1405000.0,4963000.0,0
1410000_4963000,1410000.0,4963000.0,0
1415000_4963000,1415000.0,4963000.0,0
1420000_4963000,1420000.0,4963000.0,0
1425000_4963000,1425000.0,4963000.0,0
1430000_4963000,1430000.0,4963000.0,0
1125000_4968000,1125000.0,4968000.0,0
1140000_4968000,1140000.0,4968000.0,0
1145000_4968000,1145000.0,4968000.0,0
1150000_4968000,1150000.0,4968000.0,0
1155000_4968000,1155000.0,4968000.0,0
1160000_4968000,1160000.0,4968000.0,0
1165000_4968000,1165000.0,4968000.0,0
1170000_4968000,1170000.0,4968000.0,0
1175000_4968000,1175000.0,4968000.0,0
1180000_4968000,1180000.0,4968000.0,0
1185000_4968000,1185000.0,4968000.0,0
1190000_4968000,1190000.0,4968000.0,0
1195000_4968000,1195000.0,4968000.0,0
1200000_4968000,1200000.0,4968000.0,0
1205000_4968000,1205000.0,4968000.0,0
1210000_4968000,1210000.0,4968000.0,0
1215000_4968000,1215000.0,4968000.0,0
1220000_4968000,1220000.0,4968000.0,0
1225000_4968000,1225000.0,4968000.0,0
1230000_4968000,1230000.0,4968000.0,0
1235000_4968000,1235000.0,4968000.0,0
1240000_4968000,1240000.0,4968000.0,0
1245000_4968000,1245000.0,4968000.0,0
1250000_4968000,1250000.0,4968000.0,0
1255000_4968000,1255000.0,4968000.0,0
1260000_4968000,1260000.0,4968000.0,0
1265000_4968000,1265000.0,4968000.0,0
1270000_4968000,1270000.0,4968000.0,0
1275000_4968000,1275000.0,4968000.0,0
1280000_4968000,1280000.0,4968000.0,0
1285000_4968000,1285000.0,4968000.0,0
1290000_4968000,1290000.0,4968000.0,0
1295000_4968000,1295000.0,4968000.0,0
1300000_4968000,1300000.0,4968000.0,0
1305000_4968000,1305000.0,4968000.0,0
1310000_4968000,1310000.0,4968000.0,0
1315000_4968000,1315000.0,4968000.0,0
1320000_4968000,1320000.0,4968000.0,0
1325000_4968000,1325000.0,4968000.0,0
1330000_4968000,1330000.0,4968000.0,0
1335000_4968000,1335000.0,4968000.0,0
1340000_4968000,1340000.0,4968000.0,0
1345000_4968000,1345000.0,4968000.0,0
1350000_4968000,1350000.0,4968000.0,0
1355000_4968000,1355000.0,4968000.0,0
1360000_4968000,1360000.0,4968000.0,0
1365000_4968000,1365000.0,4968000.0,0
1370000_4968000,1370000.0,4968000.0,0
1375000_4968000,1375000.0,4968000.0,0
1380000_4968000,1380000.0,4968000.0,0
1385000_4968000,1385000.0,4968000.0,0
1390000_4968000,1390000.0,4968000.0,0
1395000_4968000,1395000.0,4968000.0,0
1400000_4968000,1400000.0,4968000.0,0
1405000_4968000,1405000.0,4968000.0,0
1410000_4968000,1410000.0,4968000.0,0
1415000_4968000,1415000.0,4968000.0,0
1420000_4968000,1420000.0,4968000.0,0
1425000_4968000,1425000.0,4968000.0,0
1120000_4973000,1120000.0,4973000.0,0
1125000_4973000,1125000.0,4973000.0,0
1130000_4973000,1130000.0,4973000.0,0
1135000_4973000,1135000.0,4973000.0,0
1140000_4973000,1140000.0,4973000.0,0
1145000_4973000,1145000.0,4973000.0,0
1150000_4973000,1150000.0,4973000.0,0
1155000_4973000,1155000.0,4973000.0,0
1160000_4973000,1160000.0,4973000.0,0
1165000_4973000,1165000.0,4973000.0,0
1170000_4973000,1170000.0,4973000.0,0
1175000_4973000,1175000.0,4973000.0,0
1180000_4973000,1180000.0,4973000.0,0
1185000_4973000,1185000.0,4973000.0,0
1190000_4973000,1190000.0,4973000.0,0
1195000_4973000,1195000.0,4973000.0,0
1200000_4973000,1200000.0,4973000.0,0
1205000_4973000,1205000.0,4973000.0,0
1210000_4973000,1210000.0,4973000.0,0
1215000_4973000,1215000.0,4973000.0,0
1220000_4973000,1220000.0,4973000.0,0
1225000_4973000,1225000.0,4973000.0,0
1230000_4973000,1230000.0,4973000.0,0
1235000_4973000,1235000.0,4973000.0,0
1240000_4973000,1240000.0,4973000.0,0
1245000_4973000,1245000.0,4973000.0,0
1250000_4973000,1250000.0,4973000.0,0
1255000_4973000,1255000.0,4973000.0,0
1260000_4973000,1260000.0,4973000.0,0
1265000_4973000,1265000.0,4973000.0,0
1270000_4973000,1270000.0,4973000.0,0
1275000_4973000,1275000.0,4973000.0,0
1280000_4973000,1280000.0,4973000.0,0
1285000_4973000,1285000.0,4973000.0,0
1290000_4973000,1290000.0,4973000.0,0
1295000_4973000,1295000.0,4973000.0,0
1300000_4973000,1300000.0,4973000.0,0
1305000_4973000,1305000.0,4973000.0,0
1310000_4973000,1310000.0,4973000.0,0
1315000_4973000,1315000.0,4973000.0,0
1320000_4973000,1320000.0,4973000.0,0
1325000_4973000,1325000.0,4973000.0,0
1330000_4973000,1330000.0,4973000.0,0
1335000_4973000,1335000.0,4973000.0,0
1340000_4973000,1340000.0,4973000.0,0
1345000_4973000,1345000.0,4973000.0,0
1350000_4973000,1350000.0,4973000.0,0
1355000_4973000,1355000.0,4973000.0,0
1360000_4973000,1360000.0,4973000.0,0
1365000_4973000,1365000.0,4973000.0,0
1370000_4973000,1370000.0,4973000.0,0
1375000_4973000,1375000.0,4973000.0,0
1380000_4973000,1380000.0,4973000.0,0
1385000_4973000,1385000.0,4973000.0,0
1390000_4973000,1390000.0,4973000.0,0
1395000_4973000,1395000.0,4973000.0,0
1400000_4973000,1400000.0,4973000.0,0
1405000_4973000,1405000.0,4973000.0,0
1410000_4973000,1410000.0,4973000.0,0
1415000_4973000,1415000.0,4973000.0,0
1420000_4973000,1420000.0,4973000.0,0
1425000_4973000,1425000.0,4973000.0,0
1430000_4973000,1430000.0,4973000.0,0
1130000_4978000,1130000.0,4978000.0,0
1135000_4978000,1135000.0,4978000.0,0
1140000_4978000,1140000.0,4978000.0,0
1145000_4978000,1145000.0,4978000.0,0
1150000_4978000,1150000.0,4978000.0,0
1155000_4978000,1155000.0,4978000.0,0
1160000_4978000,1160000.0,4978000.0,0
1165000_4978000,1165000.0,4978000.0,0
1170000_4978000,1170000.0,4978000.0,0
1175000_4978000,1175000.0,4978000.0,0
1180000_4978000,1180000.0,4978000.0,0
1185000_4978000,1185000.0,4978000.0,0
1190000_4978000,1190000.0,4978000.0,0
1195000_4978000,1195000.0,4978000.0,0
1200000_4978000,1200000.0,4978000.0,0
1205000_4978000,1205000.0,4978000.0,0
1210000_4978000,1210000.0,4978000.0,0
1215000_4978000,1215000.0,4978000.0,0
1220000_4978000,1220000.0,4978000.0,0
1225000_4978000,1225000.0,4978000.0,0
1230000_4978000,1230000.0,4978000.0,0
1235000_4978000,1235000.0,4978000.0,0
1240000_4978000,1240000.0,4978000.0,0
1245000_4978000,1245000.0,4978000.0,0
1250000_4978000,1250000.0,4978000.0,0
1255000_4978000,1255000.0,4978000.0,0
1260000_4978000,1260000.0,4978000.0,0
1265000_4978000,1265000.0,4978000.0,0
1270000_4978000,1270000.0,4978000.0,0
1275000_4978000,1275000.0,4978000.0,0
1280000_4978000,1280000.0,4978000.0,0
1285000_4978000,1285000.0,4978000.0,0
1290000_4978000,1290000.0,4978000.0,0
1295000_4978000,1295000.0,4978000.0,0
1300000_4978000,1300000.0,4978000.0,0
1305000_4978000,1305000.0,4978000.0,0
1310000_4978000,1310000.0,4978000.0,0
1315000_4978000,1315000.0,4978000.0,0
1320000_4978000,1320000.0,4978000.0,0
1325000_4978000,1325000.0,4978000.0,0
1330000_4978000,1330000.0,4978000.0,0
1335000_4978000,1335000.0,4978000.0,0
1340000_4978000,1340000.0,4978000.0,0
1345000_4978000,1345000.0,4978000.0,0
1350000_4978000,1350000.0,4978000.0,0
1355000_4978000,1355000.0,4978000.0,0
1360000_4978000,1360000.0,4978000.0,0
1365000_4978000,1365000.0,4978000.0,0
1370000_4978000,1370000.0,4978000.0,0
1375000_4978000,1375000.0,4978000.0,0
1380000_4978000,1380000.0,4978000.0,0
1385000_4978000,1385000.0,4978000.0,0
1390000_4978000,1390000.0,4978000.0,0
1395000_4978000,1395000.0,4978000.0,0
1400000_4978000,1400000.0,4978000.0,0
1405000_4978000,1405000.0,4978000.0,0
1410000_4978000,1410000.0,4978000.0,0
1415000_4978000,1415000.0,4978000.0,0
1420000_4978000,1420000.0,4978000.0,0
1425000_4978000,1425000.0,4978000.0,0
1125000_4983000,1125000.0,4983000.0,0
1130000_4983000,1130000.0,4983000.0,0
1140000_4983000,1140000.0,4983000.0,0
1145000_4983000,1145000.0,4983000.0,0
1150000_4983000,1150000.0,4983000.0,0
1155000_4983000,1155000.0,4983000.0,0
1160000_4983000,1160000.0,4983000.0,0
1165000_4983000,1165000.0,4983000.0,0
1170000_4983000,1170000.0,4983000.0,0
1175000_4983000,1175000.0,4983000.0,0
1180000_4983000,1180000.0,4983000.0,0
1185000_4983000,1185000.0,4983000.0,0
1190000_4983000,1190000.0,4983000.0,0
1195000_4983000,1195000.0,4983000.0,0
1200000_4983000,1200000.0,4983000.0,0
1205000_4983000,1205000.0,4983000.0,0
1210000_4983000,1210000.0,4983000.0,0
1215000_4983000,1215000.0,4983000.0,0
1220000_4983000,1220000.0,4983000.0,0
1225000_4983000,1225000.0,4983000.0,0
1230000_4983000,1230000.0,4983000.0,0
1235000_4983000,1235000.0,4983000.0,0
1240000_4983000,1240000.0,4983000.0,0
1245000_4983000,1245000.0,4983000.0,0
1250000_4983000,1250000.0,4983000.0,0
1255000_4983000,1255000.0,4983000.0,0
1260000_4983000,1260000.0,4983000.0,0
1265000_4983000,1265000.0,4983000.0,0
1270000_4983000,1270000.0,4983000.0,0
1275000_4983000,1275000.0,4983000.0,0
1280000_4983000,1280000.0,4983000.0,0
1285000_4983000,1285000.0,4983000.0,0
1290000_4983000,1290000.0,4983000.0,0
1295000_4983000,1295000.0,4983000.0,0
1300000_4983000,1300000.0,4983000.0,0
1305000_4983000,1305000.0,4983000.0,0
1310000_4983000,1310000.0,4983000.0,0
1315000_4983000,1315000.0,4983000.0,0
1320000_4983000,1320000.0,4983000.0,0
1325000_4983000,1325000.0,4983000.0,0
1330000_4983000,1330000.0,4983000.0,0
1335000_4983000,1335000.0,4983000.0,0
1340000_4983000,1340000.0,4983000.0,0
1345000_4983000,1345000.0,4983000.0,0
1350000_4983000,1350000.0,4983000.0,0
1355000_4983000,1355000.0,4983000.0,0
1360000_4983000,1360000.0,4983000.0,0
1365000_4983000,1365000.0,4983000.0,0
1370000_4983000,1370000.0,4983000.0,0
1375000_4983000,1375000.0,4983000.0,0
1380000_4983000,1380000.0,4983000.0,0
1385000_4983000,1385000.0,4983000.0,0
1390000_4983000,1390000.0,4983000.0,0
1395000_4983000,1395000.0,4983000.0,0
1400000_4983000,1400000.0,4983000.0,0
1405000_4983000,1405000.0,4983000.0,0
1410000_4983000,1410000.0,4983000.0,0
1415000_4983000,1415000.0,4983000.0,0
1420000_4983000,1420000.0,4983000.0,0
1425000_4983000,1425000.0,4983000.0,0
1430000_4983000,1430000.0,4983000.0,0
1135000_4988000,1135000.0,4988000.0,0
1140000_4988000,1140000.0,4988000.0,0
1145000_4988000,1145000.0,4988000.0,0
1150000_4988000,1150000.0,4988000.0,0
1155000_4988000,1155000.0,4988000.0,0
1160000_4988000,1160000.0,4988000.0,0
1165000_4988000,1165000.0,4988000.0,0
1170000_4988000,1170000.0,4988000.0,0
1175000_4988000,1175000.0,4988000.0,0
1180000_4988000,1180000.0,4988000.0,0
1185000_4988000,1185000.0,4988000.0,0
1190000_4988000,1190000.0,4988000.0,0
1195000_4988000,1195000.0,4988000.0,0
1200000_4988000,1200000.0,4988000.0,0
1205000_4988000,1205000.0,4988000.0,0
1210000_4988000,1210000.0,4988000.0,0
1215000_4988000,1215000.0,4988000.0,0
1220000_4988000,1220000.0,4988000.0,0
1225000_4988000,1225000.0,4988000.0,0
1230000_4988000,1230000.0,4988000.0,0
1235000_4988000,1235000.0,4988000.0,0
1240000_4988000,1240000.0,4988000.0,0
1245000_4988000,1245000.0,4988000.0,0
1250000_4988000,1250000.0,4988000.0,0
1255000_4988000,1255000.0,4988000.0,0
1260000_4988000,1260000.0,4988000.0,0
1265000_4988000,1265000.0,4988000.0,0
1270000_4988000,1270000.0,4988000.0,0
1275000_4988000,1275000.0,4988000.0,0
1280000_4988000,1280000.0,4988000.0,0
1285000_4988000,1285000.0,4988000.0,0
1290000_4988000,1290000.0,4988000.0,0
1295000_4988000,1295000.0,4988000.0,0
1300000_4988000,1300000.0,4988000.0,0
1305000_4988000,1305000.0,4988000.0,0
1310000_4988000,1310000.0,4988000.0,0
1315000_4988000,1315000.0,4988000.0,0
1320000_4988000,1320000.0,4988000.0,0
1325000_4988000,1325000.0,4988000.0,0
1330000_4988000,1330000.0,4988000.0,0
1335000_4988000,1335000.0,4988000.0,0
1340000_4988000,1340000.0,4988000.0,0
1345000_4988000,1345000.0,4988000.0,0
1350000_4988000,1350000.0,4988000.0,0
1355000_4988000,1355000.0,4988000.0,0
1360000_4988000,1360000.0,4988000.0,0
1365000_4988000,1365000.0,4988000.0,0
1370000_4988000,1370000.0,4988000.0,0
1375000_4988000,1375000.0,4988000.0,0
1380000_4988000,1380000.0,4988000.0,0
1385000_4988000,1385000.0,4988000.0,0
1390000_4988000,1390000.0,4988000.0,0
1395000_4988000,1395000.0,4988000.0,0
1400000_4988000,1400000.0,4988000.0,0
1405000_4988000,1405000.0,4988000.0,0
1410000_4988000,1410000.0,4988000.0,0
1415000_4988000,1415000.0,4988000.0,0
1420000_4988000,1420000.0,4988000.0,0
1425000_4988000,1425000.0,4988000.0,0
1430000_4988000,1430000.0,4988000.0,0
1140000_4993000,1140000.0,4993000.0,0
1145000_4993000,1145000.0,4993000.0,0
1150000_4993000,1150000.0,4993000.0,0
1155000_4993000,1155000.0,4993000.0,0
1160000_4993000,1160000.0,4993000.0,0
1165000_4993000,1165000.0,4993000.0,0
1170000_4993000,1170000.0,4993000.0,0
1175000_4993000,1175000.0,4993000.0,0
1180000_4993000,1180000.0,4993000.0,0
1185000_4993000,1185000.0,4993000.0,0
1190000_4993000,1190000.0,4993000.0,0
1195000_4993000,1195000.0,4993000.0,0
1200000_4993000,1200000.0,4993000.0,0
1205000_4993000,1205000.0,4993000.0,0
1210000_4993000,1210000.0,4993000.0,0
1215000_4993000,1215000.0,4993000.0,0
1220000_4993000,1220000.0,4993000.0,0
1225000_4993000,1225000.0,4993000.0,0
1230000_4993000,1230000.0,4993000.0,0
1235000_4993000,1235000.0,4993000.0,0
1240000_4993000,1240000.0,4993000.0,0
1245000_4993000,1245000.0,4993000.0,0
1250000_4993000,1250000.0,4993000.0,0
1255000_4993000,1255000.0,4993000.0,0
1260000_4993000,1260000.0,4993000.0,0
1265000_4993000,1265000.0,4993000.0,0
1270000_4993000,1270000.0,4993000.0,0
1275000_4993000,1275000.0,4993000.0,0
1280000_4993000,1280000.0,4993000.0,0
1285000_4993000,1285000.0,4993000.0,0
1290000_4993000,1290000.0,4993000.0,0
1295000_4993000,1295000.0,4993000.0,0
1300000_4993000,1300000.0,4993000.0,0
1305000_4993000,1305000.0,4993000.0,0
1310000_4993000,1310000.0,4993000.0,0
1315000_4993000,1315000.0,4993000.0,0
1320000_4993000,1320000.0,4993000.0,0
1325000_4993000,1325000.0,4993000.0,0
1330000_4993000,1330000.0,4993000.0,0
1335000_4993000,1335000.0,4993000.0,0
1340000_4993000,1340000.0,4993000.0,0
1345000_4993000,1345000.0,4993000.0,0
1350000_4993000,1350000.0,4993000.0,0
1355000_4993000,1355000.0,4993000.0,0
1360000_4993000,1360000.0,4993000.0,0
1365000_4993000,1365000.0,4993000.0,0
1370000_4993000,1370000.0,4993000.0,0
1375000_4993000,1375000.0,4993000.0,0
1380000_4993000,1380000.0,4993000.0,0
1385000_4993000,1385000.0,4993000.0,0
1390000_4993000,1390000.0,4993000.0,0
1395000_4993000,1395000.0,4993000.0,0
1400000_4993000,1400000.0,4993000.0,0
1405000_4993000,1405000.0,4993000.0,0
1410000_4993000,1410000.0,4993000.0,0
1415000_4993000,1415000.0,4993000.0,0
1420000_4993000,1420000.0,4993000.0,0
1425000_4993000,1425000.0,4993000.0,0
1430000_4993000,1430000.0,4993000.0,0
1140000_4998000,1140000.0,4998000.0,0
1145000_4998000,1145000.0,4998000.0,0
1150000_4998000,1150000.0,4998000.0,0
1155000_4998000,1155000.0,4998000.0,0
1160000_4998000,1160000.0,4998000.0,0
1165000_4998000,1165000.0,4998000.0,0
1170000_4998000,1170000.0,4998000.0,0
1175000_4998000,1175000.0,4998000.0,0
1180000_4998000,1180000.0,4998000.0,0
1185000_4998000,1185000.0,4998000.0,0
1190000_4998000,1190000.0,4998000.0,0
1195000_4998000,1195000.0,4998000.0,0
1200000_4998000,1200000.0,4998000.0,0
1205000_4998000,1205000.0,4998000.0,0
1210000_4998000,1210000.0,4998000.0,0
1215000_4998000,1215000.0,4998000.0,0
1220000_4998000,1220000.0,4998000.0,0
1225000_4998000,1225000.0,4998000.0,0
1230000_4998000,1230000.0,4998000.0,0
1235000_4998000,1235000.0,4998000.0,0
1240000_4998000,1240000.0,4998000.0,0
1245000_4998000,1245000.0,4998000.0,0
1250000_4998000,1250000.0,4998000.0,0
1255000_4998000,1255000.0,4998000.0,0
1260000_4998000,1260000.0,4998000.0,0
1265000_4998000,1265000.0,4998000.0,0
1270000_4998000,1270000.0,4998000.0,0
1275000_4998000,1275000.0,4998000.0,0
1280000_4998000,1280000.0,4998000.0,0
1285000_4998000,1285000.0,4998000.0,0
1290000_4998000,1290000.0,4998000.0,0
1295000_4998000,1295000.0,4998000.0,0
1300000_4998000,1300000.0,4998000.0,0
1305000_4998000,1305000.0,4998000.0,0
1310000_4998000,1310000.0,4998000.0,0
1315000_4998000,1315000.0,4998000.0,0
1320000_4998000,1320000.0,4998000.0,0
1325000_4998000,1325000.0,4998000.0,0
1330000_4998000,1330000.0,4998000.0,0
1335000_4998000,1335000.0,4998000.0,0
1340000_4998000,1340000.0,4998000.0,0
1345000_4998000,1345000.0,4998000.0,0
1350000_4998000,1350000.0,4998000.0,0
1355000_4998000,1355000.0,4998000.0,0
1360000_4998000,1360000.0,4998000.0,0
1365000_4998000,1365000.0,4998000.0,0
1370000_4998000,1370000.0,4998000.0,0
1375000_4998000,1375000.0,4998000.0,0
1380000_4998000,1380000.0,4998000.0,0
1385000_4998000,1385000.0,4998000.0,0
1390000_4998000,1390000.0,4998000.0,0
1395000_4998000,1395000.0,4998000.0,0
1400000_4998000,1400000.0,4998000.0,0
1405000_4998000,1405000.0,4998000.0,0
1410000_4998000,1410000.0,4998000.0,0
1415000_4998000,1415000.0,4998000.0,0
1420000_4998000,1420000.0,4998000.0,0
1425000_4998000,1425000.0,4998000.0,0
1430000_4998000,1430000.0,4998000.0,0
1435000_4998000,1435000.0,4998000.0,0
1140000_5003000,1140000.0,5003000.0,0
1145000_5003000,1145000.0,5003000.0,0
1150000_5003000,1150000.0,5003000.0,0
1155000_5003000,1155000.0,5003000.0,0
1160000_5003000,1160000.0,5003000.0,0
1165000_5003000,1165000.0,5003000.0,0
1170000_5003000,1170000.0,5003000.0,0
1175000_5003000,1175000.0,5003000.0,0
1180000_5003000,1180000.0,5003000.0,0
1185000_5003000,1185000.0,5003000.0,0
1190000_5003000,1190000.0,5003000.0,0
1195000_5003000,1195000.0,5003000.0,0
1200000_5003000,1200000.0,5003000.0,0
1205000_5003000,1205000.0,5003000.0,0
1210000_5003000,1210000.0,5003000.0,0
1215000_5003000,1215000.0,5003000.0,0
1220000_5003000,1220000.0,5003000.0,0
1225000_5003000,1225000.0,5003000.0,0
1230000_5003000,1230000.0,5003000.0,0
1235000_5003000,1235000.0,5003000.0,0
1240000_5003000,1240000.0,5003000.0,0
1245000_5003000,1245000.0,5003000.0,0
1250000_5003000,1250000.0,5003000.0,0
1255000_5003000,1255000.0,5003000.0,0
1260000_5003000,1260000.0,5003000.0,0
1265000_5003000,1265000.0,5003000.0,0
1270000_5003000,1270000.0,5003000.0,0
1275000_5003000,1275000.0,5003000.0,0
1280000_5003000,1280000.0,5003000.0,0
1285000_5003000,1285000.0,5003000.0,0
1290000_5003000,1290000.0,5003000.0,0
1295000_5003000,1295000.0,5003000.0,0
1300000_5003000,1300000.0,5003000.0,0
1305000_5003000,1305000.0,5003000.0,0
1310000_5003000,1310000.0,5003000.0,0
1315000_5003000,1315000.0,5003000.0,0
1320000_5003000,1320000.0,5003000.0,0
1325000_5003000,1325000.0,5003000.0,0
1330000_5003000,1330000.0,5003000.0,0
1335000_5003000,1335000.0,5003000.0,0
1340000_5003000,1340000.0,5003000.0,0
1345000_5003000,1345000.0,5003000.0,0
1350000_5003000,1350000.0,5003000.0,0
1355000_5003000,1355000.0,5003000.0,0
1360000_5003000,1360000.0,5003000.0,0
1365000_5003000,1365000.0,5003000.0,0
1370000_5003000,1370000.0,5003000.0,0
1375000_5003000,1375000.0,5003000.0,0
1380000_5003000,1380000.0,5003000.0,0
1385000_5003000,1385000.0,5003000.0,0
1390000_5003000,1390000.0,5003000.0,0
1395000_5003000,1395000.0,5003000.0,0
1400000_5003000,1400000.0,5003000.0,0
1405000_5003000,1405000.0,5003000.0,0
1410000_5003000,1410000.0,5003000.0,0
1415000_5003000,1415000.0,5003000.0,0
1420000_5003000,1420000.0,5003000.0,0
1425000_5003000,1425000.0,5003000.0,0
1430000_5003000,1430000.0,5003000.0,0
1435000_5003000,1435000.0,5003000.0,0
1440000_5003000,1440000.0,5003000.0,0
1145000_5008000,1145000.0,5008000.0,0
1150000_5008000,1150000.0,5008000.0,0
1155000_5008000,1155000.0,5008000.0,0
1160000_5008000,1160000.0,5008000.0,0
1165000_5008000,1165000.0,5008000.0,0
1170000_5008000,1170000.0,5008000.0,0
1175000_5008000,1175000.0,5008000.0,0
1180000_5008000,1180000.0,5008000.0,0
1185000_5008000,1185000.0,5008000.0,0
1190000_5008000,1190000.0,5008000.0,0
1195000_5008000,1195000.0,5008000.0,0
1200000_5008000,1200000.0,5008000.0,0
1205000_5008000,1205000.0,5008000.0,0
1210000_5008000,1210000.0,5008000.0,0
1215000_5008000,1215000.0,5008000.0,0
1220000_5008000,1220000.0,5008000.0,0
1225000_5008000,1225000.0,5008000.0,0
1230000_5008000,1230000.0,5008000.0,0
1235000_5008000,1235000.0,5008000.0,0
1240000_5008000,1240000.0,5008000.0,0
1245000_5008000,1245000.0,5008000.0,0
1250000_5008000,1250000.0,5008000.0,0
1255000_5008000,1255000.0,5008000.0,0
1260000_5008000,1260000.0,5008000.0,0
1265000_5008000,1265000.0,5008000.0,0
1270000_5008000,1270000.0,5008000.0,0
1275000_5008000,1275000.0,5008000.0,0
1280000_5008000,1280000.0,5008000.0,0
1285000_5008000,1285000.0,5008000.0,0
1290000_5008000,1290000.0,5008000.0,0
1295000_5008000,1295000.0,5008000.0,0
1300000_5008000,1300000.0,5008000.0,0
1305000_5008000,1305000.0,5008000.0,0
1310000_5008000,1310000.0,5008000.0,0
1315000_5008000,1315000.0,5008000.0,0
1320000_5008000,1320000.0,5008000.0,0
1325000_5008000,1325000.0,5008000.0,0
1330000_5008000,1330000.0,5008000.0,0
1335000_5008000,1335000.0,5008000.0,0
1340000_5008000,1340000.0,5008000.0,0
1345000_5008000,1345000.0,5008000.0,0
1350000_5008000,1350000.0,5008000.0,0
1355000_5008000,1355000.0,5008000.0,0
1360000_5008000,1360000.0,5008000.0,0
1365000_5008000,1365000.0,5008000.0,0
1370000_5008000,1370000.0,5008000.0,0
1375000_5008000,1375000.0,5008000.0,0
1380000_5008000,1380000.0,5008000.0,0
1385000_5008000,1385000.0,5008000.0,0
1390000_5008000,1390000.0,5008000.0,0
1395000_5008000,1395000.0,5008000.0,0
1400000_5008000,1400000.0,5008000.0,0
1405000_5008000,1405000.0,5008000.0,0
1410000_5008000,1410000.0,5008000.0,0
1415000_5008000,1415000.0,5008000.0,0
1420000_5008000,1420000.0,5008000.0,0
1425000_5008000,1425000.0,5008000.0,0
1430000_5008000,1430000.0,5008000.0,0
1435000_5008000,1435000.0,5008000.0,0
1440000_5008000,1440000.0,5008000.0,0
1150000_5013000,1150000.0,5013000.0,0
1155000_5013000,1155000.0,5013000.0,0
1160000_5013000,1160000.0,5013000.0,0
1165000_5013000,1165000.0,5013000.0,0
1170000_5013000,1170000.0,5013000.0,0
1175000_5013000,1175000.0,5013000.0,0
1180000_5013000,1180000.0,5013000.0,0
1185000_5013000,1185000.0,5013000.0,0
1190000_5013000,1190000.0,5013000.0,0
1195000_5013000,1195000.0,5013000.0,0
1200000_5013000,1200000.0,5013000.0,0
1205000_5013000,1205000.0,5013000.0,0
1210000_5013000,1210000.0,5013000.0,0
1215000_5013000,1215000.0,5013000.0,0
1220000_5013000,1220000.0,5013000.0,0
1225000_5013000,1225000.0,5013000.0,0
1230000_5013000,1230000.0,5013000.0,0
1235000_5013000,1235000.0,5013000.0,0
1240000_5013000,1240000.0,5013000.0,0
1245000_5013000,1245000.0,5013000.0,0
1250000_5013000,1250000.0,5013000.0,0
1255000_5013000,1255000.0,5013000.0,0
1260000_5013000,1260000.0,5013000.0,0
1265000_5013000,1265000.0,5013000.0,0
1270000_5013000,1270000.0,5013000.0,0
1275000_5013000,1275000.0,5013000.0,0
1280000_5013000,1280000.0,5013000.0,0
1285000_5013000,1285000.0,5013000.0,0
1290000_5013000,1290000.0,5013000.0,0
1295000_5013000,1295000.0,5013000.0,0
1300000_5013000,1300000.0,5013000.0,0
1305000_5013000,1305000.0,5013000.0,0
1310000_5013000,1310000.0,5013000.0,0
1315000_5013000,1315000.0,5013000.0,0
1320000_5013000,1320000.0,5013000.0,0
1325000_5013000,1325000.0,5013000.0,0
1330000_5013000,1330000.0,5013000.0,0
1335000_5013000,1335000.0,5013000.0,0
1340000_5013000,1340000.0,5013000.0,0
1345000_5013000,1345000.0,5013000.0,0
1350000_5013000,1350000.0,5013000.0,0
1355000_5013000,1355000.0,5013000.0,0
1360000_5013000,1360000.0,5013000.0,0
1365000_5013000,1365000.0,5013000.0,0
1370000_5013000,1370000.0,5013000.0,0
1375000_5013000,1375000.0,5013000.0,0
1380000_5013000,1380000.0,5013000.0,0
1385000_5013000,1385000.0,5013000.0,0
1390000_5013000,1390000.0,5013000.0,0
1395000_5013000,1395000.0,5013000.0,0
1400000_5013000,1400000.0,5013000.0,0
1405000_5013000,1405000.0,5013000.0,0
1410000_5013000,1410000.0,5013000.0,0
1415000_5013000,1415000.0,5013000.0,0
1420000_5013000,1420000.0,5013000.0,0
1425000_5013000,1425000.0,5013000.0,0
1430000_5013000,1430000.0,5013000.0,0
1435000_5013000,1435000.0,5013000.0,0
1440000_5013000,1440000.0,5013000.0,0
1445000_5013000,1445000.0,5013000.0,0
1155000_5018000,1155000.0,5018000.0,0
1160000_5018000,1160000.0,5018000.0,0
1170000_5018000,1170000.0,5018000.0,0
1175000_5018000,1175000.0,5018000.0,0
1180000_5018000,1180000.0,5018000.0,0
1185000_5018000,1185000.0,5018000.0,0
1190000_5018000,1190000.0,5018000.0,0
1195000_5018000,1195000.0,5018000.0,0
1200000_5018000,1200000.0,5018000.0,0
1205000_5018000,1205000.0,5018000.0,0
1210000_5018000,1210000.0,5018000.0,0
1215000_5018000,1215000.0,5018000.0,0
1220000_5018000,1220000.0,5018000.0,0
1225000_5018000,1225000.0,5018000.0,0
1230000_5018000,1230000.0,5018000.0,0
1235000_5018000,1235000.0,5018000.0,0
1240000_5018000,1240000.0,5018000.0,0
1245000_5018000,1245000.0,5018000.0,0
1250000_5018000,1250000.0,5018000.0,0
1255000_5018000,1255000.0,5018000.0,0
1260000_5018000,1260000.0,5018000.0,0
1265000_5018000,1265000.0,5018000.0,0
1270000_5018000,1270000.0,5018000.0,0
1275000_5018000,1275000.0,5018000.0,0
1280000_5018000,1280000.0,5018000.0,0
1285000_5018000,1285000.0,5018000.0,0
1290000_5018000,1290000.0,5018000.0,0
1295000_5018000,1295000.0,5018000.0,0
1300000_5018000,1300000.0,5018000.0,0
1305000_5018000,1305000.0,5018000.0,0
1310000_5018000,1310000.0,5018000.0,0
1315000_5018000,1315000.0,5018000.0,0
1320000_5018000,1320000.0,5018000.0,0
1325000_5018000,1325000.0,5018000.0,0
1330000_5018000,1330000.0,5018000.0,0
1335000_5018000,1335000.0,5018000.0,0
1340000_5018000,1340000.0,5018000.0,0
1345000_5018000,1345000.0,5018000.0,0
1350000_5018000,1350000.0,5018000.0,0
1355000_5018000,1355000.0,5018000.0,0
1360000_5018000,1360000.0,5018000.0,0
1365000_5018000,1365000.0,5018000.0,0
1370000_5018000,1370000.0,5018000.0,0
1375000_5018000,1375000.0,5018000.0,0
1380000_5018000,1380000.0,5018000.0,0
1385000_5018000,1385000.0,5018000.0,0
1390000_5018000,1390000.0,5018000.0,0
1395000_5018000,1395000.0,5018000.0,0
1400000_5018000,1400000.0,5018000.0,0
1405000_5018000,1405000.0,5018000.0,0
1410000_5018000,1410000.0,5018000.0,0
1415000_5018000,1415000.0,5018000.0,0
1420000_5018000,1420000.0,5018000.0,0
1425000_5018000,1425000.0,5018000.0,0
1430000_5018000,1430000.0,5018000.0,0
1435000_5018000,1435000.0,5018000.0,0
1440000_5018000,1440000.0,5018000.0,0
1445000_5018000,1445000.0,5018000.0,0
1450000_5018000,1450000.0,5018000.0,0
1160000_5023000,1160000.0,5023000.0,0
1165000_5023000,1165000.0,5023000.0,0
1170000_5023000,1170000.0,5023000.0,0
1175000_5023000,1175000.0,5023000.0,0
1180000_5023000,1180000.0,5023000.0,0
1185000_5023000,1185000.0,5023000.0,0
1190000_5023000,1190000.0,5023000.0,0
1195000_5023000,1195000.0,5023000.0,0
1200000_5023000,1200000.0,5023000.0,0
1205000_5023000,1205000.0,5023000.0,0
1210000_5023000,1210000.0,5023000.0,0
1215000_5023000,1215000.0,5023000.0,0
1220000_5023000,1220000.0,5023000.0,0
1225000_5023000,1225000.0,5023000.0,0
1230000_5023000,1230000.0,5023000.0,0
1235000_5023000,1235000.0,5023000.0,0
1240000_5023000,1240000.0,5023000.0,0
1245000_5023000,1245000.0,5023000.0,0
1250000_5023000,1250000.0,5023000.0,0
1255000_5023000,1255000.0,5023000.0,0
1260000_5023000,1260000.0,5023000.0,0
1265000_5023000,1265000.0,5023000.0,0
1270000_5023000,1270000.0,5023000.0,0
1275000_5023000,1275000.0,5023000.0,0
1280000_5023000,1280000.0,5023000.0,0
1285000_5023000,1285000.0,5023000.0,0
1290000_5023000,1290000.0,5023000.0,0
1295000_5023000,1295000.0,5023000.0,0
1300000_5023000,1300000.0,5023000.0,0
1305000_5023000,1305000.0,5023000.0,0
1310000_5023000,1310000.0,5023000.0,0
1315000_5023000,1315000.0,5023000.0,0
1320000_5023000,1320000.0,5023000.0,0
1325000_5023000,1325000.0,5023000.0,0
1330000_5023000,1330000.0,5023000.0,0
1335000_5023000,1335000.0,5023000.0,0
1340000_5023000,1340000.0,5023000.0,0
1345000_5023000,1345000.0,5023000.0,0
1350000_5023000,1350000.0,5023000.0,0
1355000_5023000,1355000.0,5023000.0,0
1360000_5023000,1360000.0,5023000.0,0
1365000_5023000,1365000.0,5023000.0,0
1370000_5023000,1370000.0,5023000.0,0
1375000_5023000,1375000.0,5023000.0,0
1380000_5023000,1380000.0,5023000.0,0
1385000_5023000,1385000.0,5023000.0,0
1390000_5023000,1390000.0,5023000.0,0
1395000_5023000,1395000.0,5023000.0,0
1400000_5023000,1400000.0,5023000.0,0
1405000_5023000,1405000.0,5023000.0,0
1410000_5023000,1410000.0,5023000.0,0
1415000_5023000,1415000.0,5023000.0,0
1420000_5023000,1420000.0,5023000.0,0
1425000_5023000,1425000.0,5023000.0,0
1430000_5023000,1430000.0,5023000.0,0
1435000_5023000,1435000.0,5023000.0,0
1440000_5023000,1440000.0,5023000.0,0
1445000_5023000,1445000.0,5023000.0,0
1450000_5023000,1450000.0,5023000.0,0
1170000_5028000,1170000.0,5028000.0,0
1180000_5028000,1180000.0,5028000.0,0
1185000_5028000,1185000.0,5028000.0,0
1190000_5028000,1190000.0,5028000.0,0
1195000_5028000,1195000.0,5028000.0,0
1200000_5028000,1200000.0,5028000.0,0
1205000_5028000,1205000.0,5028000.0,0
1210000_5028000,1210000.0,5028000.0,0
1215000_5028000,1215000.0,5028000.0,0
1220000_5028000,1220000.0,5028000.0,0
1225000_5028000,1225000.0,5028000.0,0
1230000_5028000,1230000.0,5028000.0,0
1235000_5028000,1235000.0,5028000.0,0
1240000_5028000,1240000.0,5028000.0,0
1245000_5028000,1245000.0,5028000.0,0
1250000_5028000,1250000.0,5028000.0,0
1255000_5028000,1255000.0,5028000.0,0
1260000_5028000,1260000.0,5028000.0,0
1265000_5028000,1265000.0,5028000.0,0
1270000_5028000,1270000.0,5028000.0,0
1275000_5028000,1275000.0,5028000.0,0
1280000_5028000,1280000.0,5028000.0,0
1285000_5028000,1285000.0,5028000.0,0
1290000_5028000,1290000.0,5028000.0,0
1295000_5028000,1295000.0,5028000.0,0
1300000_5028000,1300000.0,5028000.0,0
1305000_5028000,1305000.0,5028000.0,0
1310000_5028000,1310000.0,5028000.0,0
1315000_5028000,1315000.0,5028000.0,0
1320000_5028000,1320000.0,5028000.0,0
1325000_5028000,1325000.0,5028000.0,0
1330000_5028000,1330000.0,5028000.0,0
1335000_5028000,1335000.0,5028000.0,0
1340000_5028000,1340000.0,5028000.0,0
1345000_5028000,1345000.0,5028000.0,0
1350000_5028000,1350000.0,5028000.0,0
1355000_5028000,1355000.0,5028000.0,0
1360000_5028000,1360000.0,5028000.0,0
1365000_5028000,1365000.0,5028000.0,0
1370000_5028000,1370000.0,5028000.0,0
1375000_5028000,1375000.0,5028000.0,0
1380000_5028000,1380000.0,5028000.0,0
1385000_5028000,1385000.0,5028000.0,0
1390000_5028000,1390000.0,5028000.0,0
1395000_5028000,1395000.0,5028000.0,0
1400000_5028000,1400000.0,5028000.0,0
1405000_5028000,1405000.0,5028000.0,0
1410000_5028000,1410000.0,5028000.0,0
1415000_5028000,1415000.0,5028000.0,0
1420000_5028000,1420000.0,5028000.0,0
1425000_5028000,1425000.0,5028000.0,0
1430000_5028000,1430000.0,5028000.0,0
1435000_5028000,1435000.0,5028000.0,0
1440000_5028000,1440000.0,5028000.0,0
1445000_5028000,1445000.0,5028000.0,0
1450000_5028000,1450000.0,5028000.0,0
1455000_5028000,1455000.0,5028000.0,0
1175000_5033000,1175000.0,5033000.0,0
1180000_5033000,1180000.0,5033000.0,0
1185000_5033000,1185000.0,5033000.0,0
1190000_5033000,1190000.0,5033000.0,0
1195000_5033000,1195000.0,5033000.0,0
1200000_5033000,1200000.0,5033000.0,0
1205000_5033000,1205000.0,5033000.0,0
1210000_5033000,1210000.0,5033000.0,0
1215000_5033000,1215000.0,5033000.0,0
1220000_5033000,1220000.0,5033000.0,0
1225000_5033000,1225000.0,5033000.0,0
1230000_5033000,1230000.0,5033000.0,0
1235000_5033000,1235000.0,5033000.0,0
1240000_5033000,1240000.0,5033000.0,0
1245000_5033000,1245000.0,5033000.0,0
1250000_5033000,1250000.0,5033000.0,0
1255000_5033000,1255000.0,5033000.0,0
1260000_5033000,1260000.0,5033000.0,0
1265000_5033000,1265000.0,5033000.0,0
1270000_5033000,1270000.0,5033000.0,0
1275000_5033000,1275000.0,5033000.0,0
1280000_5033000,1280000.0,5033000.0,0
1285000_5033000,1285000.0,5033000.0,0
1290000_5033000,1290000.0,5033000.0,0
1295000_5033000,1295000.0,5033000.0,0
1300000_5033000,1300000.0,5033000.0,0
1305000_5033000,1305000.0,5033000.0,0
1310000_5033000,1310000.0,5033000.0,0
1315000_5033000,1315000.0,5033000.0,0
1320000_5033000,1320000.0,5033000.0,0
1325000_5033000,1325000.0,5033000.0,0
1330000_5033000,1330000.0,5033000.0,0
1335000_5033000,1335000.0,5033000.0,0
1340000_5033000,1340000.0,5033000.0,0
1345000_5033000,1345000.0,5033000.0,0
1350000_5033000,1350000.0,5033000.0,0
1355000_5033000,1355000.0,5033000.0,0
1360000_5033000,1360000.0,5033000.0,0
1365000_5033000,1365000.0,5033000.0,0
1370000_5033000,1370000.0,5033000.0,0
1375000_5033000,1375000.0,5033000.0,0
1380000_5033000,1380000.0,5033000.0,0
1385000_5033000,1385000.0,5033000.0,0
1390000_5033000,1390000.0,5033000.0,0
1395000_5033000,1395000.0,5033000.0,0
1400000_5033000,1400000.0,5033000.0,0
1405000_5033000,1405000.0,5033000.0,0
1410000_5033000,1410000.0,5033000.0,0
1415000_5033000,1415000.0,5033000.0,0
1420000_5033000,1420000.0,5033000.0,0
1425000_5033000,1425000.0,5033000.0,0
1430000_5033000,1430000.0,5033000.0,0
1435000_5033000,1435000.0,5033000.0,0
1440000_5033000,1440000.0,5033000.0,0
1445000_5033000,1445000.0,5033000.0,0
1450000_5033000,1450000.0,5033000.0,0
1455000_5033000,1455000.0,5033000.0,0
1170000_5038000,1170000.0,5038000.0,0
1175000_5038000,1175000.0,5038000.0,0
1180000_5038000,1180000.0,5038000.0,0
1185000_5038000,1185000.0,5038000.0,0
1190000_5038000,1190000.0,5038000.0,0
1195000_5038000,1195000.0,5038000.0,0
1200000_5038000,1200000.0,5038000.0,0
1205000_5038000,1205000.0,5038000.0,0
1210000_5038000,1210000.0,5038000.0,0
1215000_5038000,1215000.0,5038000.0,0
1220000_5038000,1220000.0,5038000.0,0
1225000_5038000,1225000.0,5038000.0,0
1230000_5038000,1230000.0,5038000.0,0
1235000_5038000,1235000.0,5038000.0,0
1240000_5038000,1240000.0,5038000.0,0
1245000_5038000,1245000.0,5038000.0,0
1250000_5038000,1250000.0,5038000.0,0
1255000_5038000,1255000.0,5038000.0,0
1260000_5038000,1260000.0,5038000.0,0
1265000_5038000,1265000.0,5038000.0,0
1270000_5038000,1270000.0,5038000.0,0
1275000_5038000,1275000.0,5038000.0,0
1280000_5038000,1280000.0,5038000.0,0
1285000_5038000,1285000.0,5038000.0,0
1290000_5038000,1290000.0,5038000.0,0
1295000_5038000,1295000.0,5038000.0,0
1300000_5038000,1300000.0,5038000.0,0
1305000_5038000,1305000.0,5038000.0,0
1310000_5038000,1310000.0,5038000.0,0
1315000_5038000,1315000.0,5038000.0,0
1320000_5038000,1320000.0,5038000.0,0
1325000_5038000,1325000.0,5038000.0,0
1330000_5038000,1330000.0,5038000.0,0
1335000_5038000,1335000.0,5038000.0,0
1340000_5038000,1340000.0,5038000.0,0
1345000_5038000,1345000.0,5038000.0,0
1350000_5038000,1350000.0,5038000.0,0
1355000_5038000,1355000.0,5038000.0,0
1360000_5038000,1360000.0,5038000.0,0
1365000_5038000,1365000.0,5038000.0,0
1370000_5038000,1370000.0,5038000.0,0
1375000_5038000,1375000.0,5038000.0,0
1380000_5038000,1380000.0,5038000.0,0
1385000_5038000,1385000.0,5038000.0,0
1390000_5038000,1390000.0,5038000.0,0
1395000_5038000,1395000.0,5038000.0,0
1400000_5038000,1400000.0,5038000.0,0
1405000_5038000,1405000.0,5038000.0,0
1410000_5038000,1410000.0,5038000.0,0
1415000_5038000,1415000.0,5038000.0,0
1420000_5038000,1420000.0,5038000.0,0
1425000_5038000,1425000.0,5038000.0,0
1430000_5038000,1430000.0,5038000.0,0
1435000_5038000,1435000.0,5038000.0,0
1440000_5038000,1440000.0,5038000.0,0
1445000_5038000,1445000.0,5038000.0,0
1450000_5038000,1450000.0,5038000.0,0
1455000_5038000,1455000.0,5038000.0,0
1180000_5043000,1180000.0,5043000.0,0
1185000_5043000,1185000.0,5043000.0,0
1190000_5043000,1190000.0,5043000.0,0
1195000_5043000,1195000.0,5043000.0,0
1200000_5043000,1200000.0,5043000.0,0
1205000_5043000,1205000.0,5043000.0,0
1210000_5043000,1210000.0,5043000.0,0
1215000_5043000,1215000.0,5043000.0,0
1220000_5043000,1220000.0,5043000.0,0
1225000_5043000,1225000.0,5043000.0,0
1230000_5043000,1230000.0,5043000.0,0
1235000_5043000,1235000.0,5043000.0,0
1240000_5043000,1240000.0,5043000.0,0
1245000_5043000,1245000.0,5043000.0,0
1250000_5043000,1250000.0,5043000.0,0
1255000_5043000,1255000.0,5043000.0,0
1260000_5043000,1260000.0,5043000.0,0
1265000_5043000,1265000.0,5043000.0,0
1270000_5043000,1270000.0,5043000.0,0
1275000_5043000,1275000.0,5043000.0,0
1280000_5043000,1280000.0,5043000.0,0
1285000_5043000,1285000.0,5043000.0,0
1290000_5043000,1290000.0,5043000.0,0
1295000_5043000,1295000.0,5043000.0,0
1300000_5043000,1300000.0,5043000.0,0
1305000_5043000,1305000.0,5043000.0,0
1310000_5043000,1310000.0,5043000.0,0
1315000_5043000,1315000.0,5043000.0,0
1320000_5043000,1320000.0,5043000.0,0
1325000_5043000,1325000.0,5043000.0,0
1330000_5043000,1330000.0,5043000.0,0
1335000_5043000,1335000.0,5043000.0,0
1340000_5043000,1340000.0,5043000.0,0
1345000_5043000,1345000.0,5043000.0,0
1350000_5043000,1350000.0,5043000.0,0
1355000_5043000,1355000.0,5043000.0,0
1360000_5043000,1360000.0,5043000.0,0
1365000_5043000,1365000.0,5043000.0,0
1370000_5043000,1370000.0,5043000.0,0
1375000_5043000,1375000.0,5043000.0,0
1380000_5043000,1380000.0,5043000.0,0
1385000_5043000,1385000.0,5043000.0,0
1390000_5043000,1390000.0,5043000.0,0
1395000_5043000,1395000.0,5043000.0,0
1400000_5043000,1400000.0,5043000.0,0
1405000_5043000,1405000.0,5043000.0,0
1410000_5043000,1410000.0,5043000.0,0
1415000_5043000,1415000.0,5043000.0,0
1420000_5043000,1420000.0,5043000.0,0
1425000_5043000,1425000.0,5043000.0,0
1430000_5043000,1430000.0,5043000.0,0
1435000_5043000,1435000.0,5043000.0,0
1440000_5043000,1440000.0,5043000.0,0
1445000_5043000,1445000.0,5043000.0,0
1450000_5043000,1450000.0,5043000.0,0
1455000_5043000,1455000.0,5043000.0,0
1185000_5048000,1185000.0,5048000.0,0
1195000_5048000,1195000.0,5048000.0,0
1200000_5048000,1200000.0,5048000.0,0
1205000_5048000,1205000.0,5048000.0,0
1210000_5048000,1210000.0,5048000.0,0
1215000_5048000,1215000.0,5048000.0,0
1220000_5048000,1220000.0,5048000.0,0
1225000_5048000,1225000.0,5048000.0,0
1230000_5048000,1230000.0,5048000.0,0
1235000_5048000,1235000.0,5048000.0,0
1240000_5048000,1240000.0,5048000.0,0
1245000_5048000,1245000.0,5048000.0,0
1250000_5048000,1250000.0,5048000.0,0
1255000_5048000,1255000.0,5048000.0,0
1260000_5048000,1260000.0,5048000.0,0
1265000_5048000,1265000.0,5048000.0,0
1270000_5048000,1270000.0,5048000.0,0
1275000_5048000,1275000.0,5048000.0,0
1280000_5048000,1280000.0,5048000.0,0
1285000_5048000,1285000.0,5048000.0,0
1290000_5048000,1290000.0,5048000.0,0
1295000_5048000,1295000.0,5048000.0,0
1300000_5048000,1300000.0,5048000.0,0
1305000_5048000,1305000.0,5048000.0,0
1310000_5048000,1310000.0,5048000.0,0
1315000_5048000,1315000.0,5048000.0,0
1320000_5048000,1320000.0,5048000.0,0
1325000_5048000,1325000.0,5048000.0,0
1330000_5048000,1330000.0,5048000.0,0
1335000_5048000,1335000.0,5048000.0,0
1340000_5048000,1340000.0,5048000.0,0
1345000_5048000,1345000.0,5048000.0,0
1350000_5048000,1350000.0,5048000.0,0
1355000_5048000,1355000.0,5048000.0,0
1360000_5048000,1360000.0,5048000.0,0
1365000_5048000,1365000.0,5048000.0,0
1370000_5048000,1370000.0,5048000.0,0
1375000_5048000,1375000.0,5048000.0,0
1380000_5048000,1380000.0,5048000.0,0
1385000_5048000,1385000.0,5048000.0,0
1390000_5048000,1390000.0,5048000.0,0
1395000_5048000,1395000.0,5048000.0,0
1400000_5048000,1400000.0,5048000.0,0
1405000_5048000,1405000.0,5048000.0,0
1410000_5048000,1410000.0,5048000.0,0
1415000_5048000,1415000.0,5048000.0,0
1420000_5048000,1420000.0,5048000.0,0
1425000_5048000,1425000.0,5048000.0,0
1430000_5048000,1430000.0,5048000.0,0
1435000_5048000,1435000.0,5048000.0,0
1440000_5048000,1440000.0,5048000.0,0
1445000_5048000,1445000.0,5048000.0,0
1450000_5048000,1450000.0,5048000.0,0
1190000_5053000,1190000.0,5053000.0,0
1195000_5053000,1195000.0,5053000.0,0
1200000_5053000,1200000.0,5053000.0,0
1205000_5053000,1205000.0,5053000.0,0
1210000_5053000,1210000.0,5053000.0,0
1215000_5053000,1215000.0,5053000.0,0
1220000_5053000,1220000.0,5053000.0,0
1225000_5053000,1225000.0,5053000.0,0
1230000_5053000,1230000.0,5053000.0,0
1235000_5053000,1235000.0,5053000.0,0
1240000_5053000,1240000.0,5053000.0,0
1245000_5053000,1245000.0,5053000.0,0
1250000_5053000,1250000.0,5053000.0,0
1255000_5053000,1255000.0,5053000.0,0
1260000_5053000,1260000.0,5053000.0,0
1265000_5053000,1265000.0,5053000.0,0
1270000_5053000,1270000.0,5053000.0,0
1275000_5053000,1275000.0,5053000.0,0
1280000_5053000,1280000.0,5053000.0,0
1285000_5053000,1285000.0,5053000.0,0
1290000_5053000,1290000.0,5053000.0,0
1295000_5053000,1295000.0,5053000.0,0
1300000_5053000,1300000.0,5053000.0,0
1305000_5053000,1305000.0,5053000.0,0
1310000_5053000,1310000.0,5053000.0,0
1315000_5053000,1315000.0,5053000.0,0
1320000_5053000,1320000.0,5053000.0,0
1325000_5053000,1325000.0,5053000.0,0
1330000_5053000,1330000.0,5053000.0,0
1335000_5053000,1335000.0,5053000.0,0
1340000_5053000,1340000.0,5053000.0,0
1345000_5053000,1345000.0,5053000.0,0
1350000_5053000,1350000.0,5053000.0,0
1355000_5053000,1355000.0,5053000.0,0
1360000_5053000,1360000.0,5053000.0,0
1365000_5053000,1365000.0,5053000.0,0
1370000_5053000,1370000.0,5053000.0,0
1375000_5053000,1375000.0,5053000.0,0
1380000_5053000,1380000.0,5053000.0,0
1385000_5053000,1385000.0,5053000.0,0
1390000_5053000,1390000.0,5053000.0,0
1395000_5053000,1395000.0,5053000.0,0
1400000_5053000,1400000.0,5053000.0,0
1405000_5053000,1405000.0,5053000.0,0
1410000_5053000,1410000.0,5053000.0,0
1415000_5053000,1415000.0,5053000.0,0
1420000_5053000,1420000.0,5053000.0,0
1425000_5053000,1425000.0,5053000.0,0
1430000_5053000,1430000.0,5053000.0,0
1435000_5053000,1435000.0,5053000.0,0
1440000_5053000,1440000.0,5053000.0,0
1445000_5053000,1445000.0,5053000.0,0
1450000_5053000,1450000.0,5053000.0,0
1190000_5058000,1190000.0,5058000.0,0
1195000_5058000,1195000.0,5058000.0,0
1200000_5058000,1200000.0,5058000.0,0
1205000_5058000,1205000.0,5058000.0,0
1210000_5058000,1210000.0,5058000.0,0
1215000_5058000,1215000.0,5058000.0,0
1220000_5058000,1220000.0,5058000.0,0
1225000_5058000,1225000.0,5058000.0,0
1230000_5058000,1230000.0,5058000.0,0
1235000_5058000,1235000.0,5058000.0,0
1240000_5058000,1240000.0,5058000.0,0
1245000_5058000,1245000.0,5058000.0,0
1250000_5058000,1250000.0,5058000.0,0
1255000_5058000,1255000.0,5058000.0,0
1260000_5058000,1260000.0,5058000.0,0
1265000_5058000,1265000.0,5058000.0,0
1270000_5058000,1270000.0,5058000.0,0
1275000_5058000,1275000.0,5058000.0,0
1280000_5058000,1280000.0,5058000.0,0
1285000_5058000,1285000.0,5058000.0,0
1290000_5058000,1290000.0,5058000.0,0
1295000_5058000,1295000.0,5058000.0,0
1300000_5058000,1300000.0,5058000.0,0
1305000_5058000,1305000.0,5058000.0,0
1310000_5058000,1310000.0,5058000.0,0
1315000_5058000,1315000.0,5058000.0,0
1320000_5058000,1320000.0,5058000.0,0
1325000_5058000,1325000.0,5058000.0,0
1330000_5058000,1330000.0,5058000.0,0
1335000_5058000,1335000.0,5058000.0,0
1340000_5058000,1340000.0,5058000.0,0
1345000_5058000,1345000.0,5058000.0,0
1350000_5058000,1350000.0,5058000.0,0
1355000_5058000,1355000.0,5058000.0,0
1360000_5058000,1360000.0,5058000.0,0
1365000_5058000,1365000.0,5058000.0,0
1370000_5058000,1370000.0,5058000.0,0
1375000_5058000,1375000.0,5058000.0,0
1380000_5058000,1380000.0,5058000.0,0
1385000_5058000,1385000.0,5058000.0,0
1390000_5058000,1390000.0,5058000.0,0
1395000_5058000,1395000.0,5058000.0,0
1400000_5058000,1400000.0,5058000.0,0
1405000_5058000,1405000.0,5058000.0,0
1410000_5058000,1410000.0,5058000.0,0
1415000_5058000,1415000.0,5058000.0,0
1420000_5058000,1420000.0,5058000.0,0
1425000_5058000,1425000.0,5058000.0,0
1430000_5058000,1430000.0,5058000.0,0
1435000_5058000,1435000.0,5058000.0,0
1440000_5058000,1440000.0,5058000.0,0
1445000_5058000,1445000.0,5058000.0,0
1450000_5058000,1450000.0,5058000.0,0
1195000_5063000,1195000.0,5063000.0,0
1200000_5063000,1200000.0,5063000.0,0
1205000_5063000,1205000.0,5063000.0,0
1210000_5063000,1210000.0,5063000.0,0
1215000_5063000,1215000.0,5063000.0,0
1220000_5063000,1220000.0,5063000.0,0
1225000_5063000,1225000.0,5063000.0,0
1230000_5063000,1230000.0,5063000.0,0
1235000_5063000,1235000.0,5063000.0,0
1240000_5063000,1240000.0,5063000.0,0
1245000_5063000,1245000.0,5063000.0,0
1250000_5063000,1250000.0,5063000.0,0
1255000_5063000,1255000.0,5063000.0,0
1260000_5063000,1260000.0,5063000.0,0
1265000_5063000,1265000.0,5063000.0,0
1270000_5063000,1270000.0,5063000.0,0
1275000_5063000,1275000.0,5063000.0,0
1280000_5063000,1280000.0,5063000.0,0
1285000_5063000,1285000.0,5063000.0,0
1290000_5063000,1290000.0,5063000.0,0
1295000_5063000,1295000.0,5063000.0,0
1300000_5063000,1300000.0,5063000.0,0
1305000_5063000,1305000.0,5063000.0,0
1310000_5063000,1310000.0,5063000.0,0
1315000_5063000,1315000.0,5063000.0,0
1320000_5063000,1320000.0,5063000.0,0
1325000_5063000,1325000.0,5063000.0,0
1330000_5063000,1330000.0,5063000.0,0
1335000_5063000,1335000.0,5063000.0,0
1340000_5063000,1340000.0,5063000.0,0
1345000_5063000,1345000.0,5063000.0,0
1350000_5063000,1350000.0,5063000.0,0
1355000_5063000,1355000.0,5063000.0,0
1360000_5063000,1360000.0,5063000.0,0
1365000_5063000,1365000.0,5063000.0,0
1370000_5063000,1370000.0,5063000.0,0
1375000_5063000,1375000.0,5063000.0,0
1380000_5063000,1380000.0,5063000.0,0
1385000_5063000,1385000.0,5063000.0,0
1390000_5063000,1390000.0,5063000.0,0
1395000_5063000,1395000.0,5063000.0,0
1400000_5063000,1400000.0,5063000.0,0
1405000_5063000,1405000.0,5063000.0,0
1410000_5063000,1410000.0,5063000.0,0
1415000_5063000,1415000.0,5063000.0,0
1420000_5063000,1420000.0,5063000.0,0
1425000_5063000,1425000.0,5063000.0,0
1430000_5063000,1430000.0,5063000.0,0
1435000_5063000,1435000.0,5063000.0,0
1440000_5063000,1440000.0,5063000.0,0
1445000_5063000,1445000.0,5063000.0,0
1450000_5063000,1450000.0,5063000.0,0
1195000_5068000,1195000.0,5068000.0,0
1200000_5068000,1200000.0,5068000.0,0
1205000_5068000,1205000.0,5068000.0,0
1210000_5068000,1210000.0,5068000.0,0
1215000_5068000,1215000.0,5068000.0,0
1220000_5068000,1220000.0,5068000.0,0
1225000_5068000,1225000.0,5068000.0,0
1230000_5068000,1230000.0,5068000.0,0
1235000_5068000,1235000.0,5068000.0,0
1240000_5068000,1240000.0,5068000.0,0
1245000_5068000,1245000.0,5068000.0,0
1250000_5068000,1250000.0,5068000.0,0
1255000_5068000,1255000.0,5068000.0,0
1260000_5068000,1260000.0,5068000.0,0
1265000_5068000,1265000.0,5068000.0,0
1270000_5068000,1270000.0,5068000.0,0
1275000_5068000,1275000.0,5068000.0,0
1280000_5068000,1280000.0,5068000.0,0
1285000_5068000,1285000.0,5068000.0,0
1290000_5068000,1290000.0,5068000.0,0
1295000_5068000,1295000.0,5068000.0,0
1300000_5068000,1300000.0,5068000.0,0
1305000_5068000,1305000.0,5068000.0,0
1310000_5068000,1310000.0,5068000.0,0
1315000_5068000,1315000.0,5068000.0,0
1320000_5068000,1320000.0,5068000.0,0
1325000_5068000,1325000.0,5068000.0,0
1330000_5068000,1330000.0,5068000.0,0
1335000_5068000,1335000.0,5068000.0,0
1340000_5068000,1340000.0,5068000.0,0
1345000_5068000,1345000.0,5068000.0,0
1350000_5068000,1350000.0,5068000.0,0
1355000_5068000,1355000.0,5068000.0,0
1360000_5068000,1360000.0,5068000.0,0
1365000_5068000,1365000.0,5068000.0,0
1370000_5068000,1370000.0,5068000.0,0
1375000_5068000,1375000.0,5068000.0,0
1380000_5068000,1380000.0,5068000.0,0
1385000_5068000,1385000.0,5068000.0,0
1390000_5068000,1390000.0,5068000.0,0
1395000_5068000,1395000.0,5068000.0,0
1400000_5068000,1400000.0,5068000.0,0
1405000_5068000,1405000.0,5068000.0,0
1410000_5068000,1410000.0,5068000.0,0
1415000_5068000,1415000.0,5068000.0,0
1420000_5068000,1420000.0,5068000.0,0
1425000_5068000,1425000.0,5068000.0,0
1430000_5068000,1430000.0,5068000.0,0
1435000_5068000,1435000.0,5068000.0,0
1440000_5068000,1440000.0,5068000.0,0
1445000_5068000,1445000.0,5068000.0,0
1450000_5068000,1450000.0,5068000.0,0
1455000_5068000,1455000.0,5068000.0,0
1200000_5073000,1200000.0,5073000.0,0
1205000_5073000,1205000.0,5073000.0,0
1210000_5073000,1210000.0,5073000.0,0
1215000_5073000,1215000.0,5073000.0,0
1220000_5073000,1220000.0,5073000.0,0
1225000_5073000,1225000.0,5073000.0,0
1230000_5073000,1230000.0,5073000.0,0
1235000_5073000,1235000.0,5073000.0,0
1240000_5073000,1240000.0,5073000.0,0
1245000_5073000,1245000.0,5073000.0,0
1250000_5073000,1250000.0,5073000.0,0
1255000_5073000,1255000.0,5073000.0,0
1260000_5073000,1260000.0,5073000.0,0
1265000_5073000,1265000.0,5073000.0,0
1270000_5073000,1270000.0,5073000.0,0
1275000_5073000,1275000.0,5073000.0,0
1280000_5073000,1280000.0,5073000.0,0
1285000_5073000,1285000.0,5073000.0,0
1290000_5073000,1290000.0,5073000.0,0
1295000_5073000,1295000.0,5073000.0,0
1300000_5073000,1300000.0,5073000.0,0
1305000_5073000,1305000.0,5073000.0,0
1310000_5073000,1310000.0,5073000.0,0
1315000_5073000,1315000.0,5073000.0,0
1320000_5073000,1320000.0,5073000.0,0
1325000_5073000,1325000.0,5073000.0,0
1330000_5073000,1330000.0,5073000.0,0
1335000_5073000,1335000.0,5073000.0,0
1340000_5073000,1340000.0,5073000.0,0
1345000_5073000,1345000.0,5073000.0,0
1350000_5073000,1350000.0,5073000.0,0
1355000_5073000,1355000.0,5073000.0,0
1360000_5073000,1360000.0,5073000.0,0
1365000_5073000,1365000.0,5073000.0,0
1370000_5073000,1370000.0,5073000.0,0
1375000_5073000,1375000.0,5073000.0,0
1380000_5073000,1380000.0,5073000.0,0
1385000_5073000,1385000.0,5073000.0,0
1390000_5073000,1390000.0,5073000.0,0
1395000_5073000,1395000.0,5073000.0,0
1400000_5073000,1400000.0,5073000.0,0
1405000_5073000,1405000.0,5073000.0,0
1410000_5073000,1410000.0,5073000.0,0
1415000_5073000,1415000.0,5073000.0,0
1420000_5073000,1420000.0,5073000.0,0
1425000_5073000,1425000.0,5073000.0,0
1430000_5073000,1430000.0,5073000.0,0
1435000_5073000,1435000.0,5073000.0,0
1440000_5073000,1440000.0,5073000.0,0
1445000_5073000,1445000.0,5073000.0,0
1450000_5073000,1450000.0,5073000.0,0
1455000_5073000,1455000.0,5073000.0,0
1205000_5078000,1205000.0,5078000.0,0
1210000_5078000,1210000.0,5078000.0,0
1215000_5078000,1215000.0,5078000.0,0
1220000_5078000,1220000.0,5078000.0,0
1225000_5078000,1225000.0,5078000.0,0
1230000_5078000,1230000.0,5078000.0,0
1235000_5078000,1235000.0,5078000.0,0
1240000_5078000,1240000.0,5078000.0,0
1245000_5078000,1245000.0,5078000.0,0
1250000_5078000,1250000.0,5078000.0,0
1255000_5078000,1255000.0,5078000.0,0
1260000_5078000,1260000.0,5078000.0,0
1265000_5078000,1265000.0,5078000.0,0
1270000_5078000,1270000.0,5078000.0,0
1275000_5078000,1275000.0,5078000.0,0
1280000_5078000,1280000.0,5078000.0,0
1285000_5078000,1285000.0,5078000.0,0
1290000_5078000,1290000.0,5078000.0,0
1295000_5078000,1295000.0,5078000.0,0
1300000_5078000,1300000.0,5078000.0,0
1305000_5078000,1305000.0,5078000.0,0
1310000_5078000,1310000.0,5078000.0,0
1315000_5078000,1315000.0,5078000.0,0
1320000_5078000,1320000.0,5078000.0,0
1325000_5078000,1325000.0,5078000.0,0
1330000_5078000,1330000.0,5078000.0,0
1335000_5078000,1335000.0,5078000.0,0
1340000_5078000,1340000.0,5078000.0,0
1345000_5078000,1345000.0,5078000.0,0
1350000_5078000,1350000.0,5078000.0,0
1355000_5078000,1355000.0,5078000.0,0
1360000_5078000,1360000.0,5078000.0,0
1365000_5078000,1365000.0,5078000.0,0
1370000_5078000,1370000.0,5078000.0,0
1375000_5078000,1375000.0,5078000.0,0
1380000_5078000,1380000.0,5078000.0,0
1385000_5078000,1385000.0,5078000.0,0
1390000_5078000,1390000.0,5078000.0,0
1395000_5078000,1395000.0,5078000.0,0
1400000_5078000,1400000.0,5078000.0,0
1405000_5078000,1405000.0,5078000.0,0
1410000_5078000,1410000.0,5078000.0,0
1415000_5078000,1415000.0,5078000.0,0
1420000_5078000,1420000.0,5078000.0,0
1425000_5078000,1425000.0,5078000.0,0
1430000_5078000,1430000.0,5078000.0,0
1435000_5078000,1435000.0,5078000.0,0
1440000_5078000,1440000.0,5078000.0,0
1445000_5078000,1445000.0,5078000.0,0
1450000_5078000,1450000.0,5078000.0,0
1455000_5078000,1455000.0,5078000.0,0
1460000_5078000,1460000.0,5078000.0,0
1215000_5083000,1215000.0,5083000.0,0
1220000_5083000,1220000.0,5083000.0,0
1225000_5083000,1225000.0,5083000.0,0
1230000_5083000,1230000.0,5083000.0,0
1235000_5083000,1235000.0,5083000.0,0
1240000_5083000,1240000.0,5083000.0,0
1245000_5083000,1245000.0,5083000.0,0
1250000_5083000,1250000.0,5083000.0,0
1255000_5083000,1255000.0,5083000.0,0
1260000_5083000,1260000.0,5083000.0,0
1265000_5083000,1265000.0,5083000.0,0
1270000_5083000,1270000.0,5083000.0,0
1275000_5083000,1275000.0,5083000.0,0
1280000_5083000,1280000.0,5083000.0,0
1285000_5083000,1285000.0,5083000.0,0
1290000_5083000,1290000.0,5083000.0,0
1295000_5083000,1295000.0,5083000.0,0
1300000_5083000,1300000.0,5083000.0,0
1305000_5083000,1305000.0,5083000.0,0
1310000_5083000,1310000.0,5083000.0,0
1315000_5083000,1315000.0,5083000.0,0
1320000_5083000,1320000.0,5083000.0,0
1325000_5083000,1325000.0,5083000.0,0
1330000_5083000,1330000.0,5083000.0,0
1335000_5083000,1335000.0,5083000.0,0
1340000_5083000,1340000.0,5083000.0,0
1345000_5083000,1345000.0,5083000.0,0
1350000_5083000,1350000.0,5083000.0,0
1355000_5083000,1355000.0,5083000.0,0
1360000_5083000,1360000.0,5083000.0,0
1365000_5083000,1365000.0,5083000.0,0
1370000_5083000,1370000.0,5083000.0,0
1375000_5083000,1375000.0,5083000.0,0
1380000_5083000,1380000.0,5083000.0,0
1385000_5083000,1385000.0,5083000.0,0
1390000_5083000,1390000.0,5083000.0,0
1395000_5083000,1395000.0,5083000.0,0
1400000_5083000,1400000.0,5083000.0,0
1405000_5083000,1405000.0,5083000.0,0
1410000_5083000,1410000.0,5083000.0,0
1415000_5083000,1415000.0,5083000.0,0
1420000_5083000,1420000.0,5083000.0,0
1425000_5083000,1425000.0,5083000.0,0
1430000_5083000,1430000.0,5083000.0,0
1435000_5083000,1435000.0,5083000.0,0
1440000_5083000,1440000.0,5083000.0,0
1445000_5083000,1445000.0,5083000.0,0
1450000_5083000,1450000.0,5083000.0,0
1455000_5083000,1455000.0,5083000.0,0
1460000_5083000,1460000.0,5083000.0,0
1210000_5088000,1210000.0,5088000.0,0
1215000_5088000,1215000.0,5088000.0,0
1220000_5088000,1220000.0,5088000.0,0
1225000_5088000,1225000.0,5088000.0,0
1230000_5088000,1230000.0,5088000.0,0
1235000_5088000,1235000.0,5088000.0,0
1240000_5088000,1240000.0,5088000.0,0
1245000_5088000,1245000.0,5088000.0,0
1250000_5088000,1250000.0,5088000.0,0
1255000_5088000,1255000.0,5088000.0,0
1260000_5088000,1260000.0,5088000.0,0
1265000_5088000,1265000.0,5088000.0,0
1270000_5088000,1270000.0,5088000.0,0
1275000_5088000,1275000.0,5088000.0,0
1280000_5088000,1280000.0,5088000.0,0
1285000_5088000,1285000.0,5088000.0,0
1290000_5088000,1290000.0,5088000.0,0
1295000_5088000,1295000.0,5088000.0,0
1300000_5088000,1300000.0,5088000.0,0
1305000_5088000,1305000.0,5088000.0,0
1310000_5088000,1310000.0,5088000.0,0
1315000_5088000,1315000.0,5088000.0,0
1320000_5088000,1320000.0,5088000.0,0
1325000_5088000,1325000.0,5088000.0,0
1330000_5088000,1330000.0,5088000.0,0
1335000_5088000,1335000.0,5088000.0,0
1340000_5088000,1340000.0,5088000.0,0
1345000_5088000,1345000.0,5088000.0,0
1350000_5088000,1350000.0,5088000.0,0
1355000_5088000,1355000.0,5088000.0,0
1360000_5088000,1360000.0,5088000.0,0
1365000_5088000,1365000.0,5088000.0,0
1370000_5088000,1370000.0,5088000.0,0
1375000_5088000,1375000.0,5088000.0,0
1380000_5088000,1380000.0,5088000.0,0
1385000_5088000,1385000.0,5088000.0,0
1390000_5088000,1390000.0,5088000.0,0
1395000_5088000,1395000.0,5088000.0,0
1400000_5088000,1400000.0,5088000.0,0
1405000_5088000,1405000.0,5088000.0,0
1410000_5088000,1410000.0,5088000.0,0
1415000_5088000,1415000.0,5088000.0,0
1420000_5088000,1420000.0,5088000.0,0
1425000_5088000,1425000.0,5088000.0,0
1430000_5088000,1430000.0,5088000.0,0
1435000_5088000,1435000.0,5088000.0,0
1440000_5088000,1440000.0,5088000.0,0
1445000_5088000,1445000.0,5088000.0,0
1450000_5088000,1450000.0,5088000.0,0
1455000_5088000,1455000.0,5088000.0,0
1460000_5088000,1460000.0,5088000.0,0
1215000_5093000,1215000.0,5093000.0,0
1220000_5093000,1220000.0,5093000.0,0
1225000_5093000,1225000.0,5093000.0,0
1230000_5093000,1230000.0,5093000.0,0
1235000_5093000,1235000.0,5093000.0,0
1240000_5093000,1240000.0,5093000.0,0
1245000_5093000,1245000.0,5093000.0,0
1250000_5093000,1250000.0,5093000.0,0
1255000_5093000,1255000.0,5093000.0,0
1260000_5093000,1260000.0,5093000.0,0
1265000_5093000,1265000.0,5093000.0,0
1270000_5093000,1270000.0,5093000.0,0
1275000_5093000,1275000.0,5093000.0,0
1280000_5093000,1280000.0,5093000.0,0
1285000_5093000,1285000.0,5093000.0,0
1290000_5093000,1290000.0,5093000.0,0
1295000_5093000,1295000.0,5093000.0,0
1300000_5093000,1300000.0,5093000.0,0
1305000_5093000,1305000.0,5093000.0,0
1310000_5093000,1310000.0,5093000.0,0
1315000_5093000,1315000.0,5093000.0,0
1320000_5093000,1320000.0,5093000.0,0
1325000_5093000,1325000.0,5093000.0,0
1330000_5093000,1330000.0,5093000.0,0
1335000_5093000,1335000.0,5093000.0,0
1340000_5093000,1340000.0,5093000.0,0
1345000_5093000,1345000.0,5093000.0,0
1350000_5093000,1350000.0,5093000.0,0
1355000_5093000,1355000.0,5093000.0,0
1360000_5093000,1360000.0,5093000.0,0
1365000_5093000,1365000.0,5093000.0,0
1370000_5093000,1370000.0,5093000.0,0
1375000_5093000,1375000.0,5093000.0,0
1380000_5093000,1380000.0,5093000.0,0
1385000_5093000,1385000.0,5093000.0,0
1390000_5093000,1390000.0,5093000.0,0
1395000_5093000,1395000.0,5093000.0,0
1400000_5093000,1400000.0,5093000.0,0
1405000_5093000,1405000.0,5093000.0,0
1410000_5093000,1410000.0,5093000.0,0
1415000_5093000,1415000.0,5093000.0,0
1420000_5093000,1420000.0,5093000.0,0
1425000_5093000,1425000.0,5093000.0,0
1430000_5093000,1430000.0,5093000.0,0
1435000_5093000,1435000.0,5093000.0,0
1440000_5093000,1440000.0,5093000.0,0
1445000_5093000,1445000.0,5093000.0,0
1450000_5093000,1450000.0,5093000.0,0
1455000_5093000,1455000.0,5093000.0,0
1460000_5093000,1460000.0,5093000.0,0
1465000_5093000,1465000.0,5093000.0,0
1220000_5098000,1220000.0,5098000.0,0
1225000_5098000,1225000.0,5098000.0,0
1230000_5098000,1230000.0,5098000.0,0
1235000_5098000,1235000.0,5098000.0,0
1240000_5098000,1240000.0,5098000.0,0
1245000_5098000,1245000.0,5098000.0,0
1250000_5098000,1250000.0,5098000.0,0
1255000_5098000,1255000.0,5098000.0,0
1260000_5098000,1260000.0,5098000.0,0
1265000_5098000,1265000.0,5098000.0,0
1270000_5098000,1270000.0,5098000.0,0
1275000_5098000,1275000.0,5098000.0,0
1280000_5098000,1280000.0,5098000.0,0
1285000_5098000,1285000.0,5098000.0,0
1290000_5098000,1290000.0,5098000.0,0
1295000_5098000,1295000.0,5098000.0,0
1300000_5098000,1300000.0,5098000.0,0
1305000_5098000,1305000.0,5098000.0,0
1310000_5098000,1310000.0,5098000.0,0
1315000_5098000,1315000.0,5098000.0,0
1320000_5098000,1320000.0,5098000.0,0
1325000_5098000,1325000.0,5098000.0,0
1330000_5098000,1330000.0,5098000.0,0
1335000_5098000,1335000.0,5098000.0,0
1340000_5098000,1340000.0,5098000.0,0
1345000_5098000,1345000.0,5098000.0,0
1350000_5098000,1350000.0,5098000.0,0
1355000_5098000,1355000.0,5098000.0,0
1360000_5098000,1360000.0,5098000.0,0
1365000_5098000,1365000.0,5098000.0,0
1370000_5098000,1370000.0,5098000.0,0
1375000_5098000,1375000.0,5098000.0,0
1380000_5098000,1380000.0,5098000.0,0
1385000_5098000,1385000.0,5098000.0,0
1390000_5098000,1390000.0,5098000.0,0
1395000_5098000,1395000.0,5098000.0,0
1400000_5098000,1400000.0,5098000.0,0
1405000_5098000,1405000.0,5098000.0,0
1410000_5098000,1410000.0,5098000.0,0
1415000_5098000,1415000.0,5098000.0,0
1420000_5098000,1420000.0,5098000.0,0
1425000_5098000,1425000.0,5098000.0,0
1430000_5098000,1430000.0,5098000.0,0
1435000_5098000,1435000.0,5098000.0,0
1440000_5098000,1440000.0,5098000.0,0
1445000_5098000,1445000.0,5098000.0,0
1450000_5098000,1450000.0,5098000.0,0
1455000_5098000,1455000.0,5098000.0,0
1460000_5098000,1460000.0,5098000.0,0
1465000_5098000,1465000.0,5098000.0,0
1470000_5098000,1470000.0,5098000.0,0
1225000_5103000,1225000.0,5103000.0,0
1230000_5103000,1230000.0,5103000.0,0
1235000_5103000,1235000.0,5103000.0,0
1240000_5103000,1240000.0,5103000.0,0
1245000_5103000,1245000.0,5103000.0,0
1250000_5103000,1250000.0,5103000.0,0
1255000_5103000,1255000.0,5103000.0,0
1260000_5103000,1260000.0,5103000.0,0
1265000_5103000,1265000.0,5103000.0,0
1270000_5103000,1270000.0,5103000.0,0
1275000_5103000,1275000.0,5103000.0,0
1280000_5103000,1280000.0,5103000.0,0
1285000_5103000,1285000.0,5103000.0,0
1290000_5103000,1290000.0,5103000.0,0
1295000_5103000,1295000.0,5103000.0,0
1300000_5103000,1300000.0,5103000.0,0
1305000_5103000,1305000.0,5103000.0,0
1310000_5103000,1310000.0,5103000.0,0
1315000_5103000,1315000.0,5103000.0,0
1320000_5103000,1320000.0,5103000.0,0
1325000_5103000,1325000.0,5103000.0,0
1330000_5103000,1330000.0,5103000.0,0
1335000_5103000,1335000.0,5103000.0,0
1340000_5103000,1340000.0,5103000.0,0
1345000_5103000,1345000.0,5103000.0,0
1350000_5103000,1350000.0,5103000.0,0
1355000_5103000,1355000.0,5103000.0,0
1360000_5103000,1360000.0,5103000.0,0
1365000_5103000,1365000.0,5103000.0,0
1370000_5103000,1370000.0,5103000.0,0
1375000_5103000,1375000.0,5103000.0,0
1380000_5103000,1380000.0,5103000.0,0
1385000_5103000,1385000.0,5103000.0,0
1390000_5103000,1390000.0,5103000.0,0
1395000_5103000,1395000.0,5103000.0,0
1400000_5103000,1400000.0,5103000.0,0
1405000_5103000,1405000.0,5103000.0,0
1410000_5103000,1410000.0,5103000.0,0
1415000_5103000,1415000.0,5103000.0,0
1420000_5103000,1420000.0,5103000.0,0
1425000_5103000,1425000.0,5103000.0,0
1430000_5103000,1430000.0,5103000.0,0
1435000_5103000,1435000.0,5103000.0,0
1440000_5103000,1440000.0,5103000.0,0
1445000_5103000,1445000.0,5103000.0,0
1450000_5103000,1450000.0,5103000.0,0
1455000_5103000,1455000.0,5103000.0,0
1460000_5103000,1460000.0,5103000.0,0
1465000_5103000,1465000.0,5103000.0,0
1470000_5103000,1470000.0,5103000.0,0
1475000_5103000,1475000.0,5103000.0,0
1230000_5108000,1230000.0,5108000.0,0
1235000_5108000,1235000.0,5108000.0,0
1240000_5108000,1240000.0,5108000.0,0
1245000_5108000,1245000.0,5108000.0,0
1250000_5108000,1250000.0,5108000.0,0
1255000_5108000,1255000.0,5108000.0,0
1260000_5108000,1260000.0,5108000.0,0
1265000_5108000,1265000.0,5108000.0,0
1270000_5108000,1270000.0,5108000.0,0
1275000_5108000,1275000.0,5108000.0,0
1280000_5108000,1280000.0,5108000.0,0
1285000_5108000,1285000.0,5108000.0,0
1290000_5108000,1290000.0,5108000.0,0
1295000_5108000,1295000.0,5108000.0,0
1300000_5108000,1300000.0,5108000.0,0
1305000_5108000,1305000.0,5108000.0,0
1310000_5108000,1310000.0,5108000.0,0
1315000_5108000,1315000.0,5108000.0,0
1320000_5108000,1320000.0,5108000.0,0
1325000_5108000,1325000.0,5108000.0,0
1330000_5108000,1330000.0,5108000.0,0
1335000_5108000,1335000.0,5108000.0,0
1340000_5108000,1340000.0,5108000.0,0
1345000_5108000,1345000.0,5108000.0,0
1350000_5108000,1350000.0,5108000.0,0
1355000_5108000,1355000.0,5108000.0,0
1360000_5108000,1360000.0,5108000.0,0
1365000_5108000,1365000.0,5108000.0,0
1370000_5108000,1370000.0,5108000.0,0
1375000_5108000,1375000.0,5108000.0,0
1380000_5108000,1380000.0,5108000.0,0
1385000_5108000,1385000.0,5108000.0,0
1390000_5108000,1390000.0,5108000.0,0
1395000_5108000,1395000.0,5108000.0,0
1400000_5108000,1400000.0,5108000.0,0
1405000_5108000,1405000.0,5108000.0,0
1410000_5108000,1410000.0,5108000.0,0
1415000_5108000,1415000.0,5108000.0,0
1420000_5108000,1420000.0,5108000.0,0
1425000_5108000,1425000.0,5108000.0,0
1430000_5108000,1430000.0,5108000.0,0
1435000_5108000,1435000.0,5108000.0,0
1440000_5108000,1440000.0,5108000.0,0
1445000_5108000,1445000.0,5108000.0,0
1450000_5108000,1450000.0,5108000.0,0
1455000_5108000,1455000.0,5108000.0,0
1460000_5108000,1460000.0,5108000.0,0
1465000_5108000,1465000.0,5108000.0,0
1470000_5108000,1470000.0,5108000.0,0
1475000_5108000,1475000.0,5108000.0,0
1480000_5108000,1480000.0,5108000.0,0
1230000_5113000,1230000.0,5113000.0,0
1235000_5113000,1235000.0,5113000.0,0
1240000_5113000,1240000.0,5113000.0,0
1245000_5113000,1245000.0,5113000.0,0
1250000_5113000,1250000.0,5113000.0,0
1255000_5113000,1255000.0,5113000.0,0
1260000_5113000,1260000.0,5113000.0,0
1265000_5113000,1265000.0,5113000.0,0
1270000_5113000,1270000.0,5113000.0,0
1275000_5113000,1275000.0,5113000.0,0
1280000_5113000,1280000.0,5113000.0,0
1285000_5113000,1285000.0,5113000.0,0
1290000_5113000,1290000.0,5113000.0,0
1295000_5113000,1295000.0,5113000.0,0
1300000_5113000,1300000.0,5113000.0,0
1305000_5113000,1305000.0,5113000.0,0
1310000_5113000,1310000.0,5113000.0,0
1315000_5113000,1315000.0,5113000.0,0
1320000_5113000,1320000.0,5113000.0,0
1325000_5113000,1325000.0,5113000.0,0
1330000_5113000,1330000.0,5113000.0,0
1335000_5113000,1335000.0,5113000.0,0
1340000_5113000,1340000.0,5113000.0,0
1345000_5113000,1345000.0,5113000.0,0
1350000_5113000,1350000.0,5113000.0,0
1355000_5113000,1355000.0,5113000.0,0
1360000_5113000,1360000.0,5113000.0,0
1365000_5113000,1365000.0,5113000.0,0
1370000_5113000,1370000.0,5113000.0,0
1375000_5113000,1375000.0,5113000.0,0
1380000_5113000,1380000.0,5113000.0,0
1385000_5113000,1385000.0,5113000.0,0
1390000_5113000,1390000.0,5113000.0,0
1395000_5113000,1395000.0,5113000.0,0
1400000_5113000,1400000.0,5113000.0,0
1405000_5113000,1405000.0,5113000.0,0
1410000_5113000,1410000.0,5113000.0,0
1415000_5113000,1415000.0,5113000.0,0
1420000_5113000,1420000.0,5113000.0,0
1425000_5113000,1425000.0,5113000.0,0
1430000_5113000,1430000.0,5113000.0,0
1435000_5113000,1435000.0,5113000.0,0
1440000_5113000,1440000.0,5113000.0,0
1445000_5113000,1445000.0,5113000.0,0
1450000_5113000,1450000.0,5113000.0,0
1455000_5113000,1455000.0,5113000.0,0
1460000_5113000,1460000.0,5113000.0,0
1465000_5113000,1465000.0,5113000.0,0
1470000_5113000,1470000.0,5113000.0,0
1475000_5113000,1475000.0,5113000.0,0
1480000_5113000,1480000.0,5113000.0,0
1485000_5113000,1485000.0,5113000.0,0
1240000_5118000,1240000.0,5118000.0,0
1245000_5118000,1245000.0,5118000.0,0
1250000_5118000,1250000.0,5118000.0,0
1255000_5118000,1255000.0,5118000.0,0
1260000_5118000,1260000.0,5118000.0,0
1265000_5118000,1265000.0,5118000.0,0
1270000_5118000,1270000.0,5118000.0,0
1275000_5118000,1275000.0,5118000.0,0
1280000_5118000,1280000.0,5118000.0,0
1285000_5118000,1285000.0,5118000.0,0
1290000_5118000,1290000.0,5118000.0,0
1295000_5118000,1295000.0,5118000.0,0
1300000_5118000,1300000.0,5118000.0,0
1305000_5118000,1305000.0,5118000.0,0
1310000_5118000,1310000.0,5118000.0,0
1315000_5118000,1315000.0,5118000.0,0
1320000_5118000,1320000.0,5118000.0,0
1325000_5118000,1325000.0,5118000.0,0
1330000_5118000,1330000.0,5118000.0,0
1335000_5118000,1335000.0,5118000.0,0
1340000_5118000,1340000.0,5118000.0,0
1345000_5118000,1345000.0,5118000.0,0
1350000_5118000,1350000.0,5118000.0,0
1355000_5118000,1355000.0,5118000.0,0
1360000_5118000,1360000.0,5118000.0,0
1365000_5118000,1365000.0,5118000.0,0
1370000_5118000,1370000.0,5118000.0,0
1375000_5118000,1375000.0,5118000.0,0
1380000_5118000,1380000.0,5118000.0,0
1385000_5118000,1385000.0,5118000.0,0
1390000_5118000,1390000.0,5118000.0,0
1395000_5118000,1395000.0,5118000.0,0
1400000_5118000,1400000.0,5118000.0,0
1405000_5118000,1405000.0,5118000.0,0
1410000_5118000,1410000.0,5118000.0,0
1415000_5118000,1415000.0,5118000.0,0
1420000_5118000,1420000.0,5118000.0,0
1425000_5118000,1425000.0,5118000.0,0
1430000_5118000,1430000.0,5118000.0,0
1435000_5118000,1435000.0,5118000.0,0
1440000_5118000,1440000.0,5118000.0,0
1445000_5118000,1445000.0,5118000.0,0
1450000_5118000,1450000.0,5118000.0,0
1455000_5118000,1455000.0,5118000.0,0
1460000_5118000,1460000.0,5118000.0,0
1465000_5118000,1465000.0,5118000.0,0
1470000_5118000,1470000.0,5118000.0,0
1475000_5118000,1475000.0,5118000.0,0
1480000_5118000,1480000.0,5118000.0,0
1485000_5118000,1485000.0,5118000.0,0
1490000_5118000,1490000.0,5118000.0,0
1495000_5118000,1495000.0,5118000.0,0
1265000_5123000,1265000.0,5123000.0,0
1270000_5123000,1270000.0,5123000.0,0
1275000_5123000,1275000.0,5123000.0,0
1280000_5123000,1280000.0,5123000.0,0
1285000_5123000,1285000.0,5123000.0,0
1290000_5123000,1290000.0,5123000.0,0
1295000_5123000,1295000.0,5123000.0,0
1300000_5123000,1300000.0,5123000.0,0
1305000_5123000,1305000.0,5123000.0,0
1310000_5123000,1310000.0,5123000.0,0
1315000_5123000,1315000.0,5123000.0,0
1320000_5123000,1320000.0,5123000.0,0
1325000_5123000,1325000.0,5123000.0,0
1330000_5123000,1330000.0,5123000.0,0
1335000_5123000,1335000.0,5123000.0,0
1340000_5123000,1340000.0,5123000.0,0
1345000_5123000,1345000.0,5123000.0,0
1350000_5123000,1350000.0,5123000.0,0
1355000_5123000,1355000.0,5123000.0,0
1360000_5123000,1360000.0,5123000.0,0
1365000_5123000,1365000.0,5123000.0,0
1370000_5123000,1370000.0,5123000.0,0
1375000_5123000,1375000.0,5123000.0,0
1380000_5123000,1380000.0,5123000.0,0
1385000_5123000,1385000.0,5123000.0,0
1390000_5123000,1390000.0,5123000.0,0
1395000_5123000,1395000.0,5123000.0,0
1400000_5123000,1400000.0,5123000.0,0
1405000_5123000,1405000.0,5123000.0,0
1410000_5123000,1410000.0,5123000.0,0
1415000_5123000,1415000.0,5123000.0,0
1420000_5123000,1420000.0,5123000.0,0
1425000_5123000,1425000.0,5123000.0,0
1430000_5123000,1430000.0,5123000.0,0
1435000_5123000,1435000.0,5123000.0,0
1440000_5123000,1440000.0,5123000.0,0
1445000_5123000,1445000.0,5123000.0,0
1450000_5123000,1450000.0,5123000.0,0
1455000_5123000,1455000.0,5123000.0,0
1460000_5123000,1460000.0,5123000.0,0
1465000_5123000,1465000.0,5123000.0,0
1470000_5123000,1470000.0,5123000.0,0
1475000_5123000,1475000.0,5123000.0,0
1480000_5123000,1480000.0,5123000.0,0
1485000_5123000,1485000.0,5123000.0,0
1490000_5123000,1490000.0,5123000.0,0
1495000_5123000,1495000.0,5123000.0,0
1500000_5123000,1500000.0,5123000.0,0
1505000_5123000,1505000.0,5123000.0,0
1270000_5128000,1270000.0,5128000.0,0
1275000_5128000,1275000.0,5128000.0,0
1280000_5128000,1280000.0,5128000.0,0
1285000_5128000,1285000.0,5128000.0,0
1290000_5128000,1290000.0,5128000.0,0
1295000_5128000,1295000.0,5128000.0,0
1300000_5128000,1300000.0,5128000.0,0
1305000_5128000,1305000.0,5128000.0,0
1310000_5128000,1310000.0,5128000.0,0
1315000_5128000,1315000.0,5128000.0,0
1320000_5128000,1320000.0,5128000.0,0
1325000_5128000,1325000.0,5128000.0,0
1330000_5128000,1330000.0,5128000.0,0
1335000_5128000,1335000.0,5128000.0,0
1340000_5128000,1340000.0,5128000.0,0
1345000_5128000,1345000.0,5128000.0,0
1350000_5128000,1350000.0,5128000.0,0
1355000_5128000,1355000.0,5128000.0,0
1360000_5128000,1360000.0,5128000.0,0
1365000_5128000,1365000.0,5128000.0,0
1370000_5128000,1370000.0,5128000.0,0
1375000_5128000,1375000.0,5128000.0,0
1380000_5128000,1380000.0,5128000.0,0
1385000_5128000,1385000.0,5128000.0,0
1390000_5128000,1390000.0,5128000.0,0
1395000_5128000,1395000.0,5128000.0,0
1400000_5128000,1400000.0,5128000.0,0
1405000_5128000,1405000.0,5128000.0,0
1410000_5128000,1410000.0,5128000.0,0
1415000_5128000,1415000.0,5128000.0,0
1420000_5128000,1420000.0,5128000.0,0
1425000_5128000,1425000.0,5128000.0,0
1430000_5128000,1430000.0,5128000.0,0
1435000_5128000,1435000.0,5128000.0,0
1440000_5128000,1440000.0,5128000.0,0
1445000_5128000,1445000.0,5128000.0,0
1450000_5128000,1450000.0,5128000.0,0
1455000_5128000,1455000.0,5128000.0,0
1460000_5128000,1460000.0,5128000.0,0
1465000_5128000,1465000.0,5128000.0,0
1470000_5128000,1470000.0,5128000.0,0
1475000_5128000,1475000.0,5128000.0,0
1480000_5128000,1480000.0,5128000.0,0
1485000_5128000,1485000.0,5128000.0,0
1490000_5128000,1490000.0,5128000.0,0
1495000_5128000,1495000.0,5128000.0,0
1500000_5128000,1500000.0,5128000.0,0
1505000_5128000,1505000.0,5128000.0,0
1510000_5128000,1510000.0,5128000.0,0
1275000_5133000,1275000.0,5133000.0,0
1280000_5133000,1280000.0,5133000.0,0
1285000_5133000,1285000.0,5133000.0,0
1290000_5133000,1290000.0,5133000.0,0
1295000_5133000,1295000.0,5133000.0,0
1300000_5133000,1300000.0,5133000.0,0
1305000_5133000,1305000.0,5133000.0,0
1310000_5133000,1310000.0,5133000.0,0
1315000_5133000,1315000.0,5133000.0,0
1320000_5133000,1320000.0,5133000.0,0
1325000_5133000,1325000.0,5133000.0,0
1330000_5133000,1330000.0,5133000.0,0
1335000_5133000,1335000.0,5133000.0,0
1340000_5133000,1340000.0,5133000.0,0
1345000_5133000,1345000.0,5133000.0,0
1350000_5133000,1350000.0,5133000.0,0
1355000_5133000,1355000.0,5133000.0,0
1360000_5133000,1360000.0,5133000.0,0
1365000_5133000,1365000.0,5133000.0,0
1370000_5133000,1370000.0,5133000.0,0
1375000_5133000,1375000.0,5133000.0,0
1380000_5133000,1380000.0,5133000.0,0
1385000_5133000,1385000.0,5133000.0,0
1390000_5133000,1390000.0,5133000.0,0
1395000_5133000,1395000.0,5133000.0,0
1400000_5133000,1400000.0,5133000.0,0
1405000_5133000,1405000.0,5133000.0,0
1410000_5133000,1410000.0,5133000.0,0
1415000_5133000,1415000.0,5133000.0,0
1420000_5133000,1420000.0,5133000.0,0
1425000_5133000,1425000.0,5133000.0,0
1430000_5133000,1430000.0,5133000.0,0
1435000_5133000,1435000.0,5133000.0,0
1440000_5133000,1440000.0,5133000.0,0
1445000_5133000,1445000.0,5133000.0,0
1450000_5133000,1450000.0,5133000.0,0
1455000_5133000,1455000.0,5133000.0,0
1460000_5133000,1460000.0,5133000.0,0
1465000_5133000,1465000.0,5133000.0,0
1470000_5133000,1470000.0,5133000.0,0
1475000_5133000,1475000.0,5133000.0,0
1480000_5133000,1480000.0,5133000.0,0
1485000_5133000,1485000.0,5133000.0,0
1490000_5133000,1490000.0,5133000.0,0
1495000_5133000,1495000.0,5133000.0,0
1500000_5133000,1500000.0,5133000.0,0
1505000_5133000,1505000.0,5133000.0,0
1510000_5133000,1510000.0,5133000.0,0
1515000_5133000,1515000.0,5133000.0,0
1520000_5133000,1520000.0,5133000.0,0
1285000_5138000,1285000.0,5138000.0,0
1290000_5138000,1290000.0,5138000.0,0
1295000_5138000,1295000.0,5138000.0,0
1300000_5138000,1300000.0,5138000.0,0
1305000_5138000,1305000.0,5138000.0,0
1310000_5138000,1310000.0,5138000.0,0
1315000_5138000,1315000.0,5138000.0,0
1320000_5138000,1320000.0,5138000.0,0
1325000_5138000,1325000.0,5138000.0,0
1330000_5138000,1330000.0,5138000.0,0
1335000_5138000,1335000.0,5138000.0,0
1340000_5138000,1340000.0,5138000.0,0
1345000_5138000,1345000.0,5138000.0,0
1350000_5138000,1350000.0,5138000.0,0
1355000_5138000,1355000.0,5138000.0,0
1360000_5138000,1360000.0,5138000.0,0
1365000_5138000,1365000.0,5138000.0,0
1370000_5138000,1370000.0,5138000.0,0
1375000_5138000,1375000.0,5138000.0,0
1380000_5138000,1380000.0,5138000.0,0
1385000_5138000,1385000.0,5138000.0,0
1390000_5138000,1390000.0,5138000.0,0
1395000_5138000,1395000.0,5138000.0,0
1400000_5138000,1400000.0,5138000.0,0
1405000_5138000,1405000.0,5138000.0,0
1410000_5138000,1410000.0,5138000.0,0
1415000_5138000,1415000.0,5138000.0,0
1420000_5138000,1420000.0,5138000.0,0
1425000_5138000,1425000.0,5138000.0,0
1430000_5138000,1430000.0,5138000.0,0
1435000_5138000,1435000.0,5138000.0,0
1440000_5138000,1440000.0,5138000.0,0
1445000_5138000,1445000.0,5138000.0,0
1450000_5138000,1450000.0,5138000.0,0
1455000_5138000,1455000.0,5138000.0,0
1460000_5138000,1460000.0,5138000.0,0
1465000_5138000,1465000.0,5138000.0,0
1470000_5138000,1470000.0,5138000.0,0
1475000_5138000,1475000.0,5138000.0,0
1480000_5138000,1480000.0,5138000.0,0
1485000_5138000,1485000.0,5138000.0,0
1490000_5138000,1490000.0,5138000.0,0
1495000_5138000,1495000.0,5138000.0,0
1500000_5138000,1500000.0,5138000.0,0
1505000_5138000,1505000.0,5138000.0,0
1510000_5138000,1510000.0,5138000.0,0
1515000_5138000,1515000.0,5138000.0,0
1520000_5138000,1520000.0,5138000.0,0
1525000_5138000,1525000.0,5138000.0,0
1530000_5138000,1530000.0,5138000.0,0
1290000_5143000,1290000.0,5143000.0,0
1295000_5143000,1295000.0,5143000.0,0
1300000_5143000,1300000.0,5143000.0,0
1305000_5143000,1305000.0,5143000.0,0
1310000_5143000,1310000.0,5143000.0,0
1315000_5143000,1315000.0,5143000.0,0
1320000_5143000,1320000.0,5143000.0,0
1325000_5143000,1325000.0,5143000.0,0
1330000_5143000,1330000.0,5143000.0,0
1335000_5143000,1335000.0,5143000.0,0
1340000_5143000,1340000.0,5143000.0,0
1345000_5143000,1345000.0,5143000.0,0
1350000_5143000,1350000.0,5143000.0,0
1355000_5143000,1355000.0,5143000.0,0
1360000_5143000,1360000.0,5143000.0,0
1365000_5143000,1365000.0,5143000.0,0
1370000_5143000,1370000.0,5143000.0,0
1375000_5143000,1375000.0,5143000.0,0
1380000_5143000,1380000.0,5143000.0,0
1385000_5143000,1385000.0,5143000.0,0
1390000_5143000,1390000.0,5143000.0,0
1395000_5143000,1395000.0,5143000.0,0
1400000_5143000,1400000.0,5143000.0,0
1405000_5143000,1405000.0,5143000.0,0
1410000_5143000,1410000.0,5143000.0,0
1415000_5143000,1415000.0,5143000.0,0
1420000_5143000,1420000.0,5143000.0,0
1425000_5143000,1425000.0,5143000.0,0
1430000_5143000,1430000.0,5143000.0,0
1435000_5143000,1435000.0,5143000.0,0
1440000_5143000,1440000.0,5143000.0,0
1445000_5143000,1445000.0,5143000.0,0
1450000_5143000,1450000.0,5143000.0,0
1455000_5143000,1455000.0,5143000.0,0
1460000_5143000,1460000.0,5143000.0,0
1465000_5143000,1465000.0,5143000.0,0
1470000_5143000,1470000.0,5143000.0,0
1475000_5143000,1475000.0,5143000.0,0
1480000_5143000,1480000.0,5143000.0,0
1485000_5143000,1485000.0,5143000.0,0
1490000_5143000,1490000.0,5143000.0,0
1495000_5143000,1495000.0,5143000.0,0
1500000_5143000,1500000.0,5143000.0,0
1505000_5143000,1505000.0,5143000.0,0
1510000_5143000,1510000.0,5143000.0,0
1515000_5143000,1515000.0,5143000.0,0
1520000_5143000,1520000.0,5143000.0,0
1525000_5143000,1525000.0,5143000.0,0
1530000_5143000,1530000.0,5143000.0,0
1535000_5143000,1535000.0,5143000.0,0
1540000_5143000,1540000.0,5143000.0,0
1545000_5143000,1545000.0,5143000.0,0
1585000_5143000,1585000.0,5143000.0,0
1590000_5143000,1590000.0,5143000.0,0
1600000_5143000,1600000.0,5143000.0,0
1290000_5148000,1290000.0,5148000.0,0
1295000_5148000,1295000.0,5148000.0,0
1300000_5148000,1300000.0,5148000.0,0
1305000_5148000,1305000.0,5148000.0,0
1310000_5148000,1310000.0,5148000.0,0
1315000_5148000,1315000.0,5148000.0,0
1320000_5148000,1320000.0,5148000.0,0
1325000_5148000,1325000.0,5148000.0,0
1330000_5148000,1330000.0,5148000.0,0
1335000_5148000,1335000.0,5148000.0,0
1340000_5148000,1340000.0,5148000.0,0
1345000_5148000,1345000.0,5148000.0,0
1350000_5148000,1350000.0,5148000.0,0
1355000_5148000,1355000.0,5148000.0,0
1360000_5148000,1360000.0,5148000.0,0
1365000_5148000,1365000.0,5148000.0,0
1370000_5148000,1370000.0,5148000.0,0
1375000_5148000,1375000.0,5148000.0,0
1380000_5148000,1380000.0,5148000.0,0
1385000_5148000,1385000.0,5148000.0,0
1390000_5148000,1390000.0,5148000.0,0
1395000_5148000,1395000.0,5148000.0,0
1400000_5148000,1400000.0,5148000.0,0
1405000_5148000,1405000.0,5148000.0,0
1410000_5148000,1410000.0,5148000.0,0
1415000_5148000,1415000.0,5148000.0,0
1420000_5148000,1420000.0,5148000.0,0
1425000_5148000,1425000.0,5148000.0,0
1430000_5148000,1430000.0,5148000.0,0
1435000_5148000,1435000.0,5148000.0,0
1440000_5148000,1440000.0,5148000.0,0
1445000_5148000,1445000.0,5148000.0,0
1450000_5148000,1450000.0,5148000.0,0
1455000_5148000,1455000.0,5148000.0,0
1460000_5148000,1460000.0,5148000.0,0
1465000_5148000,1465000.0,5148000.0,0
1470000_5148000,1470000.0,5148000.0,0
1475000_5148000,1475000.0,5148000.0,0
1480000_5148000,1480000.0,5148000.0,0
1485000_5148000,1485000.0,5148000.0,0
1490000_5148000,1490000.0,5148000.0,0
1495000_5148000,1495000.0,5148000.0,0
1500000_5148000,1500000.0,5148000.0,0
1505000_5148000,1505000.0,5148000.0,0
1510000_5148000,1510000.0,5148000.0,0
1515000_5148000,1515000.0,5148000.0,0
1520000_5148000,1520000.0,5148000.0,0
1525000_5148000,1525000.0,5148000.0,0
1530000_5148000,1530000.0,5148000.0,0
1535000_5148000,1535000.0,5148000.0,0
1540000_5148000,1540000.0,5148000.0,0
1545000_5148000,1545000.0,5148000.0,0
1550000_5148000,1550000.0,5148000.0,0
1555000_5148000,1555000.0,5148000.0,0
1560000_5148000,1560000.0,5148000.0,0
1565000_5148000,1565000.0,5148000.0,0
1570000_5148000,1570000.0,5148000.0,0
1575000_5148000,1575000.0,5148000.0,0
1580000_5148000,1580000.0,5148000.0,0
1585000_5148000,1585000.0,5148000.0,0
1590000_5148000,1590000.0,5148000.0,0
1600000_5148000,1600000.0,5148000.0,0
1605000_5148000,1605000.0,5148000.0,0
1300000_5153000,1300000.0,5153000.0,0
1305000_5153000,1305000.0,5153000.0,0
1310000_5153000,1310000.0,5153000.0,0
1315000_5153000,1315000.0,5153000.0,0
1320000_5153000,1320000.0,5153000.0,0
1325000_5153000,1325000.0,5153000.0,0
1330000_5153000,1330000.0,5153000.0,0
1335000_5153000,1335000.0,5153000.0,0
1340000_5153000,1340000.0,5153000.0,0
1345000_5153000,1345000.0,5153000.0,0
1350000_5153000,1350000.0,5153000.0,0
1355000_5153000,1355000.0,5153000.0,0
1360000_5153000,1360000.0,5153000.0,0
1365000_5153000,1365000.0,5153000.0,0
1370000_5153000,1370000.0,5153000.0,0
1375000_5153000,1375000.0,5153000.0,0
1380000_5153000,1380000.0,5153000.0,0
1385000_5153000,1385000.0,5153000.0,0
1390000_5153000,1390000.0,5153000.0,0
1395000_5153000,1395000.0,5153000.0,0
1400000_5153000,1400000.0,5153000.0,0
1405000_5153000,1405000.0,5153000.0,0
1410000_5153000,1410000.0,5153000.0,0
1415000_5153000,1415000.0,5153000.0,0
1420000_5153000,1420000.0,5153000.0,0
1425000_5153000,1425000.0,5153000.0,0
1430000_5153000,1430000.0,5153000.0,0
1435000_5153000,1435000.0,5153000.0,0
1440000_5153000,1440000.0,5153000.0,0
1445000_5153000,1445000.0,5153000.0,0
1450000_5153000,1450000.0,5153000.0,0
1455000_5153000,1455000.0,5153000.0,0
1460000_5153000,1460000.0,5153000.0,0
1465000_5153000,1465000.0,5153000.0,0
1470000_5153000,1470000.0,5153000.0,0
1475000_5153000,1475000.0,5153000.0,0
1480000_5153000,1480000.0,5153000.0,0
1485000_5153000,1485000.0,5153000.0,0
1490000_5153000,1490000.0,5153000.0,0
1495000_5153000,1495000.0,5153000.0,0
1500000_5153000,1500000.0,5153000.0,0
1505000_5153000,1505000.0,5153000.0,0
1510000_5153000,1510000.0,5153000.0,0
1515000_5153000,1515000.0,5153000.0,0
1520000_5153000,1520000.0,5153000.0,0
1525000_5153000,1525000.0,5153000.0,0
1530000_5153000,1530000.0,5153000.0,0
1535000_5153000,1535000.0,5153000.0,0
1540000_5153000,1540000.0,5153000.0,0
1545000_5153000,1545000.0,5153000.0,0
1550000_5153000,1550000.0,5153000.0,0
1555000_5153000,1555000.0,5153000.0,0
1560000_5153000,1560000.0,5153000.0,0
1565000_5153000,1565000.0,5153000.0,0
1570000_5153000,1570000.0,5153000.0,0
1575000_5153000,1575000.0,5153000.0,0
1580000_5153000,1580000.0,5153000.0,0
1585000_5153000,1585000.0,5153000.0,0
1590000_5153000,1590000.0,5153000.0,0
1600000_5153000,1600000.0,5153000.0,0
1605000_5153000,1605000.0,5153000.0,0
1610000_5153000,1610000.0,5153000.0,0
1305000_5158000,1305000.0,5158000.0,0
1310000_5158000,1310000.0,5158000.0,0
1315000_5158000,1315000.0,5158000.0,0
1320000_5158000,1320000.0,5158000.0,0
1325000_5158000,1325000.0,5158000.0,0
1330000_5158000,1330000.0,5158000.0,0
1335000_5158000,1335000.0,5158000.0,0
1340000_5158000,1340000.0,5158000.0,0
1345000_5158000,1345000.0,5158000.0,0
1350000_5158000,1350000.0,5158000.0,0
1355000_5158000,1355000.0,5158000.0,0
1360000_5158000,1360000.0,5158000.0,0
1365000_5158000,1365000.0,5158000.0,0
1370000_5158000,1370000.0,5158000.0,0
1375000_5158000,1375000.0,5158000.0,0
1380000_5158000,1380000.0,5158000.0,0
1385000_5158000,1385000.0,5158000.0,0
1390000_5158000,1390000.0,5158000.0,0
1395000_5158000,1395000.0,5158000.0,0
1400000_5158000,1400000.0,5158000.0,0
1405000_5158000,1405000.0,5158000.0,0
1410000_5158000,1410000.0,5158000.0,0
1415000_5158000,1415000.0,5158000.0,0
1420000_5158000,1420000.0,5158000.0,0
1425000_5158000,1425000.0,5158000.0,0
1430000_5158000,1430000.0,5158000.0,0
1435000_5158000,1435000.0,5158000.0,0
1440000_5158000,1440000.0,5158000.0,0
1445000_5158000,1445000.0,5158000.0,0
1450000_5158000,1450000.0,5158000.0,0
1455000_5158000,1455000.0,5158000.0,0
1460000_5158000,1460000.0,5158000.0,0
1465000_5158000,1465000.0,5158000.0,0
1470000_5158000,1470000.0,5158000.0,0
1475000_5158000,1475000.0,5158000.0,0
1480000_5158000,1480000.0,5158000.0,0
1485000_5158000,1485000.0,5158000.0,0
1490000_5158000,1490000.0,5158000.0,0
1495000_5158000,1495000.0,5158000.0,0
1500000_5158000,1500000.0,5158000.0,0
1505000_5158000,1505000.0,5158000.0,0
1510000_5158000,1510000.0,5158000.0,0
1515000_5158000,1515000.0,5158000.0,0
1520000_5158000,1520000.0,5158000.0,0
1525000_5158000,1525000.0,5158000.0,0
1530000_5158000,1530000.0,5158000.0,0
1535000_5158000,1535000.0,5158000.0,0
1540000_5158000,1540000.0,5158000.0,0
1545000_5158000,1545000.0,5158000.0,0
1550000_5158000,1550000.0,5158000.0,0
1555000_5158000,1555000.0,5158000.0,0
1560000_5158000,1560000.0,5158000.0,0
1565000_5158000,1565000.0,5158000.0,0
1570000_5158000,1570000.0,5158000.0,0
1575000_5158000,1575000.0,5158000.0,0
1580000_5158000,1580000.0,5158000.0,0
1585000_5158000,1585000.0,5158000.0,0
1590000_5158000,1590000.0,5158000.0,0
1595000_5158000,1595000.0,5158000.0,0
1600000_5158000,1600000.0,5158000.0,0
1605000_5158000,1605000.0,5158000.0,0
1315000_5163000,1315000.0,5163000.0,0
1320000_5163000,1320000.0,5163000.0,0
1325000_5163000,1325000.0,5163000.0,0
1330000_5163000,1330000.0,5163000.0,0
1335000_5163000,1335000.0,5163000.0,0
1340000_5163000,1340000.0,5163000.0,0
1345000_5163000,1345000.0,5163000.0,0
1350000_5163000,1350000.0,5163000.0,0
1355000_5163000,1355000.0,5163000.0,0
1360000_5163000,1360000.0,5163000.0,0
1365000_5163000,1365000.0,5163000.0,0
1370000_5163000,1370000.0,5163000.0,0
1375000_5163000,1375000.0,5163000.0,0
1380000_5163000,1380000.0,5163000.0,0
1385000_5163000,1385000.0,5163000.0,0
1390000_5163000,1390000.0,5163000.0,0
1395000_5163000,1395000.0,5163000.0,0
1400000_5163000,1400000.0,5163000.0,0
1405000_5163000,1405000.0,5163000.0,0
1410000_5163000,1410000.0,5163000.0,0
1415000_5163000,1415000.0,5163000.0,0
1420000_5163000,1420000.0,5163000.0,0
1425000_5163000,1425000.0,5163000.0,0
1430000_5163000,1430000.0,5163000.0,0
1435000_5163000,1435000.0,5163000.0,0
1440000_5163000,1440000.0,5163000.0,0
1445000_5163000,1445000.0,5163000.0,0
1450000_5163000,1450000.0,5163000.0,0
1455000_5163000,1455000.0,5163000.0,0
1460000_5163000,1460000.0,5163000.0,0
1465000_5163000,1465000.0,5163000.0,0
1470000_5163000,1470000.0,5163000.0,0
1475000_5163000,1475000.0,5163000.0,0
1480000_5163000,1480000.0,5163000.0,0
1485000_5163000,1485000.0,5163000.0,0
1490000_5163000,1490000.0,5163000.0,0
1495000_5163000,1495000.0,5163000.0,0
1500000_5163000,1500000.0,5163000.0,0
1505000_5163000,1505000.0,5163000.0,0
1510000_5163000,1510000.0,5163000.0,0
1515000_5163000,1515000.0,5163000.0,0
1520000_5163000,1520000.0,5163000.0,0
1525000_5163000,1525000.0,5163000.0,0
1530000_5163000,1530000.0,5163000.0,0
1535000_5163000,1535000.0,5163000.0,0
1540000_5163000,1540000.0,5163000.0,0
1545000_5163000,1545000.0,5163000.0,0
1550000_5163000,1550000.0,5163000.0,0
1555000_5163000,1555000.0,5163000.0,0
1560000_5163000,1560000.0,5163000.0,0
1565000_5163000,1565000.0,5163000.0,0
1570000_5163000,1570000.0,5163000.0,0
1575000_5163000,1575000.0,5163000.0,0
1580000_5163000,1580000.0,5163000.0,0
1585000_5163000,1585000.0,5163000.0,0
1590000_5163000,1590000.0,5163000.0,0
1595000_5163000,1595000.0,5163000.0,0
1600000_5163000,1600000.0,5163000.0,0
1605000_5163000,1605000.0,5163000.0,0
1330000_5168000,1330000.0,5168000.0,0
1335000_5168000,1335000.0,5168000.0,0
1340000_5168000,1340000.0,5168000.0,0
1345000_5168000,1345000.0,5168000.0,0
1350000_5168000,1350000.0,5168000.0,0
1355000_5168000,1355000.0,5168000.0,0
1360000_5168000,1360000.0,5168000.0,0
1365000_5168000,1365000.0,5168000.0,0
1370000_5168000,1370000.0,5168000.0,0
1375000_5168000,1375000.0,5168000.0,0
1380000_5168000,1380000.0,5168000.0,0
1385000_5168000,1385000.0,5168000.0,0
1390000_5168000,1390000.0,5168000.0,0
1395000_5168000,1395000.0,5168000.0,0
1400000_5168000,1400000.0,5168000.0,0
1405000_5168000,1405000.0,5168000.0,0
1410000_5168000,1410000.0,5168000.0,0
1415000_5168000,1415000.0,5168000.0,0
1420000_5168000,1420000.0,5168000.0,0
1425000_5168000,1425000.0,5168000.0,0
1430000_5168000,1430000.0,5168000.0,0
1435000_5168000,1435000.0,5168000.0,0
1440000_5168000,1440000.0,5168000.0,0
1445000_5168000,1445000.0,5168000.0,0
1450000_5168000,1450000.0,5168000.0,0
1455000_5168000,1455000.0,5168000.0,0
1460000_5168000,1460000.0,5168000.0,0
1465000_5168000,1465000.0,5168000.0,0
1470000_5168000,1470000.0,5168000.0,0
1475000_5168000,1475000.0,5168000.0,0
1480000_5168000,1480000.0,5168000.0,0
1485000_5168000,1485000.0,5168000.0,0
1490000_5168000,1490000.0,5168000.0,0
1495000_5168000,1495000.0,5168000.0,0
1500000_5168000,1500000.0,5168000.0,0
1505000_5168000,1505000.0,5168000.0,0
1510000_5168000,1510000.0,5168000.0,0
1515000_5168000,1515000.0,5168000.0,0
1520000_5168000,1520000.0,5168000.0,0
1525000_5168000,1525000.0,5168000.0,0
1530000_5168000,1530000.0,5168000.0,0
1535000_5168000,1535000.0,5168000.0,0
1540000_5168000,1540000.0,5168000.0,0
1545000_5168000,1545000.0,5168000.0,0
1550000_5168000,1550000.0,5168000.0,0
1555000_5168000,1555000.0,5168000.0,0
1560000_5168000,1560000.0,5168000.0,0
1565000_5168000,1565000.0,5168000.0,0
1570000_5168000,1570000.0,5168000.0,0
1580000_5168000,1580000.0,5168000.0,0
1585000_5168000,1585000.0,5168000.0,0
1590000_5168000,1590000.0,5168000.0,0
1595000_5168000,1595000.0,5168000.0,0
1335000_5173000,1335000.0,5173000.0,0
1340000_5173000,1340000.0,5173000.0,0
1345000_5173000,1345000.0,5173000.0,0
1350000_5173000,1350000.0,5173000.0,0
1355000_5173000,1355000.0,5173000.0,0
1360000_5173000,1360000.0,5173000.0,0
1365000_5173000,1365000.0,5173000.0,0
1370000_5173000,1370000.0,5173000.0,0
1375000_5173000,1375000.0,5173000.0,0
1380000_5173000,1380000.0,5173000.0,0
1385000_5173000,1385000.0,5173000.0,0
1390000_5173000,1390000.0,5173000.0,0
1395000_5173000,1395000.0,5173000.0,0
1400000_5173000,1400000.0,5173000.0,0
1405000_5173000,1405000.0,5173000.0,0
1410000_5173000,1410000.0,5173000.0,0
1415000_5173000,1415000.0,5173000.0,0
1420000_5173000,1420000.0,5173000.0,0
1425000_5173000,1425000.0,5173000.0,0
1430000_5173000,1430000.0,5173000.0,0
1435000_5173000,1435000.0,5173000.0,0
1440000_5173000,1440000.0,5173000.0,0
1445000_5173000,1445000.0,5173000.0,0
1450000_5173000,1450000.0,5173000.0,0
1455000_5173000,1455000.0,5173000.0,0
1460000_5173000,1460000.0,5173000.0,0
1465000_5173000,1465000.0,5173000.0,0
1470000_5173000,1470000.0,5173000.0,0
1475000_5173000,1475000.0,5173000.0,0
1480000_5173000,1480000.0,5173000.0,0
1485000_5173000,1485000.0,5173000.0,0
1490000_5173000,1490000.0,5173000.0,0
1495000_5173000,1495000.0,5173000.0,0
1500000_5173000,1500000.0,5173000.0,0
1505000_5173000,1505000.0,5173000.0,0
1510000_5173000,1510000.0,5173000.0,0
1515000_5173000,1515000.0,5173000.0,0
1520000_5173000,1520000.0,5173000.0,0
1525000_5173000,1525000.0,5173000.0,0
1530000_5173000,1530000.0,5173000.0,0
1535000_5173000,1535000.0,5173000.0,0
1540000_5173000,1540000.0,5173000.0,0
1545000_5173000,1545000.0,5173000.0,0
1550000_5173000,1550000.0,5173000.0,0
1555000_5173000,1555000.0,5173000.0,0
1560000_5173000,1560000.0,5173000.0,0
1565000_5173000,1565000.0,5173000.0,0
1570000_5173000,1570000.0,5173000.0,0
1575000_5173000,1575000.0,5173000.0,0
1580000_5173000,1580000.0,5173000.0,0
1340000_5178000,1340000.0,5178000.0,0
1345000_5178000,1345000.0,5178000.0,0
1350000_5178000,1350000.0,5178000.0,0
1355000_5178000,1355000.0,5178000.0,0
1360000_5178000,1360000.0,5178000.0,0
1365000_5178000,1365000.0,5178000.0,0
1370000_5178000,1370000.0,5178000.0,0
1375000_5178000,1375000.0,5178000.0,0
1380000_5178000,1380000.0,5178000.0,0
1385000_5178000,1385000.0,5178000.0,0
1390000_5178000,1390000.0,5178000.0,0
1395000_5178000,1395000.0,5178000.0,0
1400000_5178000,1400000.0,5178000.0,0
1405000_5178000,1405000.0,5178000.0,0
1410000_5178000,1410000.0,5178000.0,0
1415000_5178000,1415000.0,5178000.0,0
1420000_5178000,1420000.0,5178000.0,0
1425000_5178000,1425000.0,5178000.0,0
1430000_5178000,1430000.0,5178000.0,0
1435000_5178000,1435000.0,5178000.0,0
1440000_5178000,1440000.0,5178000.0,0
1445000_5178000,1445000.0,5178000.0,0
1450000_5178000,1450000.0,5178000.0,0
1455000_5178000,1455000.0,5178000.0,0
1460000_5178000,1460000.0,5178000.0,0
1465000_5178000,1465000.0,5178000.0,0
1470000_5178000,1470000.0,5178000.0,0
1475000_5178000,1475000.0,5178000.0,0
1480000_5178000,1480000.0,5178000.0,0
1485000_5178000,1485000.0,5178000.0,0
1490000_5178000,1490000.0,5178000.0,0
1495000_5178000,1495000.0,5178000.0,0
1500000_5178000,1500000.0,5178000.0,0
1505000_5178000,1505000.0,5178000.0,0
1510000_5178000,1510000.0,5178000.0,0
1515000_5178000,1515000.0,5178000.0,0
1520000_5178000,1520000.0,5178000.0,0
1525000_5178000,1525000.0,5178000.0,0
1530000_5178000,1530000.0,5178000.0,0
1535000_5178000,1535000.0,5178000.0,0
1540000_5178000,1540000.0,5178000.0,0
1545000_5178000,1545000.0,5178000.0,0
1550000_5178000,1550000.0,5178000.0,0
1555000_5178000,1555000.0,5178000.0,0
1560000_5178000,1560000.0,5178000.0,0
1565000_5178000,1565000.0,5178000.0,0
1570000_5178000,1570000.0,5178000.0,0
1575000_5178000,1575000.0,5178000.0,0
1340000_5183000,1340000.0,5183000.0,0
1345000_5183000,1345000.0,5183000.0,0
1350000_5183000,1350000.0,5183000.0,0
1355000_5183000,1355000.0,5183000.0,0
1360000_5183000,1360000.0,5183000.0,0
1365000_5183000,1365000.0,5183000.0,0
1370000_5183000,1370000.0,5183000.0,0
1375000_5183000,1375000.0,5183000.0,0
1380000_5183000,1380000.0,5183000.0,0
1385000_5183000,1385000.0,5183000.0,0
1390000_5183000,1390000.0,5183000.0,0
1395000_5183000,1395000.0,5183000.0,0
1400000_5183000,1400000.0,5183000.0,0
1405000_5183000,1405000.0,5183000.0,0
1410000_5183000,1410000.0,5183000.0,0
1415000_5183000,1415000.0,5183000.0,0
1420000_5183000,1420000.0,5183000.0,0
1425000_5183000,1425000.0,5183000.0,0
1430000_5183000,1430000.0,5183000.0,0
1435000_5183000,1435000.0,5183000.0,0
1440000_5183000,1440000.0,5183000.0,0
1445000_5183000,1445000.0,5183000.0,0
1450000_5183000,1450000.0,5183000.0,0
1455000_5183000,1455000.0,5183000.0,0
1460000_5183000,1460000.0,5183000.0,0
1465000_5183000,1465000.0,5183000.0,0
1470000_5183000,1470000.0,5183000.0,0
1475000_5183000,1475000.0,5183000.0,0
1480000_5183000,1480000.0,5183000.0,0
1485000_5183000,1485000.0,5183000.0,0
1490000_5183000,1490000.0,5183000.0,0
1495000_5183000,1495000.0,5183000.0,0
1500000_5183000,1500000.0,5183000.0,0
1505000_5183000,1505000.0,5183000.0,0
1510000_5183000,1510000.0,5183000.0,0
1515000_5183000,1515000.0,5183000.0,0
1520000_5183000,1520000.0,5183000.0,0
1525000_5183000,1525000.0,5183000.0,0
1530000_5183000,1530000.0,5183000.0,0
1535000_5183000,1535000.0,5183000.0,0
1540000_5183000,1540000.0,5183000.0,0
1545000_5183000,1545000.0,5183000.0,0
1550000_5183000,1550000.0,5183000.0,0
1555000_5183000,1555000.0,5183000.0,0
1560000_5183000,1560000.0,5183000.0,0
1565000_5183000,1565000.0,5183000.0,0
1570000_5183000,1570000.0,5183000.0,0
1575000_5183000,1575000.0,5183000.0,0
1345000_5188000,1345000.0,5188000.0,0
1350000_5188000,1350000.0,5188000.0,0
1355000_5188000,1355000.0,5188000.0,0
1360000_5188000,1360000.0,5188000.0,0
1365000_5188000,1365000.0,5188000.0,0
1370000_5188000,1370000.0,5188000.0,0
1375000_5188000,1375000.0,5188000.0,0
1380000_5188000,1380000.0,5188000.0,0
1385000_5188000,1385000.0,5188000.0,0
1390000_5188000,1390000.0,5188000.0,0
1395000_5188000,1395000.0,5188000.0,0
1400000_5188000,1400000.0,5188000.0,0
1405000_5188000,1405000.0,5188000.0,0
1410000_5188000,1410000.0,5188000.0,0
1415000_5188000,1415000.0,5188000.0,0
1420000_5188000,1420000.0,5188000.0,0
1425000_5188000,1425000.0,5188000.0,0
1430000_5188000,1430000.0,5188000.0,0
1435000_5188000,1435000.0,5188000.0,0
1440000_5188000,1440000.0,5188000.0,0
1445000_5188000,1445000.0,5188000.0,0
1450000_5188000,1450000.0,5188000.0,0
1455000_5188000,1455000.0,5188000.0,0
1460000_5188000,1460000.0,5188000.0,0
1465000_5188000,1465000.0,5188000.0,0
1470000_5188000,1470000.0,5188000.0,0
1475000_5188000,1475000.0,5188000.0,0
1480000_5188000,1480000.0,5188000.0,0
1485000_5188000,1485000.0,5188000.0,0
1490000_5188000,1490000.0,5188000.0,0
1495000_5188000,1495000.0,5188000.0,0
1500000_5188000,1500000.0,5188000.0,0
1505000_5188000,1505000.0,5188000.0,0
1510000_5188000,1510000.0,5188000.0,0
1515000_5188000,1515000.0,5188000.0,0
1520000_5188000,1520000.0,5188000.0,0
1525000_5188000,1525000.0,5188000.0,0
1530000_5188000,1530000.0,5188000.0,0
1535000_5188000,1535000.0,5188000.0,0
1540000_5188000,1540000.0,5188000.0,0
1545000_5188000,1545000.0,5188000.0,0
1550000_5188000,1550000.0,5188000.0,0
1555000_5188000,1555000.0,5188000.0,0
1560000_5188000,1560000.0,5188000.0,0
1565000_5188000,1565000.0,5188000.0,0
1570000_5188000,1570000.0,5188000.0,0
1575000_5188000,1575000.0,5188000.0,0
1355000_5193000,1355000.0,5193000.0,0
1360000_5193000,1360000.0,5193000.0,0
1365000_5193000,1365000.0,5193000.0,0
1370000_5193000,1370000.0,5193000.0,0
1375000_5193000,1375000.0,5193000.0,0
1380000_5193000,1380000.0,5193000.0,0
1385000_5193000,1385000.0,5193000.0,0
1390000_5193000,1390000.0,5193000.0,0
1395000_5193000,1395000.0,5193000.0,0
1400000_5193000,1400000.0,5193000.0,0
1405000_5193000,1405000.0,5193000.0,0
1410000_5193000,1410000.0,5193000.0,0
1415000_5193000,1415000.0,5193000.0,0
1420000_5193000,1420000.0,5193000.0,0
1425000_5193000,1425000.0,5193000.0,0
1430000_5193000,1430000.0,5193000.0,0
1435000_5193000,1435000.0,5193000.0,0
1440000_5193000,1440000.0,5193000.0,0
1445000_5193000,1445000.0,5193000.0,0
1450000_5193000,1450000.0,5193000.0,0
1455000_5193000,1455000.0,5193000.0,0
1460000_5193000,1460000.0,5193000.0,0
1465000_5193000,1465000.0,5193000.0,0
1470000_5193000,1470000.0,5193000.0,0
1475000_5193000,1475000.0,5193000.0,0
1480000_5193000,1480000.0,5193000.0,0
1485000_5193000,1485000.0,5193000.0,0
1490000_5193000,1490000.0,5193000.0,0
1495000_5193000,1495000.0,5193000.0,0
1500000_5193000,1500000.0,5193000.0,0
1505000_5193000,1505000.0,5193000.0,0
1510000_5193000,1510000.0,5193000.0,0
1515000_5193000,1515000.0,5193000.0,0
1520000_5193000,1520000.0,5193000.0,0
1525000_5193000,1525000.0,5193000.0,0
1530000_5193000,1530000.0,5193000.0,0
1535000_5193000,1535000.0,5193000.0,0
1540000_5193000,1540000.0,5193000.0,0
1545000_5193000,1545000.0,5193000.0,0
1550000_5193000,1550000.0,5193000.0,0
1555000_5193000,1555000.0,5193000.0,0
1560000_5193000,1560000.0,5193000.0,0
1565000_5193000,1565000.0,5193000.0,0
1570000_5193000,1570000.0,5193000.0,0
1575000_5193000,1575000.0,5193000.0,0
1360000_5198000,1360000.0,5198000.0,0
1365000_5198000,1365000.0,5198000.0,0
1370000_5198000,1370000.0,5198000.0,0
1375000_5198000,1375000.0,5198000.0,0
1380000_5198000,1380000.0,5198000.0,0
1385000_5198000,1385000.0,5198000.0,0
1390000_5198000,1390000.0,5198000.0,0
1395000_5198000,1395000.0,5198000.0,0
1400000_5198000,1400000.0,5198000.0,0
1405000_5198000,1405000.0,5198000.0,0
1410000_5198000,1410000.0,5198000.0,0
1415000_5198000,1415000.0,5198000.0,0
1420000_5198000,1420000.0,5198000.0,0
1425000_5198000,1425000.0,5198000.0,0
1430000_5198000,1430000.0,5198000.0,0
1435000_5198000,1435000.0,5198000.0,0
1440000_5198000,1440000.0,5198000.0,0
1445000_5198000,1445000.0,5198000.0,0
1450000_5198000,1450000.0,5198000.0,0
1455000_5198000,1455000.0,5198000.0,0
1460000_5198000,1460000.0,5198000.0,0
1465000_5198000,1465000.0,5198000.0,0
1470000_5198000,1470000.0,5198000.0,0
1475000_5198000,1475000.0,5198000.0,0
1480000_5198000,1480000.0,5198000.0,0
1485000_5198000,1485000.0,5198000.0,0
1490000_5198000,1490000.0,5198000.0,0
1495000_5198000,1495000.0,5198000.0,0
1500000_5198000,1500000.0,5198000.0,0
1505000_5198000,1505000.0,5198000.0,0
1510000_5198000,1510000.0,5198000.0,0
1515000_5198000,1515000.0,5198000.0,0
1520000_5198000,1520000.0,5198000.0,0
1525000_5198000,1525000.0,5198000.0,0
1530000_5198000,1530000.0,5198000.0,0
1535000_5198000,1535000.0,5198000.0,0
1540000_5198000,1540000.0,5198000.0,0
1545000_5198000,1545000.0,5198000.0,0
1550000_5198000,1550000.0,5198000.0,0
1555000_5198000,1555000.0,5198000.0,0
1560000_5198000,1560000.0,5198000.0,0
1565000_5198000,1565000.0,5198000.0,0
1570000_5198000,1570000.0,5198000.0,0
1575000_5198000,1575000.0,5198000.0,0
1365000_5203000,1365000.0,5203000.0,0
1370000_5203000,1370000.0,5203000.0,0
1375000_5203000,1375000.0,5203000.0,0
1380000_5203000,1380000.0,5203000.0,0
1385000_5203000,1385000.0,5203000.0,0
1390000_5203000,1390000.0,5203000.0,0
1395000_5203000,1395000.0,5203000.0,0
1400000_5203000,1400000.0,5203000.0,0
1405000_5203000,1405000.0,5203000.0,0
1410000_5203000,1410000.0,5203000.0,0
1415000_5203000,1415000.0,5203000.0,0
1420000_5203000,1420000.0,5203000.0,0
1425000_5203000,1425000.0,5203000.0,0
1430000_5203000,1430000.0,5203000.0,0
1435000_5203000,1435000.0,5203000.0,0
1440000_5203000,1440000.0,5203000.0,0
1445000_5203000,1445000.0,5203000.0,0
1450000_5203000,1450000.0,5203000.0,0
1455000_5203000,1455000.0,5203000.0,0
1460000_5203000,1460000.0,5203000.0,0
1465000_5203000,1465000.0,5203000.0,0
1470000_5203000,1470000.0,5203000.0,0
1475000_5203000,1475000.0,5203000.0,0
1480000_5203000,1480000.0,5203000.0,0
1485000_5203000,1485000.0,5203000.0,0
1490000_5203000,1490000.0,5203000.0,0
1495000_5203000,1495000.0,5203000.0,0
1500000_5203000,1500000.0,5203000.0,0
1505000_5203000,1505000.0,5203000.0,0
1510000_5203000,1510000.0,5203000.0,0
1515000_5203000,1515000.0,5203000.0,0
1520000_5203000,1520000.0,5203000.0,0
1525000_5203000,1525000.0,5203000.0,0
1530000_5203000,1530000.0,5203000.0,0
1535000_5203000,1535000.0,5203000.0,0
1540000_5203000,1540000.0,5203000.0,0
1545000_5203000,1545000.0,5203000.0,0
1550000_5203000,1550000.0,5203000.0,0
1555000_5203000,1555000.0,5203000.0,0
1560000_5203000,1560000.0,5203000.0,0
1565000_5203000,1565000.0,5203000.0,0
1570000_5203000,1570000.0,5203000.0,0
1575000_5203000,1575000.0,5203000.0,0
1370000_5208000,1370000.0,5208000.0,0
1375000_5208000,1375000.0,5208000.0,0
1380000_5208000,1380000.0,5208000.0,0
1385000_5208000,1385000.0,5208000.0,0
1390000_5208000,1390000.0,5208000.0,0
1395000_5208000,1395000.0,5208000.0,0
1400000_5208000,1400000.0,5208000.0,0
1405000_5208000,1405000.0,5208000.0,0
1410000_5208000,1410000.0,5208000.0,0
1415000_5208000,1415000.0,5208000.0,0
1420000_5208000,1420000.0,5208000.0,0
1425000_5208000,1425000.0,5208000.0,0
1430000_5208000,1430000.0,5208000.0,0
1435000_5208000,1435000.0,5208000.0,0
1440000_5208000,1440000.0,5208000.0,0
1445000_5208000,1445000.0,5208000.0,0
1450000_5208000,1450000.0,5208000.0,0
1455000_5208000,1455000.0,5208000.0,0
1460000_5208000,1460000.0,5208000.0,0
1465000_5208000,1465000.0,5208000.0,0
1470000_5208000,1470000.0,5208000.0,0
1475000_5208000,1475000.0,5208000.0,0
1480000_5208000,1480000.0,5208000.0,0
1485000_5208000,1485000.0,5208000.0,0
1490000_5208000,1490000.0,5208000.0,0
1495000_5208000,1495000.0,5208000.0,0
1500000_5208000,1500000.0,5208000.0,0
1505000_5208000,1505000.0,5208000.0,0
1510000_5208000,1510000.0,5208000.0,0
1515000_5208000,1515000.0,5208000.0,0
1520000_5208000,1520000.0,5208000.0,0
1525000_5208000,1525000.0,5208000.0,0
1530000_5208000,1530000.0,5208000.0,0
1535000_5208000,1535000.0,5208000.0,0
1540000_5208000,1540000.0,5208000.0,0
1545000_5208000,1545000.0,5208000.0,0
1550000_5208000,1550000.0,5208000.0,0
1555000_5208000,1555000.0,5208000.0,0
1560000_5208000,1560000.0,5208000.0,0
1565000_5208000,1565000.0,5208000.0,0
1570000_5208000,1570000.0,5208000.0,0
1575000_5208000,1575000.0,5208000.0,0
1375000_5213000,1375000.0,5213000.0,0
1380000_5213000,1380000.0,5213000.0,0
1385000_5213000,1385000.0,5213000.0,0
1390000_5213000,1390000.0,5213000.0,0
1395000_5213000,1395000.0,5213000.0,0
1400000_5213000,1400000.0,5213000.0,0
1405000_5213000,1405000.0,5213000.0,0
1410000_5213000,1410000.0,5213000.0,0
1415000_5213000,1415000.0,5213000.0,0
1420000_5213000,1420000.0,5213000.0,0
1425000_5213000,1425000.0,5213000.0,0
1430000_5213000,1430000.0,5213000.0,0
1435000_5213000,1435000.0,5213000.0,0
1440000_5213000,1440000.0,5213000.0,0
1445000_5213000,1445000.0,5213000.0,0
1450000_5213000,1450000.0,5213000.0,0
1455000_5213000,1455000.0,5213000.0,0
1460000_5213000,1460000.0,5213000.0,0
1465000_5213000,1465000.0,5213000.0,0
1470000_5213000,1470000.0,5213000.0,0
1475000_5213000,1475000.0,5213000.0,0
1480000_5213000,1480000.0,5213000.0,0
1485000_5213000,1485000.0,5213000.0,0
1490000_5213000,1490000.0,5213000.0,0
1495000_5213000,1495000.0,5213000.0,0
1500000_5213000,1500000.0,5213000.0,0
1505000_5213000,1505000.0,5213000.0,0
1510000_5213000,1510000.0,5213000.0,0
1515000_5213000,1515000.0,5213000.0,0
1520000_5213000,1520000.0,5213000.0,0
1525000_5213000,1525000.0,5213000.0,0
1530000_5213000,1530000.0,5213000.0,0
1535000_5213000,1535000.0,5213000.0,0
1540000_5213000,1540000.0,5213000.0,0
1545000_5213000,1545000.0,5213000.0,0
1550000_5213000,1550000.0,5213000.0,0
1555000_5213000,1555000.0,5213000.0,0
1560000_5213000,1560000.0,5213000.0,0
1565000_5213000,1565000.0,5213000.0,0
1570000_5213000,1570000.0,5213000.0,0
1575000_5213000,1575000.0,5213000.0,0
1375000_5218000,1375000.0,5218000.0,0
1380000_5218000,1380000.0,5218000.0,0
1385000_5218000,1385000.0,5218000.0,0
1390000_5218000,1390000.0,5218000.0,0
1395000_5218000,1395000.0,5218000.0,0
1400000_5218000,1400000.0,5218000.0,0
1405000_5218000,1405000.0,5218000.0,0
1410000_5218000,1410000.0,5218000.0,0
1415000_5218000,1415000.0,5218000.0,0
1420000_5218000,1420000.0,5218000.0,0
1425000_5218000,1425000.0,5218000.0,0
1430000_5218000,1430000.0,5218000.0,0
1435000_5218000,1435000.0,5218000.0,0
1440000_5218000,1440000.0,5218000.0,0
1445000_5218000,1445000.0,5218000.0,0
1450000_5218000,1450000.0,5218000.0,0
1455000_5218000,1455000.0,5218000.0,0
1460000_5218000,1460000.0,5218000.0,0
1465000_5218000,1465000.0,5218000.0,0
1470000_5218000,1470000.0,5218000.0,0
1475000_5218000,1475000.0,5218000.0,0
1480000_5218000,1480000.0,5218000.0,0
1485000_5218000,1485000.0,5218000.0,0
1490000_5218000,1490000.0,5218000.0,0
1495000_5218000,1495000.0,5218000.0,0
1500000_5218000,1500000.0,5218000.0,0
1505000_5218000,1505000.0,5218000.0,0
1510000_5218000,1510000.0,5218000.0,0
1515000_5218000,1515000.0,5218000.0,0
1520000_5218000,1520000.0,5218000.0,0
1525000_5218000,1525000.0,5218000.0,0
1530000_5218000,1530000.0,5218000.0,0
1535000_5218000,1535000.0,5218000.0,0
1540000_5218000,1540000.0,5218000.0,0
1545000_5218000,1545000.0,5218000.0,0
1550000_5218000,1550000.0,5218000.0,0
1555000_5218000,1555000.0,5218000.0,0
1560000_5218000,1560000.0,5218000.0,0
1565000_5218000,1565000.0,5218000.0,0
1570000_5218000,1570000.0,5218000.0,0
1575000_5218000,1575000.0,5218000.0,0
1580000_5218000,1580000.0,5218000.0,0
1380000_5223000,1380000.0,5223000.0,0
1385000_5223000,1385000.0,5223000.0,0
1390000_5223000,1390000.0,5223000.0,0
1395000_5223000,1395000.0,5223000.0,0
1400000_5223000,1400000.0,5223000.0,0
1405000_5223000,1405000.0,5223000.0,0
1410000_5223000,1410000.0,5223000.0,0
1415000_5223000,1415000.0,5223000.0,0
1420000_5223000,1420000.0,5223000.0,0
1425000_5223000,1425000.0,5223000.0,0
1430000_5223000,1430000.0,5223000.0,0
1435000_5223000,1435000.0,5223000.0,0
1440000_5223000,1440000.0,5223000.0,0
1445000_5223000,1445000.0,5223000.0,0
1450000_5223000,1450000.0,5223000.0,0
1455000_5223000,1455000.0,5223000.0,0
1460000_5223000,1460000.0,5223000.0,0
1465000_5223000,1465000.0,5223000.0,0
1470000_5223000,1470000.0,5223000.0,0
1475000_5223000,1475000.0,5223000.0,0
1480000_5223000,1480000.0,5223000.0,0
1485000_5223000,1485000.0,5223000.0,0
1490000_5223000,1490000.0,5223000.0,0
1495000_5223000,1495000.0,5223000.0,0
1500000_5223000,1500000.0,5223000.0,0
1505000_5223000,1505000.0,5223000.0,0
1510000_5223000,1510000.0,5223000.0,0
1515000_5223000,1515000.0,5223000.0,0
1520000_5223000,1520000.0,5223000.0,0
1525000_5223000,1525000.0,5223000.0,0
1530000_5223000,1530000.0,5223000.0,0
1535000_5223000,1535000.0,5223000.0,0
1540000_5223000,1540000.0,5223000.0,0
1545000_5223000,1545000.0,5223000.0,0
1550000_5223000,1550000.0,5223000.0,0
1555000_5223000,1555000.0,5223000.0,0
1560000_5223000,1560000.0,5223000.0,0
1565000_5223000,1565000.0,5223000.0,0
1570000_5223000,1570000.0,5223000.0,0
1575000_5223000,1575000.0,5223000.0,0
1580000_5223000,1580000.0,5223000.0,0
1390000_5228000,1390000.0,5228000.0,0
1395000_5228000,1395000.0,5228000.0,0
1400000_5228000,1400000.0,5228000.0,0
1405000_5228000,1405000.0,5228000.0,0
1410000_5228000,1410000.0,5228000.0,0
1415000_5228000,1415000.0,5228000.0,0
1420000_5228000,1420000.0,5228000.0,0
1425000_5228000,1425000.0,5228000.0,0
1430000_5228000,1430000.0,5228000.0,0
1435000_5228000,1435000.0,5228000.0,0
1440000_5228000,1440000.0,5228000.0,0
1445000_5228000,1445000.0,5228000.0,0
1450000_5228000,1450000.0,5228000.0,0
1455000_5228000,1455000.0,5228000.0,0
1460000_5228000,1460000.0,5228000.0,0
1465000_5228000,1465000.0,5228000.0,0
1470000_5228000,1470000.0,5228000.0,0
1475000_5228000,1475000.0,5228000.0,0
1480000_5228000,1480000.0,5228000.0,0
1485000_5228000,1485000.0,5228000.0,0
1490000_5228000,1490000.0,5228000.0,0
1495000_5228000,1495000.0,5228000.0,0
1500000_5228000,1500000.0,5228000.0,0
1505000_5228000,1505000.0,5228000.0,0
1510000_5228000,1510000.0,5228000.0,0
1515000_5228000,1515000.0,5228000.0,0
1520000_5228000,1520000.0,5228000.0,0
1525000_5228000,1525000.0,5228000.0,0
1530000_5228000,1530000.0,5228000.0,0
1535000_5228000,1535000.0,5228000.0,0
1540000_5228000,1540000.0,5228000.0,0
1545000_5228000,1545000.0,5228000.0,0
1550000_5228000,1550000.0,5228000.0,0
1555000_5228000,1555000.0,5228000.0,0
1560000_5228000,1560000.0,5228000.0,0
1565000_5228000,1565000.0,5228000.0,0
1570000_5228000,1570000.0,5228000.0,0
1575000_5228000,1575000.0,5228000.0,0
1580000_5228000,1580000.0,5228000.0,0
1585000_5228000,1585000.0,5228000.0,0
1590000_5228000,1590000.0,5228000.0,0
1395000_5233000,1395000.0,5233000.0,0
1400000_5233000,1400000.0,5233000.0,0
1405000_5233000,1405000.0,5233000.0,0
1410000_5233000,1410000.0,5233000.0,0
1415000_5233000,1415000.0,5233000.0,0
1420000_5233000,1420000.0,5233000.0,0
1425000_5233000,1425000.0,5233000.0,0
1430000_5233000,1430000.0,5233000.0,0
1435000_5233000,1435000.0,5233000.0,0
1440000_5233000,1440000.0,5233000.0,0
1445000_5233000,1445000.0,5233000.0,0
1450000_5233000,1450000.0,5233000.0,0
1455000_5233000,1455000.0,5233000.0,0
1460000_5233000,1460000.0,5233000.0,0
1465000_5233000,1465000.0,5233000.0,0
1470000_5233000,1470000.0,5233000.0,0
1475000_5233000,1475000.0,5233000.0,0
1480000_5233000,1480000.0,5233000.0,0
1485000_5233000,1485000.0,5233000.0,0
1490000_5233000,1490000.0,5233000.0,0
1495000_5233000,1495000.0,5233000.0,0
1500000_5233000,1500000.0,5233000.0,0
1505000_5233000,1505000.0,5233000.0,0
1510000_5233000,1510000.0,5233000.0,0
1515000_5233000,1515000.0,5233000.0,0
1520000_5233000,1520000.0,5233000.0,0
1525000_5233000,1525000.0,5233000.0,0
1530000_5233000,1530000.0,5233000.0,0
1535000_5233000,1535000.0,5233000.0,0
1540000_5233000,1540000.0,5233000.0,0
1545000_5233000,1545000.0,5233000.0,0
1550000_5233000,1550000.0,5233000.0,0
1555000_5233000,1555000.0,5233000.0,0
1560000_5233000,1560000.0,5233000.0,0
1565000_5233000,1565000.0,5233000.0,0
1570000_5233000,1570000.0,5233000.0,0
1575000_5233000,1575000.0,5233000.0,0
1580000_5233000,1580000.0,5233000.0,0
1585000_5233000,1585000.0,5233000.0,0
1590000_5233000,1590000.0,5233000.0,0
1595000_5233000,1595000.0,5233000.0,0
1600000_5233000,1600000.0,5233000.0,0
1410000_5238000,1410000.0,5238000.0,0
1415000_5238000,1415000.0,5238000.0,0
1420000_5238000,1420000.0,5238000.0,0
1425000_5238000,1425000.0,5238000.0,0
1430000_5238000,1430000.0,5238000.0,0
1435000_5238000,1435000.0,5238000.0,0
1440000_5238000,1440000.0,5238000.0,0
1445000_5238000,1445000.0,5238000.0,0
1450000_5238000,1450000.0,5238000.0,0
1455000_5238000,1455000.0,5238000.0,0
1460000_5238000,1460000.0,5238000.0,0
1465000_5238000,1465000.0,5238000.0,0
1470000_5238000,1470000.0,5238000.0,0
1475000_5238000,1475000.0,5238000.0,0
1480000_5238000,1480000.0,5238000.0,0
1485000_5238000,1485000.0,5238000.0,0
1490000_5238000,1490000.0,5238000.0,0
1495000_5238000,1495000.0,5238000.0,0
1500000_5238000,1500000.0,5238000.0,0
1505000_5238000,1505000.0,5238000.0,0
1510000_5238000,1510000.0,5238000.0,0
1515000_5238000,1515000.0,5238000.0,0
1520000_5238000,1520000.0,5238000.0,0
1525000_5238000,1525000.0,5238000.0,0
1530000_5238000,1530000.0,5238000.0,0
1535000_5238000,1535000.0,5238000.0,0
1540000_5238000,1540000.0,5238000.0,0
1545000_5238000,1545000.0,5238000.0,0
1550000_5238000,1550000.0,5238000.0,0
1555000_5238000,1555000.0,5238000.0,0
1560000_5238000,1560000.0,5238000.0,0
1565000_5238000,1565000.0,5238000.0,0
1570000_5238000,1570000.0,5238000.0,0
1575000_5238000,1575000.0,5238000.0,0
1580000_5238000,1580000.0,5238000.0,0
1585000_5238000,1585000.0,5238000.0,0
1590000_5238000,1590000.0,5238000.0,0
1595000_5238000,1595000.0,5238000.0,0
1600000_5238000,1600000.0,5238000.0,0
1605000_5238000,1605000.0,5238000.0,0
1415000_5243000,1415000.0,5243000.0,0
1420000_5243000,1420000.0,5243000.0,0
1425000_5243000,1425000.0,5243000.0,0
1430000_5243000,1430000.0,5243000.0,0
1435000_5243000,1435000.0,5243000.0,0
1440000_5243000,1440000.0,5243000.0,0
1445000_5243000,1445000.0,5243000.0,0
1450000_5243000,1450000.0,5243000.0,0
1455000_5243000,1455000.0,5243000.0,0
1460000_5243000,1460000.0,5243000.0,0
1465000_5243000,1465000.0,5243000.0,0
1470000_5243000,1470000.0,5243000.0,0
1475000_5243000,1475000.0,5243000.0,0
1480000_5243000,1480000.0,5243000.0,0
1485000_5243000,1485000.0,5243000.0,0
1490000_5243000,1490000.0,5243000.0,0
1495000_5243000,1495000.0,5243000.0,0
1500000_5243000,1500000.0,5243000.0,0
1505000_5243000,1505000.0,5243000.0,0
1510000_5243000,1510000.0,5243000.0,0
1515000_5243000,1515000.0,5243000.0,0
1520000_5243000,1520000.0,5243000.0,0
1525000_5243000,1525000.0,5243000.0,0
1530000_5243000,1530000.0,5243000.0,0
1535000_5243000,1535000.0,5243000.0,0
1540000_5243000,1540000.0,5243000.0,0
1545000_5243000,1545000.0,5243000.0,0
1550000_5243000,1550000.0,5243000.0,0
1555000_5243000,1555000.0,5243000.0,0
1560000_5243000,1560000.0,5243000.0,0
1565000_5243000,1565000.0,5243000.0,0
1570000_5243000,1570000.0,5243000.0,0
1575000_5243000,1575000.0,5243000.0,0
1580000_5243000,1580000.0,5243000.0,0
1585000_5243000,1585000.0,5243000.0,0
1590000_5243000,1590000.0,5243000.0,0
1595000_5243000,1595000.0,5243000.0,0
1600000_5243000,1600000.0,5243000.0,0
1605000_5243000,1605000.0,5243000.0,0
1610000_5243000,1610000.0,5243000.0,0
1615000_5243000,1615000.0,5243000.0,0
1420000_5248000,1420000.0,5248000.0,0
1425000_5248000,1425000.0,5248000.0,0
1430000_5248000,1430000.0,5248000.0,0
1435000_5248000,1435000.0,5248000.0,0
1440000_5248000,1440000.0,5248000.0,0
1445000_5248000,1445000.0,5248000.0,0
1450000_5248000,1450000.0,5248000.0,0
1455000_5248000,1455000.0,5248000.0,0
1460000_5248000,1460000.0,5248000.0,0
1465000_5248000,1465000.0,5248000.0,0
1470000_5248000,1470000.0,5248000.0,0
1475000_5248000,1475000.0,5248000.0,0
1480000_5248000,1480000.0,5248000.0,0
1485000_5248000,1485000.0,5248000.0,0
1490000_5248000,1490000.0,5248000.0,0
1495000_5248000,1495000.0,5248000.0,0
1500000_5248000,1500000.0,5248000.0,0
1505000_5248000,1505000.0,5248000.0,0
1510000_5248000,1510000.0,5248000.0,0
1515000_5248000,1515000.0,5248000.0,0
1520000_5248000,1520000.0,5248000.0,0
1525000_5248000,1525000.0,5248000.0,0
1530000_5248000,1530000.0,5248000.0,0
1535000_5248000,1535000.0,5248000.0,0
1540000_5248000,1540000.0,5248000.0,0
1545000_5248000,1545000.0,5248000.0,0
1550000_5248000,1550000.0,5248000.0,0
1555000_5248000,1555000.0,5248000.0,0
1560000_5248000,1560000.0,5248000.0,0
1565000_5248000,1565000.0,5248000.0,0
1570000_5248000,1570000.0,5248000.0,0
1575000_5248000,1575000.0,5248000.0,0
1580000_5248000,1580000.0,5248000.0,0
1585000_5248000,1585000.0,5248000.0,0
1590000_5248000,1590000.0,5248000.0,0
1595000_5248000,1595000.0,5248000.0,0
1600000_5248000,1600000.0,5248000.0,0
1605000_5248000,1605000.0,5248000.0,0
1610000_5248000,1610000.0,5248000.0,0
1615000_5248000,1615000.0,5248000.0,0
1620000_5248000,1620000.0,5248000.0,0
1425000_5253000,1425000.0,5253000.0,0
1430000_5253000,1430000.0,5253000.0,0
1435000_5253000,1435000.0,5253000.0,0
1440000_5253000,1440000.0,5253000.0,0
1445000_5253000,1445000.0,5253000.0,0
1450000_5253000,1450000.0,5253000.0,0
1455000_5253000,1455000.0,5253000.0,0
1460000_5253000,1460000.0,5253000.0,0
1465000_5253000,1465000.0,5253000.0,0
1470000_5253000,1470000.0,5253000.0,0
1475000_5253000,1475000.0,5253000.0,0
1480000_5253000,1480000.0,5253000.0,0
1485000_5253000,1485000.0,5253000.0,0
1490000_5253000,1490000.0,5253000.0,0
1495000_5253000,1495000.0,5253000.0,0
1500000_5253000,1500000.0,5253000.0,0
1505000_5253000,1505000.0,5253000.0,0
1510000_5253000,1510000.0,5253000.0,0
1515000_5253000,1515000.0,5253000.0,0
1520000_5253000,1520000.0,5253000.0,0
1525000_5253000,1525000.0,5253000.0,0
1530000_5253000,1530000.0,5253000.0,0
1535000_5253000,1535000.0,5253000.0,0
1540000_5253000,1540000.0,5253000.0,0
1545000_5253000,1545000.0,5253000.0,0
1550000_5253000,1550000.0,5253000.0,0
1555000_5253000,1555000.0,5253000.0,0
1560000_5253000,1560000.0,5253000.0,0
1565000_5253000,1565000.0,5253000.0,0
1570000_5253000,1570000.0,5253000.0,0
1575000_5253000,1575000.0,5253000.0,0
1580000_5253000,1580000.0,5253000.0,0
1585000_5253000,1585000.0,5253000.0,0
1590000_5253000,1590000.0,5253000.0,0
1595000_5253000,1595000.0,5253000.0,0
1600000_5253000,1600000.0,5253000.0,0
1605000_5253000,1605000.0,5253000.0,0
1610000_5253000,1610000.0,5253000.0,0
1615000_5253000,1615000.0,5253000.0,0
1620000_5253000,1620000.0,5253000.0,0
1625000_5253000,1625000.0,5253000.0,0
1430000_5258000,1430000.0,5258000.0,0
1435000_5258000,1435000.0,5258000.0,0
1440000_5258000,1440000.0,5258000.0,0
1445000_5258000,1445000.0,5258000.0,0
1450000_5258000,1450000.0,5258000.0,0
1455000_5258000,1455000.0,5258000.0,0
1460000_5258000,1460000.0,5258000.0,0
1465000_5258000,1465000.0,5258000.0,0
1470000_5258000,1470000.0,5258000.0,0
1475000_5258000,1475000.0,5258000.0,0
1480000_5258000,1480000.0,5258000.0,0
1485000_5258000,1485000.0,5258000.0,0
1490000_5258000,1490000.0,5258000.0,0
1495000_5258000,1495000.0,5258000.0,0
1500000_5258000,1500000.0,5258000.0,0
1505000_5258000,1505000.0,5258000.0,0
1510000_5258000,1510000.0,5258000.0,0
1515000_5258000,1515000.0,5258000.0,0
1520000_5258000,1520000.0,5258000.0,0
1525000_5258000,1525000.0,5258000.0,0
1530000_5258000,1530000.0,5258000.0,0
1535000_5258000,1535000.0,5258000.0,0
1540000_5258000,1540000.0,5258000.0,0
1545000_5258000,1545000.0,5258000.0,0
1550000_5258000,1550000.0,5258000.0,0
1555000_5258000,1555000.0,5258000.0,0
1560000_5258000,1560000.0,5258000.0,0
1565000_5258000,1565000.0,5258000.0,0
1570000_5258000,1570000.0,5258000.0,0
1575000_5258000,1575000.0,5258000.0,0
1580000_5258000,1580000.0,5258000.0,0
1585000_5258000,1585000.0,5258000.0,0
1590000_5258000,1590000.0,5258000.0,0
1595000_5258000,1595000.0,5258000.0,0
1600000_5258000,1600000.0,5258000.0,0
1605000_5258000,1605000.0,5258000.0,0
1610000_5258000,1610000.0,5258000.0,0
1615000_5258000,1615000.0,5258000.0,0
1620000_5258000,1620000.0,5258000.0,0
1625000_5258000,1625000.0,5258000.0,0
1430000_5263000,1430000.0,5263000.0,0
1435000_5263000,1435000.0,5263000.0,0
1440000_5263000,1440000.0,5263000.0,0
1445000_5263000,1445000.0,5263000.0,0
1450000_5263000,1450000.0,5263000.0,0
1455000_5263000,1455000.0,5263000.0,0
1460000_5263000,1460000.0,5263000.0,0
1465000_5263000,1465000.0,5263000.0,0
1470000_5263000,1470000.0,5263000.0,0
1475000_5263000,1475000.0,5263000.0,0
1480000_5263000,1480000.0,5263000.0,0
1485000_5263000,1485000.0,5263000.0,0
1490000_5263000,1490000.0,5263000.0,0
1495000_5263000,1495000.0,5263000.0,0
1500000_5263000,1500000.0,5263000.0,0
1505000_5263000,1505000.0,5263000.0,0
1510000_5263000,1510000.0,5263000.0,0
1515000_5263000,1515000.0,5263000.0,0
1520000_5263000,1520000.0,5263000.0,0
1525000_5263000,1525000.0,5263000.0,0
1530000_5263000,1530000.0,5263000.0,0
1535000_5263000,1535000.0,5263000.0,0
1540000_5263000,1540000.0,5263000.0,0
1545000_5263000,1545000.0,5263000.0,0
1550000_5263000,1550000.0,5263000.0,0
1555000_5263000,1555000.0,5263000.0,0
1560000_5263000,1560000.0,5263000.0,0
1565000_5263000,1565000.0,5263000.0,0
1570000_5263000,1570000.0,5263000.0,0
1575000_5263000,1575000.0,5263000.0,0
1580000_5263000,1580000.0,5263000.0,0
1585000_5263000,1585000.0,5263000.0,0
1590000_5263000,1590000.0,5263000.0,0
1595000_5263000,1595000.0,5263000.0,0
1600000_5263000,1600000.0,5263000.0,0
1605000_5263000,1605000.0,5263000.0,0
1610000_5263000,1610000.0,5263000.0,0
1615000_5263000,1615000.0,5263000.0,0
1620000_5263000,1620000.0,5263000.0,0
1625000_5263000,1625000.0,5263000.0,0
1630000_5263000,1630000.0,5263000.0,0
1435000_5268000,1435000.0,5268000.0,0
1440000_5268000,1440000.0,5268000.0,0
1445000_5268000,1445000.0,5268000.0,0
1450000_5268000,1450000.0,5268000.0,0
1455000_5268000,1455000.0,5268000.0,0
1460000_5268000,1460000.0,5268000.0,0
1465000_5268000,1465000.0,5268000.0,0
1470000_5268000,1470000.0,5268000.0,0
1475000_5268000,1475000.0,5268000.0,0
1480000_5268000,1480000.0,5268000.0,0
1485000_5268000,1485000.0,5268000.0,0
1490000_5268000,1490000.0,5268000.0,0
1495000_5268000,1495000.0,5268000.0,0
1500000_5268000,1500000.0,5268000.0,0
1505000_5268000,1505000.0,5268000.0,0
1510000_5268000,1510000.0,5268000.0,0
1515000_5268000,1515000.0,5268000.0,0
1520000_5268000,1520000.0,5268000.0,0
1525000_5268000,1525000.0,5268000.0,0
1530000_5268000,1530000.0,5268000.0,0
1535000_5268000,1535000.0,5268000.0,0
1540000_5268000,1540000.0,5268000.0,0
1545000_5268000,1545000.0,5268000.0,0
1550000_5268000,1550000.0,5268000.0,0
1555000_5268000,1555000.0,5268000.0,0
1560000_5268000,1560000.0,5268000.0,0
1565000_5268000,1565000.0,5268000.0,0
1570000_5268000,1570000.0,5268000.0,0
1575000_5268000,1575000.0,5268000.0,0
1580000_5268000,1580000.0,5268000.0,0
1585000_5268000,1585000.0,5268000.0,0
1590000_5268000,1590000.0,5268000.0,0
1595000_5268000,1595000.0,5268000.0,0
1600000_5268000,1600000.0,5268000.0,0
1605000_5268000,1605000.0,5268000.0,0
1610000_5268000,1610000.0,5268000.0,0
1615000_5268000,1615000.0,5268000.0,0
1620000_5268000,1620000.0,5268000.0,0
1625000_5268000,1625000.0,5268000.0,0
1630000_5268000,1630000.0,5268000.0,0
1440000_5273000,1440000.0,5273000.0,0
1445000_5273000,1445000.0,5273000.0,0
1450000_5273000,1450000.0,5273000.0,0
1455000_5273000,1455000.0,5273000.0,0
1460000_5273000,1460000.0,5273000.0,0
1465000_5273000,1465000.0,5273000.0,0
1470000_5273000,1470000.0,5273000.0,0
1475000_5273000,1475000.0,5273000.0,0
1480000_5273000,1480000.0,5273000.0,0
1485000_5273000,1485000.0,5273000.0,0
1490000_5273000,1490000.0,5273000.0,0
1495000_5273000,1495000.0,5273000.0,0
1500000_5273000,1500000.0,5273000.0,0
1505000_5273000,1505000.0,5273000.0,0
1510000_5273000,1510000.0,5273000.0,0
1515000_5273000,1515000.0,5273000.0,0
1520000_5273000,1520000.0,5273000.0,0
1525000_5273000,1525000.0,5273000.0,0
1530000_5273000,1530000.0,5273000.0,0
1535000_5273000,1535000.0,5273000.0,0
1540000_5273000,1540000.0,5273000.0,0
1545000_5273000,1545000.0,5273000.0,0
1550000_5273000,1550000.0,5273000.0,0
1555000_5273000,1555000.0,5273000.0,0
1560000_5273000,1560000.0,5273000.0,0
1565000_5273000,1565000.0,5273000.0,0
1570000_5273000,1570000.0,5273000.0,0
1575000_5273000,1575000.0,5273000.0,0
1580000_5273000,1580000.0,5273000.0,0
1585000_5273000,1585000.0,5273000.0,0
1590000_5273000,1590000.0,5273000.0,0
1595000_5273000,1595000.0,5273000.0,0
1600000_5273000,1600000.0,5273000.0,0
1605000_5273000,1605000.0,5273000.0,0
1610000_5273000,1610000.0,5273000.0,0
1615000_5273000,1615000.0,5273000.0,0
1620000_5273000,1620000.0,5273000.0,0
1625000_5273000,1625000.0,5273000.0,0
1630000_5273000,1630000.0,5273000.0,0
1445000_5278000,1445000.0,5278000.0,0
1450000_5278000,1450000.0,5278000.0,0
1455000_5278000,1455000.0,5278000.0,0
1460000_5278000,1460000.0,5278000.0,0
1465000_5278000,1465000.0,5278000.0,0
1470000_5278000,1470000.0,5278000.0,0
1475000_5278000,1475000.0,5278000.0,0
1480000_5278000,1480000.0,5278000.0,0
1485000_5278000,1485000.0,5278000.0,0
1490000_5278000,1490000.0,5278000.0,0
1495000_5278000,1495000.0,5278000.0,0
1500000_5278000,1500000.0,5278000.0,0
1505000_5278000,1505000.0,5278000.0,0
1510000_5278000,1510000.0,5278000.0,0
1515000_5278000,1515000.0,5278000.0,0
1520000_5278000,1520000.0,5278000.0,0
1525000_5278000,1525000.0,5278000.0,0
1530000_5278000,1530000.0,5278000.0,0
1535000_5278000,1535000.0,5278000.0,0
1540000_5278000,1540000.0,5278000.0,0
1545000_5278000,1545000.0,5278000.0,0
1550000_5278000,1550000.0,5278000.0,0
1555000_5278000,1555000.0,5278000.0,0
1560000_5278000,1560000.0,5278000.0,0
1565000_5278000,1565000.0,5278000.0,0
1570000_5278000,1570000.0,5278000.0,0
1575000_5278000,1575000.0,5278000.0,0
1580000_5278000,1580000.0,5278000.0,0
1585000_5278000,1585000.0,5278000.0,0
1590000_5278000,1590000.0,5278000.0,0
1595000_5278000,1595000.0,5278000.0,0
1600000_5278000,1600000.0,5278000.0,0
1605000_5278000,1605000.0,5278000.0,0
1610000_5278000,1610000.0,5278000.0,0
1615000_5278000,1615000.0,5278000.0,0
1620000_5278000,1620000.0,5278000.0,0
1625000_5278000,1625000.0,5278000.0,0
1630000_5278000,1630000.0,5278000.0,0
1635000_5278000,1635000.0,5278000.0,0
1445000_5283000,1445000.0,5283000.0,0
1450000_5283000,1450000.0,5283000.0,0
1455000_5283000,1455000.0,5283000.0,0
1460000_5283000,1460000.0,5283000.0,0
1465000_5283000,1465000.0,5283000.0,0
1470000_5283000,1470000.0,5283000.0,0
1475000_5283000,1475000.0,5283000.0,0
1480000_5283000,1480000.0,5283000.0,0
1485000_5283000,1485000.0,5283000.0,0
1490000_5283000,1490000.0,5283000.0,0
1495000_5283000,1495000.0,5283000.0,0
1500000_5283000,1500000.0,5283000.0,0
1505000_5283000,1505000.0,5283000.0,0
1510000_5283000,1510000.0,5283000.0,0
1515000_5283000,1515000.0,5283000.0,0
1520000_5283000,1520000.0,5283000.0,0
1525000_5283000,1525000.0,5283000.0,0
1530000_5283000,1530000.0,5283000.0,0
1535000_5283000,1535000.0,5283000.0,0
1540000_5283000,1540000.0,5283000.0,0
1545000_5283000,1545000.0,5283000.0,0
1550000_5283000,1550000.0,5283000.0,0
1555000_5283000,1555000.0,5283000.0,0
1560000_5283000,1560000.0,5283000.0,0
1565000_5283000,1565000.0,5283000.0,0
1570000_5283000,1570000.0,5283000.0,0
1575000_5283000,1575000.0,5283000.0,0
1580000_5283000,1580000.0,5283000.0,0
1585000_5283000,1585000.0,5283000.0,0
1590000_5283000,1590000.0,5283000.0,0
1595000_5283000,1595000.0,5283000.0,0
1600000_5283000,1600000.0,5283000.0,0
1605000_5283000,1605000.0,5283000.0,0
1610000_5283000,1610000.0,5283000.0,0
1615000_5283000,1615000.0,5283000.0,0
1620000_5283000,1620000.0,5283000.0,0
1625000_5283000,1625000.0,5283000.0,0
1630000_5283000,1630000.0,5283000.0,0
1635000_5283000,1635000.0,5283000.0,0
1450000_5288000,1450000.0,5288000.0,0
1455000_5288000,1455000.0,5288000.0,0
1460000_5288000,1460000.0,5288000.0,0
1465000_5288000,1465000.0,5288000.0,0
1470000_5288000,1470000.0,5288000.0,0
1475000_5288000,1475000.0,5288000.0,0
1480000_5288000,1480000.0,5288000.0,0
1485000_5288000,1485000.0,5288000.0,0
1490000_5288000,1490000.0,5288000.0,0
1495000_5288000,1495000.0,5288000.0,0
1500000_5288000,1500000.0,5288000.0,0
1505000_5288000,1505000.0,5288000.0,0
1510000_5288000,1510000.0,5288000.0,0
1515000_5288000,1515000.0,5288000.0,0
1520000_5288000,1520000.0,5288000.0,0
1525000_5288000,1525000.0,5288000.0,0
1530000_5288000,1530000.0,5288000.0,0
1535000_5288000,1535000.0,5288000.0,0
1540000_5288000,1540000.0,5288000.0,0
1545000_5288000,1545000.0,5288000.0,0
1550000_5288000,1550000.0,5288000.0,0
1555000_5288000,1555000.0,5288000.0,0
1560000_5288000,1560000.0,5288000.0,0
1565000_5288000,1565000.0,5288000.0,0
1570000_5288000,1570000.0,5288000.0,0
1575000_5288000,1575000.0,5288000.0,0
1580000_5288000,1580000.0,5288000.0,0
1585000_5288000,1585000.0,5288000.0,0
1590000_5288000,1590000.0,5288000.0,0
1595000_5288000,1595000.0,5288000.0,0
1600000_5288000,1600000.0,5288000.0,0
1605000_5288000,1605000.0,5288000.0,0
1610000_5288000,1610000.0,5288000.0,0
1615000_5288000,1615000.0,5288000.0,0
1620000_5288000,1620000.0,5288000.0,0
1625000_5288000,1625000.0,5288000.0,0
1630000_5288000,1630000.0,5288000.0,0
1635000_5288000,1635000.0,5288000.0,0
1640000_5288000,1640000.0,5288000.0,0
1450000_5293000,1450000.0,5293000.0,0
1455000_5293000,1455000.0,5293000.0,0
1460000_5293000,1460000.0,5293000.0,0
1465000_5293000,1465000.0,5293000.0,0
1470000_5293000,1470000.0,5293000.0,0
1475000_5293000,1475000.0,5293000.0,0
1480000_5293000,1480000.0,5293000.0,0
1485000_5293000,1485000.0,5293000.0,0
1490000_5293000,1490000.0,5293000.0,0
1495000_5293000,1495000.0,5293000.0,0
1500000_5293000,1500000.0,5293000.0,0
1505000_5293000,1505000.0,5293000.0,0
1510000_5293000,1510000.0,5293000.0,0
1515000_5293000,1515000.0,5293000.0,0
1520000_5293000,1520000.0,5293000.0,0
1525000_5293000,1525000.0,5293000.0,0
1530000_5293000,1530000.0,5293000.0,0
1535000_5293000,1535000.0,5293000.0,0
1540000_5293000,1540000.0,5293000.0,0
1545000_5293000,1545000.0,5293000.0,0
1550000_5293000,1550000.0,5293000.0,0
1555000_5293000,1555000.0,5293000.0,0
1560000_5293000,1560000.0,5293000.0,0
1565000_5293000,1565000.0,5293000.0,0
1570000_5293000,1570000.0,5293000.0,0
1575000_5293000,1575000.0,5293000.0,0
1580000_5293000,1580000.0,5293000.0,0
1585000_5293000,1585000.0,5293000.0,0
1590000_5293000,1590000.0,5293000.0,0
1595000_5293000,1595000.0,5293000.0,0
1600000_5293000,1600000.0,5293000.0,0
1605000_5293000,1605000.0,5293000.0,0
1610000_5293000,1610000.0,5293000.0,0
1615000_5293000,1615000.0,5293000.0,0
1620000_5293000,1620000.0,5293000.0,0
1625000_5293000,1625000.0,5293000.0,0
1630000_5293000,1630000.0,5293000.0,0
1635000_5293000,1635000.0,5293000.0,0
1640000_5293000,1640000.0,5293000.0,0
1455000_5298000,1455000.0,5298000.0,0
1460000_5298000,1460000.0,5298000.0,0
1465000_5298000,1465000.0,5298000.0,0
1470000_5298000,1470000.0,5298000.0,0
1475000_5298000,1475000.0,5298000.0,0
1480000_5298000,1480000.0,5298000.0,0
1485000_5298000,1485000.0,5298000.0,0
1490000_5298000,1490000.0,5298000.0,0
1495000_5298000,1495000.0,5298000.0,0
1500000_5298000,1500000.0,5298000.0,0
1505000_5298000,1505000.0,5298000.0,0
1510000_5298000,1510000.0,5298000.0,0
1515000_5298000,1515000.0,5298000.0,0
1520000_5298000,1520000.0,5298000.0,0
1525000_5298000,1525000.0,5298000.0,0
1530000_5298000,1530000.0,5298000.0,0
1535000_5298000,1535000.0,5298000.0,0
1540000_5298000,1540000.0,5298000.0,0
1545000_5298000,1545000.0,5298000.0,0
1550000_5298000,1550000.0,5298000.0,0
1555000_5298000,1555000.0,5298000.0,0
1560000_5298000,1560000.0,5298000.0,0
1565000_5298000,1565000.0,5298000.0,0
1570000_5298000,1570000.0,5298000.0,0
1575000_5298000,1575000.0,5298000.0,0
1580000_5298000,1580000.0,5298000.0,0
1585000_5298000,1585000.0,5298000.0,0
1590000_5298000,1590000.0,5298000.0,0
1595000_5298000,1595000.0,5298000.0,0
1600000_5298000,1600000.0,5298000.0,0
1605000_5298000,1605000.0,5298000.0,0
1610000_5298000,1610000.0,5298000.0,0
1615000_5298000,1615000.0,5298000.0,0
1620000_5298000,1620000.0,5298000.0,0
1625000_5298000,1625000.0,5298000.0,0
1630000_5298000,1630000.0,5298000.0,0
1635000_5298000,1635000.0,5298000.0,0
1640000_5298000,1640000.0,5298000.0,0
1455000_5303000,1455000.0,5303000.0,0
1460000_5303000,1460000.0,5303000.0,0
1465000_5303000,1465000.0,5303000.0,0
1470000_5303000,1470000.0,5303000.0,0
1475000_5303000,1475000.0,5303000.0,0
1480000_5303000,1480000.0,5303000.0,0
1485000_5303000,1485000.0,5303000.0,0
1490000_5303000,1490000.0,5303000.0,0
1495000_5303000,1495000.0,5303000.0,0
1500000_5303000,1500000.0,5303000.0,0
1505000_5303000,1505000.0,5303000.0,0
1510000_5303000,1510000.0,5303000.0,0
1515000_5303000,1515000.0,5303000.0,0
1520000_5303000,1520000.0,5303000.0,0
1525000_5303000,1525000.0,5303000.0,0
1530000_5303000,1530000.0,5303000.0,0
1535000_5303000,1535000.0,5303000.0,0
1540000_5303000,1540000.0,5303000.0,0
1545000_5303000,1545000.0,5303000.0,0
1550000_5303000,1550000.0,5303000.0,0
1555000_5303000,1555000.0,5303000.0,0
1560000_5303000,1560000.0,5303000.0,0
1565000_5303000,1565000.0,5303000.0,0
1570000_5303000,1570000.0,5303000.0,0
1575000_5303000,1575000.0,5303000.0,0
1580000_5303000,1580000.0,5303000.0,0
1585000_5303000,1585000.0,5303000.0,0
1590000_5303000,1590000.0,5303000.0,0
1595000_5303000,1595000.0,5303000.0,0
1600000_5303000,1600000.0,5303000.0,0
1605000_5303000,1605000.0,5303000.0,0
1610000_5303000,1610000.0,5303000.0,0
1615000_5303000,1615000.0,5303000.0,0
1620000_5303000,1620000.0,5303000.0,0
1625000_5303000,1625000.0,5303000.0,0
1630000_5303000,1630000.0,5303000.0,0
1635000_5303000,1635000.0,5303000.0,0
1640000_5303000,1640000.0,5303000.0,0
1645000_5303000,1645000.0,5303000.0,0
1650000_5303000,1650000.0,5303000.0,0
1460000_5308000,1460000.0,5308000.0,0
1465000_5308000,1465000.0,5308000.0,0
1470000_5308000,1470000.0,5308000.0,0
1475000_5308000,1475000.0,5308000.0,0
1480000_5308000,1480000.0,5308000.0,0
1485000_5308000,1485000.0,5308000.0,0
1490000_5308000,1490000.0,5308000.0,0
1495000_5308000,1495000.0,5308000.0,0
1500000_5308000,1500000.0,5308000.0,0
1505000_5308000,1505000.0,5308000.0,0
1510000_5308000,1510000.0,5308000.0,0
1515000_5308000,1515000.0,5308000.0,0
1520000_5308000,1520000.0,5308000.0,0
1525000_5308000,1525000.0,5308000.0,0
1530000_5308000,1530000.0,5308000.0,0
1535000_5308000,1535000.0,5308000.0,0
1540000_5308000,1540000.0,5308000.0,0
1545000_5308000,1545000.0,5308000.0,0
1550000_5308000,1550000.0,5308000.0,0
1555000_5308000,1555000.0,5308000.0,0
1560000_5308000,1560000.0,5308000.0,0
1565000_5308000,1565000.0,5308000.0,0
1570000_5308000,1570000.0,5308000.0,0
1575000_5308000,1575000.0,5308000.0,0
1580000_5308000,1580000.0,5308000.0,0
1585000_5308000,1585000.0,5308000.0,0
1590000_5308000,1590000.0,5308000.0,0
1595000_5308000,1595000.0,5308000.0,0
1600000_5308000,1600000.0,5308000.0,0
1605000_5308000,1605000.0,5308000.0,0
1610000_5308000,1610000.0,5308000.0,0
1615000_5308000,1615000.0,5308000.0,0
1620000_5308000,1620000.0,5308000.0,0
1625000_5308000,1625000.0,5308000.0,0
1630000_5308000,1630000.0,5308000.0,0
1635000_5308000,1635000.0,5308000.0,0
1640000_5308000,1640000.0,5308000.0,0
1645000_5308000,1645000.0,5308000.0,0
1650000_5308000,1650000.0,5308000.0,0
1655000_5308000,1655000.0,5308000.0,0
1460000_5313000,1460000.0,5313000.0,0
1465000_5313000,1465000.0,5313000.0,0
1470000_5313000,1470000.0,5313000.0,0
1475000_5313000,1475000.0,5313000.0,0
1480000_5313000,1480000.0,5313000.0,0
1485000_5313000,1485000.0,5313000.0,0
1490000_5313000,1490000.0,5313000.0,0
1495000_5313000,1495000.0,5313000.0,0
1500000_5313000,1500000.0,5313000.0,0
1505000_5313000,1505000.0,5313000.0,0
1510000_5313000,1510000.0,5313000.0,0
1515000_5313000,1515000.0,5313000.0,0
1520000_5313000,1520000.0,5313000.0,0
1525000_5313000,1525000.0,5313000.0,0
1530000_5313000,1530000.0,5313000.0,0
1535000_5313000,1535000.0,5313000.0,0
1540000_5313000,1540000.0,5313000.0,0
1545000_5313000,1545000.0,5313000.0,0
1550000_5313000,1550000.0,5313000.0,0
1555000_5313000,1555000.0,5313000.0,0
1560000_5313000,1560000.0,5313000.0,0
1565000_5313000,1565000.0,5313000.0,0
1570000_5313000,1570000.0,5313000.0,0
1575000_5313000,1575000.0,5313000.0,0
1580000_5313000,1580000.0,5313000.0,0
1585000_5313000,1585000.0,5313000.0,0
1590000_5313000,1590000.0,5313000.0,0
1595000_5313000,1595000.0,5313000.0,0
1600000_5313000,1600000.0,5313000.0,0
1605000_5313000,1605000.0,5313000.0,0
1610000_5313000,1610000.0,5313000.0,0
1615000_5313000,1615000.0,5313000.0,0
1620000_5313000,1620000.0,5313000.0,0
1625000_5313000,1625000.0,5313000.0,0
1630000_5313000,1630000.0,5313000.0,0
1635000_5313000,1635000.0,5313000.0,0
1640000_5313000,1640000.0,5313000.0,0
1645000_5313000,1645000.0,5313000.0,0
1650000_5313000,1650000.0,5313000.0,0
1655000_5313000,1655000.0,5313000.0,0
1460000_5318000,1460000.0,5318000.0,0
1465000_5318000,1465000.0,5318000.0,0
1470000_5318000,1470000.0,5318000.0,0
1475000_5318000,1475000.0,5318000.0,0
1480000_5318000,1480000.0,5318000.0,0
1485000_5318000,1485000.0,5318000.0,0
1490000_5318000,1490000.0,5318000.0,0
1495000_5318000,1495000.0,5318000.0,0
1500000_5318000,1500000.0,5318000.0,0
1505000_5318000,1505000.0,5318000.0,0
1510000_5318000,1510000.0,5318000.0,0
1515000_5318000,1515000.0,5318000.0,0
1520000_5318000,1520000.0,5318000.0,0
1525000_5318000,1525000.0,5318000.0,0
1530000_5318000,1530000.0,5318000.0,0
1535000_5318000,1535000.0,5318000.0,0
1540000_5318000,1540000.0,5318000.0,0
1545000_5318000,1545000.0,5318000.0,0
1550000_5318000,1550000.0,5318000.0,0
1555000_5318000,1555000.0,5318000.0,0
1560000_5318000,1560000.0,5318000.0,0
1565000_5318000,1565000.0,5318000.0,0
1570000_5318000,1570000.0,5318000.0,0
1575000_5318000,1575000.0,5318000.0,0
1580000_5318000,1580000.0,5318000.0,0
1585000_5318000,1585000.0,5318000.0,0
1590000_5318000,1590000.0,5318000.0,0
1595000_5318000,1595000.0,5318000.0,0
1600000_5318000,1600000.0,5318000.0,0
1605000_5318000,1605000.0,5318000.0,0
1610000_5318000,1610000.0,5318000.0,0
1615000_5318000,1615000.0,5318000.0,0
1620000_5318000,1620000.0,5318000.0,0
1625000_5318000,1625000.0,5318000.0,0
1630000_5318000,1630000.0,5318000.0,0
1635000_5318000,1635000.0,5318000.0,0
1640000_5318000,1640000.0,5318000.0,0
1645000_5318000,1645000.0,5318000.0,0
1650000_5318000,1650000.0,5318000.0,0
1655000_5318000,1655000.0,5318000.0,0
1660000_5318000,1660000.0,5318000.0,0
1465000_5323000,1465000.0,5323000.0,0
1470000_5323000,1470000.0,5323000.0,0
1475000_5323000,1475000.0,5323000.0,0
1480000_5323000,1480000.0,5323000.0,0
1485000_5323000,1485000.0,5323000.0,0
1490000_5323000,1490000.0,5323000.0,0
1495000_5323000,1495000.0,5323000.0,0
1500000_5323000,1500000.0,5323000.0,0
1505000_5323000,1505000.0,5323000.0,0
1510000_5323000,1510000.0,5323000.0,0
1515000_5323000,1515000.0,5323000.0,0
1520000_5323000,1520000.0,5323000.0,0
1525000_5323000,1525000.0,5323000.0,0
1530000_5323000,1530000.0,5323000.0,0
1535000_5323000,1535000.0,5323000.0,0
1540000_5323000,1540000.0,5323000.0,0
1545000_5323000,1545000.0,5323000.0,0
1550000_5323000,1550000.0,5323000.0,0
1555000_5323000,1555000.0,5323000.0,0
1560000_5323000,1560000.0,5323000.0,0
1565000_5323000,1565000.0,5323000.0,0
1570000_5323000,1570000.0,5323000.0,0
1575000_5323000,1575000.0,5323000.0,0
1580000_5323000,1580000.0,5323000.0,0
1585000_5323000,1585000.0,5323000.0,0
1590000_5323000,1590000.0,5323000.0,0
1595000_5323000,1595000.0,5323000.0,0
1600000_5323000,1600000.0,5323000.0,0
1605000_5323000,1605000.0,5323000.0,0
1610000_5323000,1610000.0,5323000.0,0
1615000_5323000,1615000.0,5323000.0,0
1620000_5323000,1620000.0,5323000.0,0
1625000_5323000,1625000.0,5323000.0,0
1630000_5323000,1630000.0,5323000.0,0
1635000_5323000,1635000.0,5323000.0,0
1640000_5323000,1640000.0,5323000.0,0
1645000_5323000,1645000.0,5323000.0,0
1650000_5323000,1650000.0,5323000.0,0
1655000_5323000,1655000.0,5323000.0,0
1660000_5323000,1660000.0,5323000.0,0
1665000_5323000,1665000.0,5323000.0,0
1465000_5328000,1465000.0,5328000.0,0
1470000_5328000,1470000.0,5328000.0,0
1475000_5328000,1475000.0,5328000.0,0
1480000_5328000,1480000.0,5328000.0,0
1485000_5328000,1485000.0,5328000.0,0
1490000_5328000,1490000.0,5328000.0,0
1495000_5328000,1495000.0,5328000.0,0
1500000_5328000,1500000.0,5328000.0,0
1505000_5328000,1505000.0,5328000.0,0
1510000_5328000,1510000.0,5328000.0,0
1515000_5328000,1515000.0,5328000.0,0
1520000_5328000,1520000.0,5328000.0,0
1525000_5328000,1525000.0,5328000.0,0
1530000_5328000,1530000.0,5328000.0,0
1535000_5328000,1535000.0,5328000.0,0
1540000_5328000,1540000.0,5328000.0,0
1545000_5328000,1545000.0,5328000.0,0
1550000_5328000,1550000.0,5328000.0,0
1555000_5328000,1555000.0,5328000.0,0
1560000_5328000,1560000.0,5328000.0,0
1565000_5328000,1565000.0,5328000.0,0
1570000_5328000,1570000.0,5328000.0,0
1575000_5328000,1575000.0,5328000.0,0
1580000_5328000,1580000.0,5328000.0,0
1585000_5328000,1585000.0,5328000.0,0
1590000_5328000,1590000.0,5328000.0,0
1595000_5328000,1595000.0,5328000.0,0
1600000_5328000,1600000.0,5328000.0,0
1605000_5328000,1605000.0,5328000.0,0
1610000_5328000,1610000.0,5328000.0,0
1615000_5328000,1615000.0,5328000.0,0
1620000_5328000,1620000.0,5328000.0,0
1625000_5328000,1625000.0,5328000.0,0
1630000_5328000,1630000.0,5328000.0,0
1635000_5328000,1635000.0,5328000.0,0
1640000_5328000,1640000.0,5328000.0,0
1645000_5328000,1645000.0,5328000.0,0
1650000_5328000,1650000.0,5328000.0,0
1655000_5328000,1655000.0,5328000.0,0
1660000_5328000,1660000.0,5328000.0,0
1665000_5328000,1665000.0,5328000.0,0
1670000_5328000,1670000.0,5328000.0,0
1465000_5333000,1465000.0,5333000.0,0
1470000_5333000,1470000.0,5333000.0,0
1475000_5333000,1475000.0,5333000.0,0
1480000_5333000,1480000.0,5333000.0,0
1485000_5333000,1485000.0,5333000.0,0
1490000_5333000,1490000.0,5333000.0,0
1495000_5333000,1495000.0,5333000.0,0
1500000_5333000,1500000.0,5333000.0,0
1505000_5333000,1505000.0,5333000.0,0
1510000_5333000,1510000.0,5333000.0,0
1515000_5333000,1515000.0,5333000.0,0
1520000_5333000,1520000.0,5333000.0,0
1525000_5333000,1525000.0,5333000.0,0
1530000_5333000,1530000.0,5333000.0,0
1535000_5333000,1535000.0,5333000.0,0
1540000_5333000,1540000.0,5333000.0,0
1545000_5333000,1545000.0,5333000.0,0
1550000_5333000,1550000.0,5333000.0,0
1555000_5333000,1555000.0,5333000.0,0
1560000_5333000,1560000.0,5333000.0,0
1565000_5333000,1565000.0,5333000.0,0
1570000_5333000,1570000.0,5333000.0,0
1575000_5333000,1575000.0,5333000.0,0
1580000_5333000,1580000.0,5333000.0,0
1585000_5333000,1585000.0,5333000.0,0
1590000_5333000,1590000.0,5333000.0,0
1595000_5333000,1595000.0,5333000.0,0
1600000_5333000,1600000.0,5333000.0,0
1605000_5333000,1605000.0,5333000.0,0
1610000_5333000,1610000.0,5333000.0,0
1615000_5333000,1615000.0,5333000.0,0
1620000_5333000,1620000.0,5333000.0,0
1625000_5333000,1625000.0,5333000.0,0
1630000_5333000,1630000.0,5333000.0,0
1635000_5333000,1635000.0,5333000.0,0
1640000_5333000,1640000.0,5333000.0,0
1645000_5333000,1645000.0,5333000.0,0
1650000_5333000,1650000.0,5333000.0,0
1655000_5333000,1655000.0,5333000.0,0
1660000_5333000,1660000.0,5333000.0,0
1665000_5333000,1665000.0,5333000.0,0
1670000_5333000,1670000.0,5333000.0,0
1675000_5333000,1675000.0,5333000.0,0
1465000_5338000,1465000.0,5338000.0,0
1470000_5338000,1470000.0,5338000.0,0
1475000_5338000,1475000.0,5338000.0,0
1480000_5338000,1480000.0,5338000.0,0
1485000_5338000,1485000.0,5338000.0,0
1490000_5338000,1490000.0,5338000.0,0
1495000_5338000,1495000.0,5338000.0,0
1500000_5338000,1500000.0,5338000.0,0
1505000_5338000,1505000.0,5338000.0,0
1510000_5338000,1510000.0,5338000.0,0
1515000_5338000,1515000.0,5338000.0,0
1520000_5338000,1520000.0,5338000.0,0
1525000_5338000,1525000.0,5338000.0,0
1530000_5338000,1530000.0,5338000.0,0
1535000_5338000,1535000.0,5338000.0,0
1540000_5338000,1540000.0,5338000.0,0
1545000_5338000,1545000.0,5338000.0,0
1550000_5338000,1550000.0,5338000.0,0
1555000_5338000,1555000.0,5338000.0,0
1560000_5338000,1560000.0,5338000.0,0
1565000_5338000,1565000.0,5338000.0,0
1570000_5338000,1570000.0,5338000.0,0
1575000_5338000,1575000.0,5338000.0,0
1580000_5338000,1580000.0,5338000.0,0
1585000_5338000,1585000.0,5338000.0,0
1590000_5338000,1590000.0,5338000.0,0
1595000_5338000,1595000.0,5338000.0,0
1600000_5338000,1600000.0,5338000.0,0
1605000_5338000,1605000.0,5338000.0,0
1610000_5338000,1610000.0,5338000.0,0
1615000_5338000,1615000.0,5338000.0,0
1620000_5338000,1620000.0,5338000.0,0
1625000_5338000,1625000.0,5338000.0,0
1630000_5338000,1630000.0,5338000.0,0
1635000_5338000,1635000.0,5338000.0,0
1640000_5338000,1640000.0,5338000.0,0
1645000_5338000,1645000.0,5338000.0,0
1650000_5338000,1650000.0,5338000.0,0
1655000_5338000,1655000.0,5338000.0,0
1660000_5338000,1660000.0,5338000.0,0
1665000_5338000,1665000.0,5338000.0,0
1670000_5338000,1670000.0,5338000.0,0
1675000_5338000,1675000.0,5338000.0,0
1465000_5343000,1465000.0,5343000.0,0
1470000_5343000,1470000.0,5343000.0,0
1475000_5343000,1475000.0,5343000.0,0
1480000_5343000,1480000.0,5343000.0,0
1485000_5343000,1485000.0,5343000.0,0
1490000_5343000,1490000.0,5343000.0,0
1495000_5343000,1495000.0,5343000.0,0
1500000_5343000,1500000.0,5343000.0,0
1505000_5343000,1505000.0,5343000.0,0
1510000_5343000,1510000.0,5343000.0,0
1515000_5343000,1515000.0,5343000.0,0
1520000_5343000,1520000.0,5343000.0,0
1525000_5343000,1525000.0,5343000.0,0
1530000_5343000,1530000.0,5343000.0,0
1535000_5343000,1535000.0,5343000.0,0
1540000_5343000,1540000.0,5343000.0,0
1545000_5343000,1545000.0,5343000.0,0
1550000_5343000,1550000.0,5343000.0,0
1555000_5343000,1555000.0,5343000.0,0
1560000_5343000,1560000.0,5343000.0,0
1565000_5343000,1565000.0,5343000.0,0
1570000_5343000,1570000.0,5343000.0,0
1575000_5343000,1575000.0,5343000.0,0
1580000_5343000,1580000.0,5343000.0,0
1585000_5343000,1585000.0,5343000.0,0
1590000_5343000,1590000.0,5343000.0,0
1595000_5343000,1595000.0,5343000.0,0
1600000_5343000,1600000.0,5343000.0,0
1605000_5343000,1605000.0,5343000.0,0
1610000_5343000,1610000.0,5343000.0,0
1615000_5343000,1615000.0,5343000.0,0
1620000_5343000,1620000.0,5343000.0,0
1625000_5343000,1625000.0,5343000.0,0
1630000_5343000,1630000.0,5343000.0,0
1635000_5343000,1635000.0,5343000.0,0
1640000_5343000,1640000.0,5343000.0,0
1645000_5343000,1645000.0,5343000.0,0
1650000_5343000,1650000.0,5343000.0,0
1655000_5343000,1655000.0,5343000.0,0
1660000_5343000,1660000.0,5343000.0,0
1665000_5343000,1665000.0,5343000.0,0
1670000_5343000,1670000.0,5343000.0,0
1675000_5343000,1675000.0,5343000.0,0
1470000_5348000,1470000.0,5348000.0,0
1475000_5348000,1475000.0,5348000.0,0
1480000_5348000,1480000.0,5348000.0,0
1485000_5348000,1485000.0,5348000.0,0
1490000_5348000,1490000.0,5348000.0,0
1495000_5348000,1495000.0,5348000.0,0
1500000_5348000,1500000.0,5348000.0,0
1505000_5348000,1505000.0,5348000.0,0
1510000_5348000,1510000.0,5348000.0,0
1515000_5348000,1515000.0,5348000.0,0
1520000_5348000,1520000.0,5348000.0,0
1525000_5348000,1525000.0,5348000.0,0
1530000_5348000,1530000.0,5348000.0,0
1535000_5348000,1535000.0,5348000.0,0
1540000_5348000,1540000.0,5348000.0,0
1545000_5348000,1545000.0,5348000.0,0
1550000_5348000,1550000.0,5348000.0,0
1555000_5348000,1555000.0,5348000.0,0
1560000_5348000,1560000.0,5348000.0,0
1565000_5348000,1565000.0,5348000.0,0
1570000_5348000,1570000.0,5348000.0,0
1575000_5348000,1575000.0,5348000.0,0
1580000_5348000,1580000.0,5348000.0,0
1585000_5348000,1585000.0,5348000.0,0
1590000_5348000,1590000.0,5348000.0,0
1595000_5348000,1595000.0,5348000.0,0
1600000_5348000,1600000.0,5348000.0,0
1605000_5348000,1605000.0,5348000.0,0
1610000_5348000,1610000.0,5348000.0,0
1615000_5348000,1615000.0,5348000.0,0
1620000_5348000,1620000.0,5348000.0,0
1625000_5348000,1625000.0,5348000.0,0
1630000_5348000,1630000.0,5348000.0,0
1635000_5348000,1635000.0,5348000.0,0
1640000_5348000,1640000.0,5348000.0,0
1645000_5348000,1645000.0,5348000.0,0
1650000_5348000,1650000.0,5348000.0,0
1655000_5348000,1655000.0,5348000.0,0
1660000_5348000,1660000.0,5348000.0,0
1665000_5348000,1665000.0,5348000.0,0
1670000_5348000,1670000.0,5348000.0,0
1675000_5348000,1675000.0,5348000.0,0
1680000_5348000,1680000.0,5348000.0,0
1470000_5353000,1470000.0,5353000.0,0
1475000_5353000,1475000.0,5353000.0,0
1480000_5353000,1480000.0,5353000.0,0
1485000_5353000,1485000.0,5353000.0,0
1490000_5353000,1490000.0,5353000.0,0
1495000_5353000,1495000.0,5353000.0,0
1500000_5353000,1500000.0,5353000.0,0
1505000_5353000,1505000.0,5353000.0,0
1510000_5353000,1510000.0,5353000.0,0
1515000_5353000,1515000.0,5353000.0,0
1520000_5353000,1520000.0,5353000.0,0
1525000_5353000,1525000.0,5353000.0,0
1530000_5353000,1530000.0,5353000.0,0
1535000_5353000,1535000.0,5353000.0,0
1540000_5353000,1540000.0,5353000.0,0
1545000_5353000,1545000.0,5353000.0,0
1550000_5353000,1550000.0,5353000.0,0
1555000_5353000,1555000.0,5353000.0,0
1560000_5353000,1560000.0,5353000.0,0
1565000_5353000,1565000.0,5353000.0,0
1570000_5353000,1570000.0,5353000.0,0
1575000_5353000,1575000.0,5353000.0,0
1580000_5353000,1580000.0,5353000.0,0
1585000_5353000,1585000.0,5353000.0,0
1590000_5353000,1590000.0,5353000.0,0
1595000_5353000,1595000.0,5353000.0,0
1600000_5353000,1600000.0,5353000.0,0
1605000_5353000,1605000.0,5353000.0,0
1610000_5353000,1610000.0,5353000.0,0
1615000_5353000,1615000.0,5353000.0,0
1620000_5353000,1620000.0,5353000.0,0
1625000_5353000,1625000.0,5353000.0,0
1630000_5353000,1630000.0,5353000.0,0
1635000_5353000,1635000.0,5353000.0,0
1640000_5353000,1640000.0,5353000.0,0
1645000_5353000,1645000.0,5353000.0,0
1650000_5353000,1650000.0,5353000.0,0
1655000_5353000,1655000.0,5353000.0,0
1660000_5353000,1660000.0,5353000.0,0
1665000_5353000,1665000.0,5353000.0,0
1670000_5353000,1670000.0,5353000.0,0
1675000_5353000,1675000.0,5353000.0,0
1680000_5353000,1680000.0,5353000.0,0
1685000_5353000,1685000.0,5353000.0,0
1470000_5358000,1470000.0,5358000.0,0
1475000_5358000,1475000.0,5358000.0,0
1480000_5358000,1480000.0,5358000.0,0
1485000_5358000,1485000.0,5358000.0,0
1490000_5358000,1490000.0,5358000.0,0
1495000_5358000,1495000.0,5358000.0,0
1500000_5358000,1500000.0,5358000.0,0
1505000_5358000,1505000.0,5358000.0,0
1510000_5358000,1510000.0,5358000.0,0
1515000_5358000,1515000.0,5358000.0,0
1520000_5358000,1520000.0,5358000.0,0
1525000_5358000,1525000.0,5358000.0,0
1530000_5358000,1530000.0,5358000.0,0
1535000_5358000,1535000.0,5358000.0,0
1540000_5358000,1540000.0,5358000.0,0
1545000_5358000,1545000.0,5358000.0,0
1550000_5358000,1550000.0,5358000.0,0
1555000_5358000,1555000.0,5358000.0,0
1560000_5358000,1560000.0,5358000.0,0
1565000_5358000,1565000.0,5358000.0,0
1570000_5358000,1570000.0,5358000.0,0
1575000_5358000,1575000.0,5358000.0,0
1580000_5358000,1580000.0,5358000.0,0
1585000_5358000,1585000.0,5358000.0,0
1590000_5358000,1590000.0,5358000.0,0
1595000_5358000,1595000.0,5358000.0,0
1600000_5358000,1600000.0,5358000.0,0
1605000_5358000,1605000.0,5358000.0,0
1610000_5358000,1610000.0,5358000.0,0
1615000_5358000,1615000.0,5358000.0,0
1620000_5358000,1620000.0,5358000.0,0
1625000_5358000,1625000.0,5358000.0,0
1630000_5358000,1630000.0,5358000.0,0
1635000_5358000,1635000.0,5358000.0,0
1640000_5358000,1640000.0,5358000.0,0
1645000_5358000,1645000.0,5358000.0,0
1650000_5358000,1650000.0,5358000.0,0
1655000_5358000,1655000.0,5358000.0,0
1660000_5358000,1660000.0,5358000.0,0
1665000_5358000,1665000.0,5358000.0,0
1670000_5358000,1670000.0,5358000.0,0
1675000_5358000,1675000.0,5358000.0,0
1680000_5358000,1680000.0,5358000.0,0
1685000_5358000,1685000.0,5358000.0,0
1690000_5358000,1690000.0,5358000.0,0
1475000_5363000,1475000.0,5363000.0,0
1480000_5363000,1480000.0,5363000.0,0
1485000_5363000,1485000.0,5363000.0,0
1490000_5363000,1490000.0,5363000.0,0
1495000_5363000,1495000.0,5363000.0,0
1500000_5363000,1500000.0,5363000.0,0
1505000_5363000,1505000.0,5363000.0,0
1510000_5363000,1510000.0,5363000.0,0
1515000_5363000,1515000.0,5363000.0,0
1520000_5363000,1520000.0,5363000.0,0
1525000_5363000,1525000.0,5363000.0,0
1530000_5363000,1530000.0,5363000.0,0
1535000_5363000,1535000.0,5363000.0,0
1540000_5363000,1540000.0,5363000.0,0
1545000_5363000,1545000.0,5363000.0,0
1550000_5363000,1550000.0,5363000.0,0
1555000_5363000,1555000.0,5363000.0,0
1560000_5363000,1560000.0,5363000.0,0
1565000_5363000,1565000.0,5363000.0,0
1570000_5363000,1570000.0,5363000.0,0
1575000_5363000,1575000.0,5363000.0,0
1580000_5363000,1580000.0,5363000.0,0
1585000_5363000,1585000.0,5363000.0,0
1590000_5363000,1590000.0,5363000.0,0
1595000_5363000,1595000.0,5363000.0,0
1600000_5363000,1600000.0,5363000.0,0
1605000_5363000,1605000.0,5363000.0,0
1610000_5363000,1610000.0,5363000.0,0
1615000_5363000,1615000.0,5363000.0,0
1620000_5363000,1620000.0,5363000.0,0
1625000_5363000,1625000.0,5363000.0,0
1630000_5363000,1630000.0,5363000.0,0
1635000_5363000,1635000.0,5363000.0,0
1640000_5363000,1640000.0,5363000.0,0
1645000_5363000,1645000.0,5363000.0,0
1650000_5363000,1650000.0,5363000.0,0
1655000_5363000,1655000.0,5363000.0,0
1660000_5363000,1660000.0,5363000.0,0
1665000_5363000,1665000.0,5363000.0,0
1670000_5363000,1670000.0,5363000.0,0
1675000_5363000,1675000.0,5363000.0,0
1680000_5363000,1680000.0,5363000.0,0
1685000_5363000,1685000.0,5363000.0,0
1690000_5363000,1690000.0,5363000.0,0
1695000_5363000,1695000.0,5363000.0,0
1475000_5368000,1475000.0,5368000.0,0
1480000_5368000,1480000.0,5368000.0,0
1485000_5368000,1485000.0,5368000.0,0
1490000_5368000,1490000.0,5368000.0,0
1495000_5368000,1495000.0,5368000.0,0
1500000_5368000,1500000.0,5368000.0,0
1505000_5368000,1505000.0,5368000.0,0
1510000_5368000,1510000.0,5368000.0,0
1515000_5368000,1515000.0,5368000.0,0
1520000_5368000,1520000.0,5368000.0,0
1525000_5368000,1525000.0,5368000.0,0
1530000_5368000,1530000.0,5368000.0,0
1535000_5368000,1535000.0,5368000.0,0
1540000_5368000,1540000.0,5368000.0,0
1545000_5368000,1545000.0,5368000.0,0
1550000_5368000,1550000.0,5368000.0,0
1555000_5368000,1555000.0,5368000.0,0
1560000_5368000,1560000.0,5368000.0,0
1565000_5368000,1565000.0,5368000.0,0
1570000_5368000,1570000.0,5368000.0,0
1575000_5368000,1575000.0,5368000.0,0
1580000_5368000,1580000.0,5368000.0,0
1585000_5368000,1585000.0,5368000.0,0
1590000_5368000,1590000.0,5368000.0,0
1595000_5368000,1595000.0,5368000.0,0
1600000_5368000,1600000.0,5368000.0,0
1605000_5368000,1605000.0,5368000.0,0
1610000_5368000,1610000.0,5368000.0,0
1615000_5368000,1615000.0,5368000.0,0
1620000_5368000,1620000.0,5368000.0,0
1625000_5368000,1625000.0,5368000.0,0
1630000_5368000,1630000.0,5368000.0,0
1635000_5368000,1635000.0,5368000.0,0
1640000_5368000,1640000.0,5368000.0,0
1645000_5368000,1645000.0,5368000.0,0
1650000_5368000,1650000.0,5368000.0,0
1655000_5368000,1655000.0,5368000.0,0
1660000_5368000,1660000.0,5368000.0,0
1665000_5368000,1665000.0,5368000.0,0
1670000_5368000,1670000.0,5368000.0,0
1675000_5368000,1675000.0,5368000.0,0
1680000_5368000,1680000.0,5368000.0,0
1685000_5368000,1685000.0,5368000.0,0
1690000_5368000,1690000.0,5368000.0,0
1695000_5368000,1695000.0,5368000.0,0
1475000_5373000,1475000.0,5373000.0,0
1480000_5373000,1480000.0,5373000.0,0
1485000_5373000,1485000.0,5373000.0,0
1490000_5373000,1490000.0,5373000.0,0
1495000_5373000,1495000.0,5373000.0,0
1500000_5373000,1500000.0,5373000.0,0
1505000_5373000,1505000.0,5373000.0,0
1510000_5373000,1510000.0,5373000.0,0
1515000_5373000,1515000.0,5373000.0,0
1520000_5373000,1520000.0,5373000.0,0
1525000_5373000,1525000.0,5373000.0,0
1530000_5373000,1530000.0,5373000.0,0
1535000_5373000,1535000.0,5373000.0,0
1540000_5373000,1540000.0,5373000.0,0
1545000_5373000,1545000.0,5373000.0,0
1550000_5373000,1550000.0,5373000.0,0
1555000_5373000,1555000.0,5373000.0,0
1560000_5373000,1560000.0,5373000.0,0
1565000_5373000,1565000.0,5373000.0,0
1570000_5373000,1570000.0,5373000.0,0
1575000_5373000,1575000.0,5373000.0,0
1580000_5373000,1580000.0,5373000.0,0
1585000_5373000,1585000.0,5373000.0,0
1590000_5373000,1590000.0,5373000.0,0
1595000_5373000,1595000.0,5373000.0,0
1600000_5373000,1600000.0,5373000.0,0
1605000_5373000,1605000.0,5373000.0,0
1610000_5373000,1610000.0,5373000.0,0
1615000_5373000,1615000.0,5373000.0,0
1620000_5373000,1620000.0,5373000.0,0
1625000_5373000,1625000.0,5373000.0,0
1630000_5373000,1630000.0,5373000.0,0
1635000_5373000,1635000.0,5373000.0,0
1640000_5373000,1640000.0,5373000.0,0
1645000_5373000,1645000.0,5373000.0,0
1650000_5373000,1650000.0,5373000.0,0
1655000_5373000,1655000.0,5373000.0,0
1660000_5373000,1660000.0,5373000.0,0
1665000_5373000,1665000.0,5373000.0,0
1670000_5373000,1670000.0,5373000.0,0
1675000_5373000,1675000.0,5373000.0,0
1680000_5373000,1680000.0,5373000.0,0
1685000_5373000,1685000.0,5373000.0,0
1690000_5373000,1690000.0,5373000.0,0
1695000_5373000,1695000.0,5373000.0,0
1700000_5373000,1700000.0,5373000.0,0
1485000_5378000,1485000.0,5378000.0,0
1490000_5378000,1490000.0,5378000.0,0
1495000_5378000,1495000.0,5378000.0,0
1500000_5378000,1500000.0,5378000.0,0
1505000_5378000,1505000.0,5378000.0,0
1510000_5378000,1510000.0,5378000.0,0
1515000_5378000,1515000.0,5378000.0,0
1520000_5378000,1520000.0,5378000.0,0
1525000_5378000,1525000.0,5378000.0,0
1530000_5378000,1530000.0,5378000.0,0
1535000_5378000,1535000.0,5378000.0,0
1540000_5378000,1540000.0,5378000.0,0
1545000_5378000,1545000.0,5378000.0,0
1550000_5378000,1550000.0,5378000.0,0
1555000_5378000,1555000.0,5378000.0,0
1560000_5378000,1560000.0,5378000.0,0
1565000_5378000,1565000.0,5378000.0,0
1570000_5378000,1570000.0,5378000.0,0
1575000_5378000,1575000.0,5378000.0,0
1580000_5378000,1580000.0,5378000.0,0
1585000_5378000,1585000.0,5378000.0,0
1590000_5378000,1590000.0,5378000.0,0
1595000_5378000,1595000.0,5378000.0,0
1600000_5378000,1600000.0,5378000.0,0
1605000_5378000,1605000.0,5378000.0,0
1610000_5378000,1610000.0,5378000.0,0
1615000_5378000,1615000.0,5378000.0,0
1620000_5378000,1620000.0,5378000.0,0
1625000_5378000,1625000.0,5378000.0,0
1630000_5378000,1630000.0,5378000.0,0
1635000_5378000,1635000.0,5378000.0,0
1640000_5378000,1640000.0,5378000.0,0
1645000_5378000,1645000.0,5378000.0,0
1650000_5378000,1650000.0,5378000.0,0
1655000_5378000,1655000.0,5378000.0,0
1660000_5378000,1660000.0,5378000.0,0
1665000_5378000,1665000.0,5378000.0,0
1670000_5378000,1670000.0,5378000.0,0
1675000_5378000,1675000.0,5378000.0,0
1680000_5378000,1680000.0,5378000.0,0
1685000_5378000,1685000.0,5378000.0,0
1690000_5378000,1690000.0,5378000.0,0
1695000_5378000,1695000.0,5378000.0,0
1700000_5378000,1700000.0,5378000.0,0
1705000_5378000,1705000.0,5378000.0,0
1500000_5383000,1500000.0,5383000.0,0
1505000_5383000,1505000.0,5383000.0,0
1510000_5383000,1510000.0,5383000.0,0
1515000_5383000,1515000.0,5383000.0,0
1520000_5383000,1520000.0,5383000.0,0
1525000_5383000,1525000.0,5383000.0,0
1530000_5383000,1530000.0,5383000.0,0
1535000_5383000,1535000.0,5383000.0,0
1540000_5383000,1540000.0,5383000.0,0
1545000_5383000,1545000.0,5383000.0,0
1550000_5383000,1550000.0,5383000.0,0
1555000_5383000,1555000.0,5383000.0,0
1560000_5383000,1560000.0,5383000.0,0
1565000_5383000,1565000.0,5383000.0,0
1570000_5383000,1570000.0,5383000.0,0
1575000_5383000,1575000.0,5383000.0,0
1580000_5383000,1580000.0,5383000.0,0
1585000_5383000,1585000.0,5383000.0,0
1590000_5383000,1590000.0,5383000.0,0
1595000_5383000,1595000.0,5383000.0,0
1600000_5383000,1600000.0,5383000.0,0
1605000_5383000,1605000.0,5383000.0,0
1610000_5383000,1610000.0,5383000.0,0
1615000_5383000,1615000.0,5383000.0,0
1620000_5383000,1620000.0,5383000.0,0
1625000_5383000,1625000.0,5383000.0,0
1630000_5383000,1630000.0,5383000.0,0
1635000_5383000,1635000.0,5383000.0,0
1640000_5383000,1640000.0,5383000.0,0
1645000_5383000,1645000.0,5383000.0,0
1650000_5383000,1650000.0,5383000.0,0
1655000_5383000,1655000.0,5383000.0,0
1660000_5383000,1660000.0,5383000.0,0
1665000_5383000,1665000.0,5383000.0,0
1670000_5383000,1670000.0,5383000.0,0
1675000_5383000,1675000.0,5383000.0,0
1680000_5383000,1680000.0,5383000.0,0
1685000_5383000,1685000.0,5383000.0,0
1690000_5383000,1690000.0,5383000.0,0
1695000_5383000,1695000.0,5383000.0,0
1505000_5388000,1505000.0,5388000.0,0
1510000_5388000,1510000.0,5388000.0,0
1515000_5388000,1515000.0,5388000.0,0
1520000_5388000,1520000.0,5388000.0,0
1525000_5388000,1525000.0,5388000.0,0
1530000_5388000,1530000.0,5388000.0,0
1535000_5388000,1535000.0,5388000.0,0
1540000_5388000,1540000.0,5388000.0,0
1545000_5388000,1545000.0,5388000.0,0
1550000_5388000,1550000.0,5388000.0,0
1555000_5388000,1555000.0,5388000.0,0
1560000_5388000,1560000.0,5388000.0,0
1565000_5388000,1565000.0,5388000.0,0
1570000_5388000,1570000.0,5388000.0,0
1575000_5388000,1575000.0,5388000.0,0
1580000_5388000,1580000.0,5388000.0,0
1585000_5388000,1585000.0,5388000.0,0
1590000_5388000,1590000.0,5388000.0,0
1595000_5388000,1595000.0,5388000.0,0
1600000_5388000,1600000.0,5388000.0,0
1605000_5388000,1605000.0,5388000.0,0
1610000_5388000,1610000.0,5388000.0,0
1615000_5388000,1615000.0,5388000.0,0
1620000_5388000,1620000.0,5388000.0,0
1625000_5388000,1625000.0,5388000.0,0
1630000_5388000,1630000.0,5388000.0,0
1635000_5388000,1635000.0,5388000.0,0
1640000_5388000,1640000.0,5388000.0,0
1645000_5388000,1645000.0,5388000.0,0
1650000_5388000,1650000.0,5388000.0,0
1655000_5388000,1655000.0,5388000.0,0
1660000_5388000,1660000.0,5388000.0,0
1665000_5388000,1665000.0,5388000.0,0
1670000_5388000,1670000.0,5388000.0,0
1675000_5388000,1675000.0,5388000.0,0
1680000_5388000,1680000.0,5388000.0,0
1685000_5388000,1685000.0,5388000.0,0
1690000_5388000,1690000.0,5388000.0,0
1695000_5388000,1695000.0,5388000.0,0
1510000_5393000,1510000.0,5393000.0,0
1515000_5393000,1515000.0,5393000.0,0
1520000_5393000,1520000.0,5393000.0,0
1525000_5393000,1525000.0,5393000.0,0
1530000_5393000,1530000.0,5393000.0,0
1535000_5393000,1535000.0,5393000.0,0
1540000_5393000,1540000.0,5393000.0,0
1545000_5393000,1545000.0,5393000.0,0
1550000_5393000,1550000.0,5393000.0,0
1555000_5393000,1555000.0,5393000.0,0
1560000_5393000,1560000.0,5393000.0,0
1565000_5393000,1565000.0,5393000.0,0
1570000_5393000,1570000.0,5393000.0,0
1575000_5393000,1575000.0,5393000.0,0
1580000_5393000,1580000.0,5393000.0,0
1585000_5393000,1585000.0,5393000.0,0
1590000_5393000,1590000.0,5393000.0,0
1595000_5393000,1595000.0,5393000.0,0
1600000_5393000,1600000.0,5393000.0,0
1605000_5393000,1605000.0,5393000.0,0
1610000_5393000,1610000.0,5393000.0,0
1615000_5393000,1615000.0,5393000.0,0
1620000_5393000,1620000.0,5393000.0,0
1625000_5393000,1625000.0,5393000.0,0
1630000_5393000,1630000.0,5393000.0,0
1635000_5393000,1635000.0,5393000.0,0
1640000_5393000,1640000.0,5393000.0,0
1645000_5393000,1645000.0,5393000.0,0
1650000_5393000,1650000.0,5393000.0,0
1655000_5393000,1655000.0,5393000.0,0
1660000_5393000,1660000.0,5393000.0,0
1665000_5393000,1665000.0,5393000.0,0
1670000_5393000,1670000.0,5393000.0,0
1675000_5393000,1675000.0,5393000.0,0
1680000_5393000,1680000.0,5393000.0,0
1685000_5393000,1685000.0,5393000.0,0
1690000_5393000,1690000.0,5393000.0,0
1695000_5393000,1695000.0,5393000.0,0
1790000_5393000,1790000.0,5393000.0,0
1795000_5393000,1795000.0,5393000.0,0
1510000_5398000,1510000.0,5398000.0,0
1515000_5398000,1515000.0,5398000.0,0
1520000_5398000,1520000.0,5398000.0,0
1525000_5398000,1525000.0,5398000.0,0
1530000_5398000,1530000.0,5398000.0,0
1535000_5398000,1535000.0,5398000.0,0
1540000_5398000,1540000.0,5398000.0,0
1545000_5398000,1545000.0,5398000.0,0
1550000_5398000,1550000.0,5398000.0,0
1555000_5398000,1555000.0,5398000.0,0
1560000_5398000,1560000.0,5398000.0,0
1565000_5398000,1565000.0,5398000.0,0
1570000_5398000,1570000.0,5398000.0,0
1575000_5398000,1575000.0,5398000.0,0
1580000_5398000,1580000.0,5398000.0,0
1585000_5398000,1585000.0,5398000.0,0
1590000_5398000,1590000.0,5398000.0,0
1595000_5398000,1595000.0,5398000.0,0
1600000_5398000,1600000.0,5398000.0,0
1605000_5398000,1605000.0,5398000.0,0
1610000_5398000,1610000.0,5398000.0,0
1615000_5398000,1615000.0,5398000.0,0
1620000_5398000,1620000.0,5398000.0,0
1625000_5398000,1625000.0,5398000.0,0
1630000_5398000,1630000.0,5398000.0,0
1635000_5398000,1635000.0,5398000.0,0
1640000_5398000,1640000.0,5398000.0,0
1645000_5398000,1645000.0,5398000.0,0
1650000_5398000,1650000.0,5398000.0,0
1655000_5398000,1655000.0,5398000.0,0
1660000_5398000,1660000.0,5398000.0,0
1665000_5398000,1665000.0,5398000.0,0
1670000_5398000,1670000.0,5398000.0,0
1675000_5398000,1675000.0,5398000.0,0
1680000_5398000,1680000.0,5398000.0,0
1685000_5398000,1685000.0,5398000.0,0
1690000_5398000,1690000.0,5398000.0,0
1695000_5398000,1695000.0,5398000.0,0
1790000_5398000,1790000.0,5398000.0,0
1795000_5398000,1795000.0,5398000.0,0
1800000_5398000,1800000.0,5398000.0,0
1805000_5398000,1805000.0,5398000.0,0
1515000_5403000,1515000.0,5403000.0,0
1520000_5403000,1520000.0,5403000.0,0
1525000_5403000,1525000.0,5403000.0,0
1530000_5403000,1530000.0,5403000.0,0
1535000_5403000,1535000.0,5403000.0,0
1540000_5403000,1540000.0,5403000.0,0
1545000_5403000,1545000.0,5403000.0,0
1550000_5403000,1550000.0,5403000.0,0
1555000_5403000,1555000.0,5403000.0,0
1560000_5403000,1560000.0,5403000.0,0
1565000_5403000,1565000.0,5403000.0,0
1570000_5403000,1570000.0,5403000.0,0
1575000_5403000,1575000.0,5403000.0,0
1580000_5403000,1580000.0,5403000.0,0
1585000_5403000,1585000.0,5403000.0,0
1590000_5403000,1590000.0,5403000.0,0
1595000_5403000,1595000.0,5403000.0,0
1600000_5403000,1600000.0,5403000.0,0
1605000_5403000,1605000.0,5403000.0,0
1610000_5403000,1610000.0,5403000.0,0
1615000_5403000,1615000.0,5403000.0,0
1620000_5403000,1620000.0,5403000.0,0
1625000_5403000,1625000.0,5403000.0,0
1630000_5403000,1630000.0,5403000.0,0
1635000_5403000,1635000.0,5403000.0,0
1640000_5403000,1640000.0,5403000.0,0
1645000_5403000,1645000.0,5403000.0,0
1650000_5403000,1650000.0,5403000.0,0
1655000_5403000,1655000.0,5403000.0,0
1660000_5403000,1660000.0,5403000.0,0
1665000_5403000,1665000.0,5403000.0,0
1670000_5403000,1670000.0,5403000.0,0
1675000_5403000,1675000.0,5403000.0,0
1680000_5403000,1680000.0,5403000.0,0
1685000_5403000,1685000.0,5403000.0,0
1690000_5403000,1690000.0,5403000.0,0
1785000_5403000,1785000.0,5403000.0,0
1790000_5403000,1790000.0,5403000.0,0
1795000_5403000,1795000.0,5403000.0,0
1800000_5403000,1800000.0,5403000.0,0
1805000_5403000,1805000.0,5403000.0,0
1810000_5403000,1810000.0,5403000.0,0
1515000_5408000,1515000.0,5408000.0,0
1520000_5408000,1520000.0,5408000.0,0
1525000_5408000,1525000.0,5408000.0,0
1530000_5408000,1530000.0,5408000.0,0
1535000_5408000,1535000.0,5408000.0,0
1540000_5408000,1540000.0,5408000.0,0
1545000_5408000,1545000.0,5408000.0,0
1550000_5408000,1550000.0,5408000.0,0
1555000_5408000,1555000.0,5408000.0,0
1560000_5408000,1560000.0,5408000.0,0
1565000_5408000,1565000.0,5408000.0,0
1570000_5408000,1570000.0,5408000.0,0
1575000_5408000,1575000.0,5408000.0,0
1580000_5408000,1580000.0,5408000.0,0
1585000_5408000,1585000.0,5408000.0,0
1590000_5408000,1590000.0,5408000.0,0
1595000_5408000,1595000.0,5408000.0,0
1600000_5408000,1600000.0,5408000.0,0
1605000_5408000,1605000.0,5408000.0,0
1610000_5408000,1610000.0,5408000.0,0
1615000_5408000,1615000.0,5408000.0,0
1620000_5408000,1620000.0,5408000.0,0
1625000_5408000,1625000.0,5408000.0,0
1630000_5408000,1630000.0,5408000.0,0
1635000_5408000,1635000.0,5408000.0,0
1640000_5408000,1640000.0,5408000.0,0
1645000_5408000,1645000.0,5408000.0,0
1650000_5408000,1650000.0,5408000.0,0
1655000_5408000,1655000.0,5408000.0,0
1660000_5408000,1660000.0,5408000.0,0
1665000_5408000,1665000.0,5408000.0,0
1670000_5408000,1670000.0,5408000.0,0
1675000_5408000,1675000.0,5408000.0,0
1680000_5408000,1680000.0,5408000.0,0
1685000_5408000,1685000.0,5408000.0,0
1790000_5408000,1790000.0,5408000.0,0
1795000_5408000,1795000.0,5408000.0,0
1800000_5408000,1800000.0,5408000.0,0
1805000_5408000,1805000.0,5408000.0,0
1810000_5408000,1810000.0,5408000.0,0
1815000_5408000,1815000.0,5408000.0,0
1820000_5408000,1820000.0,5408000.0,0
1520000_5413000,1520000.0,5413000.0,0
1525000_5413000,1525000.0,5413000.0,0
1530000_5413000,1530000.0,5413000.0,0
1535000_5413000,1535000.0,5413000.0,0
1540000_5413000,1540000.0,5413000.0,0
1545000_5413000,1545000.0,5413000.0,0
1550000_5413000,1550000.0,5413000.0,0
1555000_5413000,1555000.0,5413000.0,0
1560000_5413000,1560000.0,5413000.0,0
1565000_5413000,1565000.0,5413000.0,0
1570000_5413000,1570000.0,5413000.0,0
1575000_5413000,1575000.0,5413000.0,0
1580000_5413000,1580000.0,5413000.0,0
1585000_5413000,1585000.0,5413000.0,0
1590000_5413000,1590000.0,5413000.0,0
1595000_5413000,1595000.0,5413000.0,0
1600000_5413000,1600000.0,5413000.0,0
1605000_5413000,1605000.0,5413000.0,0
1610000_5413000,1610000.0,5413000.0,0
1615000_5413000,1615000.0,5413000.0,0
1620000_5413000,1620000.0,5413000.0,0
1625000_5413000,1625000.0,5413000.0,0
1630000_5413000,1630000.0,5413000.0,0
1635000_5413000,1635000.0,5413000.0,0
1640000_5413000,1640000.0,5413000.0,0
1645000_5413000,1645000.0,5413000.0,0
1650000_5413000,1650000.0,5413000.0,0
1655000_5413000,1655000.0,5413000.0,0
1660000_5413000,1660000.0,5413000.0,0
1665000_5413000,1665000.0,5413000.0,0
1670000_5413000,1670000.0,5413000.0,0
1675000_5413000,1675000.0,5413000.0,0
1680000_5413000,1680000.0,5413000.0,0
1685000_5413000,1685000.0,5413000.0,0
1760000_5413000,1760000.0,5413000.0,0
1785000_5413000,1785000.0,5413000.0,0
1790000_5413000,1790000.0,5413000.0,0
1795000_5413000,1795000.0,5413000.0,0
1800000_5413000,1800000.0,5413000.0,0
1805000_5413000,1805000.0,5413000.0,0
1810000_5413000,1810000.0,5413000.0,0
1815000_5413000,1815000.0,5413000.0,0
1820000_5413000,1820000.0,5413000.0,0
1825000_5413000,1825000.0,5413000.0,0
1525000_5418000,1525000.0,5418000.0,0
1530000_5418000,1530000.0,5418000.0,0
1535000_5418000,1535000.0,5418000.0,0
1540000_5418000,1540000.0,5418000.0,0
1545000_5418000,1545000.0,5418000.0,0
1550000_5418000,1550000.0,5418000.0,0
1555000_5418000,1555000.0,5418000.0,0
1560000_5418000,1560000.0,5418000.0,0
1565000_5418000,1565000.0,5418000.0,0
1570000_5418000,1570000.0,5418000.0,0
1575000_5418000,1575000.0,5418000.0,0
1580000_5418000,1580000.0,5418000.0,0
1585000_5418000,1585000.0,5418000.0,0
1590000_5418000,1590000.0,5418000.0,0
1595000_5418000,1595000.0,5418000.0,0
1600000_5418000,1600000.0,5418000.0,0
1605000_5418000,1605000.0,5418000.0,0
1610000_5418000,1610000.0,5418000.0,0
1615000_5418000,1615000.0,5418000.0,0
1620000_5418000,1620000.0,5418000.0,0
1625000_5418000,1625000.0,5418000.0,0
1630000_5418000,1630000.0,5418000.0,0
1635000_5418000,1635000.0,5418000.0,0
1640000_5418000,1640000.0,5418000.0,0
1645000_5418000,1645000.0,5418000.0,0
1650000_5418000,1650000.0,5418000.0,0
1655000_5418000,1655000.0,5418000.0,0
1660000_5418000,1660000.0,5418000.0,0
1665000_5418000,1665000.0,5418000.0,0
1670000_5418000,1670000.0,5418000.0,0
1675000_5418000,1675000.0,5418000.0,0
1680000_5418000,1680000.0,5418000.0,0
1685000_5418000,1685000.0,5418000.0,0
1760000_5418000,1760000.0,5418000.0,0
1765000_5418000,1765000.0,5418000.0,0
1770000_5418000,1770000.0,5418000.0,0
1775000_5418000,1775000.0,5418000.0,0
1780000_5418000,1780000.0,5418000.0,0
1785000_5418000,1785000.0,5418000.0,0
1790000_5418000,1790000.0,5418000.0,0
1795000_5418000,1795000.0,5418000.0,0
1800000_5418000,1800000.0,5418000.0,0
1805000_5418000,1805000.0,5418000.0,0
1810000_5418000,1810000.0,5418000.0,0
1815000_5418000,1815000.0,5418000.0,0
1820000_5418000,1820000.0,5418000.0,0
1825000_5418000,1825000.0,5418000.0,0
1830000_5418000,1830000.0,5418000.0,0
1835000_5418000,1835000.0,5418000.0,0
1525000_5423000,1525000.0,5423000.0,0
1530000_5423000,1530000.0,5423000.0,0
1535000_5423000,1535000.0,5423000.0,0
1540000_5423000,1540000.0,5423000.0,0
1545000_5423000,1545000.0,5423000.0,0
1550000_5423000,1550000.0,5423000.0,0
1555000_5423000,1555000.0,5423000.0,0
1560000_5423000,1560000.0,5423000.0,0
1565000_5423000,1565000.0,5423000.0,0
1570000_5423000,1570000.0,5423000.0,0
1575000_5423000,1575000.0,5423000.0,0
1580000_5423000,1580000.0,5423000.0,0
1585000_5423000,1585000.0,5423000.0,0
1590000_5423000,1590000.0,5423000.0,0
1595000_5423000,1595000.0,5423000.0,0
1600000_5423000,1600000.0,5423000.0,0
1605000_5423000,1605000.0,5423000.0,0
1610000_5423000,1610000.0,5423000.0,0
1615000_5423000,1615000.0,5423000.0,0
1620000_5423000,1620000.0,5423000.0,0
1625000_5423000,1625000.0,5423000.0,0
1630000_5423000,1630000.0,5423000.0,0
1635000_5423000,1635000.0,5423000.0,0
1640000_5423000,1640000.0,5423000.0,0
1645000_5423000,1645000.0,5423000.0,0
1650000_5423000,1650000.0,5423000.0,0
1655000_5423000,1655000.0,5423000.0,0
1660000_5423000,1660000.0,5423000.0,0
1665000_5423000,1665000.0,5423000.0,0
1670000_5423000,1670000.0,5423000.0,0
1675000_5423000,1675000.0,5423000.0,0
1680000_5423000,1680000.0,5423000.0,0
1685000_5423000,1685000.0,5423000.0,0
1690000_5423000,1690000.0,5423000.0,0
1740000_5423000,1740000.0,5423000.0,0
1745000_5423000,1745000.0,5423000.0,0
1750000_5423000,1750000.0,5423000.0,0
1760000_5423000,1760000.0,5423000.0,0
1765000_5423000,1765000.0,5423000.0,0
1770000_5423000,1770000.0,5423000.0,0
1775000_5423000,1775000.0,5423000.0,0
1780000_5423000,1780000.0,5423000.0,0
1785000_5423000,1785000.0,5423000.0,0
1790000_5423000,1790000.0,5423000.0,0
1795000_5423000,1795000.0,5423000.0,0
1800000_5423000,1800000.0,5423000.0,0
1805000_5423000,1805000.0,5423000.0,0
1810000_5423000,1810000.0,5423000.0,0
1815000_5423000,1815000.0,5423000.0,0
1820000_5423000,1820000.0,5423000.0,0
1825000_5423000,1825000.0,5423000.0,0
1830000_5423000,1830000.0,5423000.0,0
1835000_5423000,1835000.0,5423000.0,0
1525000_5428000,1525000.0,5428000.0,0
1530000_5428000,1530000.0,5428000.0,0
1535000_5428000,1535000.0,5428000.0,0
1540000_5428000,1540000.0,5428000.0,0
1545000_5428000,1545000.0,5428000.0,0
1550000_5428000,1550000.0,5428000.0,0
1555000_5428000,1555000.0,5428000.0,0
1560000_5428000,1560000.0,5428000.0,0
1565000_5428000,1565000.0,5428000.0,0
1570000_5428000,1570000.0,5428000.0,0
1575000_5428000,1575000.0,5428000.0,0
1580000_5428000,1580000.0,5428000.0,0
1585000_5428000,1585000.0,5428000.0,0
1590000_5428000,1590000.0,5428000.0,0
1595000_5428000,1595000.0,5428000.0,0
1600000_5428000,1600000.0,5428000.0,0
1605000_5428000,1605000.0,5428000.0,0
1610000_5428000,1610000.0,5428000.0,0
1620000_5428000,1620000.0,5428000.0,0
1625000_5428000,1625000.0,5428000.0,0
1630000_5428000,1630000.0,5428000.0,0
1635000_5428000,1635000.0,5428000.0,0
1640000_5428000,1640000.0,5428000.0,0
1645000_5428000,1645000.0,5428000.0,0
1650000_5428000,1650000.0,5428000.0,0
1655000_5428000,1655000.0,5428000.0,0
1660000_5428000,1660000.0,5428000.0,0
1665000_5428000,1665000.0,5428000.0,0
1670000_5428000,1670000.0,5428000.0,0
1675000_5428000,1675000.0,5428000.0,0
1680000_5428000,1680000.0,5428000.0,0
1685000_5428000,1685000.0,5428000.0,0
1690000_5428000,1690000.0,5428000.0,0
1700000_5428000,1700000.0,5428000.0,0
1740000_5428000,1740000.0,5428000.0,0
1745000_5428000,1745000.0,5428000.0,0
1760000_5428000,1760000.0,5428000.0,0
1765000_5428000,1765000.0,5428000.0,0
1770000_5428000,1770000.0,5428000.0,0
1775000_5428000,1775000.0,5428000.0,0
1780000_5428000,1780000.0,5428000.0,0
1785000_5428000,1785000.0,5428000.0,0
1790000_5428000,1790000.0,5428000.0,0
1795000_5428000,1795000.0,5428000.0,0
1800000_5428000,1800000.0,5428000.0,0
1805000_5428000,1805000.0,5428000.0,0
1810000_5428000,1810000.0,5428000.0,0
1815000_5428000,1815000.0,5428000.0,0
1820000_5428000,1820000.0,5428000.0,0
1825000_5428000,1825000.0,5428000.0,0
1830000_5428000,1830000.0,5428000.0,0
1835000_5428000,1835000.0,5428000.0,0
1840000_5428000,1840000.0,5428000.0,0
1525000_5433000,1525000.0,5433000.0,0
1530000_5433000,1530000.0,5433000.0,0
1535000_5433000,1535000.0,5433000.0,0
1540000_5433000,1540000.0,5433000.0,0
1545000_5433000,1545000.0,5433000.0,0
1550000_5433000,1550000.0,5433000.0,0
1555000_5433000,1555000.0,5433000.0,0
1560000_5433000,1560000.0,5433000.0,0
1565000_5433000,1565000.0,5433000.0,0
1570000_5433000,1570000.0,5433000.0,0
1575000_5433000,1575000.0,5433000.0,0
1580000_5433000,1580000.0,5433000.0,0
1585000_5433000,1585000.0,5433000.0,0
1590000_5433000,1590000.0,5433000.0,0
1595000_5433000,1595000.0,5433000.0,0
1600000_5433000,1600000.0,5433000.0,0
1605000_5433000,1605000.0,5433000.0,0
1610000_5433000,1610000.0,5433000.0,0
1630000_5433000,1630000.0,5433000.0,0
1635000_5433000,1635000.0,5433000.0,0
1640000_5433000,1640000.0,5433000.0,0
1645000_5433000,1645000.0,5433000.0,0
1650000_5433000,1650000.0,5433000.0,0
1655000_5433000,1655000.0,5433000.0,0
1660000_5433000,1660000.0,5433000.0,0
1665000_5433000,1665000.0,5433000.0,0
1675000_5433000,1675000.0,5433000.0,0
1680000_5433000,1680000.0,5433000.0,0
1695000_5433000,1695000.0,5433000.0,0
1740000_5433000,1740000.0,5433000.0,0
1745000_5433000,1745000.0,5433000.0,0
1750000_5433000,1750000.0,5433000.0,0
1760000_5433000,1760000.0,5433000.0,0
1765000_5433000,1765000.0,5433000.0,0
1770000_5433000,1770000.0,5433000.0,0
1775000_5433000,1775000.0,5433000.0,0
1780000_5433000,1780000.0,5433000.0,0
1785000_5433000,1785000.0,5433000.0,0
1790000_5433000,1790000.0,5433000.0,0
1795000_5433000,1795000.0,5433000.0,0
1800000_5433000,1800000.0,5433000.0,0
1805000_5433000,1805000.0,5433000.0,0
1810000_5433000,1810000.0,5433000.0,0
1815000_5433000,1815000.0,5433000.0,0
1820000_5433000,1820000.0,5433000.0,0
1825000_5433000,1825000.0,5433000.0,0
1830000_5433000,1830000.0,5433000.0,0
1835000_5433000,1835000.0,5433000.0,0
1840000_5433000,1840000.0,5433000.0,0
1845000_5433000,1845000.0,5433000.0,0
1850000_5433000,1850000.0,5433000.0,0
1525000_5438000,1525000.0,5438000.0,0
1530000_5438000,1530000.0,5438000.0,0
1535000_5438000,1535000.0,5438000.0,0
1540000_5438000,1540000.0,5438000.0,0
1545000_5438000,1545000.0,5438000.0,0
1550000_5438000,1550000.0,5438000.0,0
1555000_5438000,1555000.0,5438000.0,0
1560000_5438000,1560000.0,5438000.0,0
1565000_5438000,1565000.0,5438000.0,0
1570000_5438000,1570000.0,5438000.0,0
1575000_5438000,1575000.0,5438000.0,0
1580000_5438000,1580000.0,5438000.0,0
1585000_5438000,1585000.0,5438000.0,0
1590000_5438000,1590000.0,5438000.0,0
1595000_5438000,1595000.0,5438000.0,0
1600000_5438000,1600000.0,5438000.0,0
1605000_5438000,1605000.0,5438000.0,0
1630000_5438000,1630000.0,5438000.0,0
1635000_5438000,1635000.0,5438000.0,0
1640000_5438000,1640000.0,5438000.0,0
1645000_5438000,1645000.0,5438000.0,0
1650000_5438000,1650000.0,5438000.0,0
1655000_5438000,1655000.0,5438000.0,0
1660000_5438000,1660000.0,5438000.0,0
1665000_5438000,1665000.0,5438000.0,0
1670000_5438000,1670000.0,5438000.0,0
1685000_5438000,1685000.0,5438000.0,0
1690000_5438000,1690000.0,5438000.0,0
1695000_5438000,1695000.0,5438000.0,0
1745000_5438000,1745000.0,5438000.0,0
1750000_5438000,1750000.0,5438000.0,0
1755000_5438000,1755000.0,5438000.0,0
1760000_5438000,1760000.0,5438000.0,0
1765000_5438000,1765000.0,5438000.0,0
1770000_5438000,1770000.0,5438000.0,0
1775000_5438000,1775000.0,5438000.0,0
1780000_5438000,1780000.0,5438000.0,0
1785000_5438000,1785000.0,5438000.0,0
1790000_5438000,1790000.0,5438000.0,0
1795000_5438000,1795000.0,5438000.0,0
1800000_5438000,1800000.0,5438000.0,0
1805000_5438000,1805000.0,5438000.0,0
1810000_5438000,1810000.0,5438000.0,0
1815000_5438000,1815000.0,5438000.0,0
1820000_5438000,1820000.0,5438000.0,0
1825000_5438000,1825000.0,5438000.0,0
1830000_5438000,1830000.0,5438000.0,0
1835000_5438000,1835000.0,5438000.0,0
1840000_5438000,1840000.0,5438000.0,0
1845000_5438000,1845000.0,5438000.0,0
1850000_5438000,1850000.0,5438000.0,0
1525000_5443000,1525000.0,5443000.0,0
1530000_5443000,1530000.0,5443000.0,0
1535000_5443000,1535000.0,5443000.0,0
1540000_5443000,1540000.0,5443000.0,0
1545000_5443000,1545000.0,5443000.0,0
1550000_5443000,1550000.0,5443000.0,0
1555000_5443000,1555000.0,5443000.0,0
1560000_5443000,1560000.0,5443000.0,0
1565000_5443000,1565000.0,5443000.0,0
1570000_5443000,1570000.0,5443000.0,0
1575000_5443000,1575000.0,5443000.0,0
1580000_5443000,1580000.0,5443000.0,0
1585000_5443000,1585000.0,5443000.0,0
1590000_5443000,1590000.0,5443000.0,0
1595000_5443000,1595000.0,5443000.0,0
1600000_5443000,1600000.0,5443000.0,0
1640000_5443000,1640000.0,5443000.0,0
1645000_5443000,1645000.0,5443000.0,0
1650000_5443000,1650000.0,5443000.0,0
1655000_5443000,1655000.0,5443000.0,0
1660000_5443000,1660000.0,5443000.0,0
1665000_5443000,1665000.0,5443000.0,0
1670000_5443000,1670000.0,5443000.0,0
1675000_5443000,1675000.0,5443000.0,0
1680000_5443000,1680000.0,5443000.0,0
1685000_5443000,1685000.0,5443000.0,0
1690000_5443000,1690000.0,5443000.0,0
1695000_5443000,1695000.0,5443000.0,0
1700000_5443000,1700000.0,5443000.0,0
1715000_5443000,1715000.0,5443000.0,0
1750000_5443000,1750000.0,5443000.0,0
1755000_5443000,1755000.0,5443000.0,0
1760000_5443000,1760000.0,5443000.0,0
1765000_5443000,1765000.0,5443000.0,0
1770000_5443000,1770000.0,5443000.0,0
1775000_5443000,1775000.0,5443000.0,0
1780000_5443000,1780000.0,5443000.0,0
1785000_5443000,1785000.0,5443000.0,0
1790000_5443000,1790000.0,5443000.0,0
1795000_5443000,1795000.0,5443000.0,0
1800000_5443000,1800000.0,5443000.0,0
1805000_5443000,1805000.0,5443000.0,0
1810000_5443000,1810000.0,5443000.0,0
1815000_5443000,1815000.0,5443000.0,0
1820000_5443000,1820000.0,5443000.0,0
1825000_5443000,1825000.0,5443000.0,0
1830000_5443000,1830000.0,5443000.0,0
1835000_5443000,1835000.0,5443000.0,0
1840000_5443000,1840000.0,5443000.0,0
1845000_5443000,1845000.0,5443000.0,0
1850000_5443000,1850000.0,5443000.0,0
1855000_5443000,1855000.0,5443000.0,0
1525000_5448000,1525000.0,5448000.0,0
1530000_5448000,1530000.0,5448000.0,0
1535000_5448000,1535000.0,5448000.0,0
1540000_5448000,1540000.0,5448000.0,0
1545000_5448000,1545000.0,5448000.0,0
1550000_5448000,1550000.0,5448000.0,0
1555000_5448000,1555000.0,5448000.0,0
1560000_5448000,1560000.0,5448000.0,0
1565000_5448000,1565000.0,5448000.0,0
1570000_5448000,1570000.0,5448000.0,0
1575000_5448000,1575000.0,5448000.0,0
1580000_5448000,1580000.0,5448000.0,0
1585000_5448000,1585000.0,5448000.0,0
1590000_5448000,1590000.0,5448000.0,0
1595000_5448000,1595000.0,5448000.0,0
1600000_5448000,1600000.0,5448000.0,0
1645000_5448000,1645000.0,5448000.0,0
1650000_5448000,1650000.0,5448000.0,0
1655000_5448000,1655000.0,5448000.0,0
1660000_5448000,1660000.0,5448000.0,0
1665000_5448000,1665000.0,5448000.0,0
1670000_5448000,1670000.0,5448000.0,0
1680000_5448000,1680000.0,5448000.0,0
1685000_5448000,1685000.0,5448000.0,0
1690000_5448000,1690000.0,5448000.0,0
1695000_5448000,1695000.0,5448000.0,0
1700000_5448000,1700000.0,5448000.0,0
1715000_5448000,1715000.0,5448000.0,0
1755000_5448000,1755000.0,5448000.0,0
1765000_5448000,1765000.0,5448000.0,0
1770000_5448000,1770000.0,5448000.0,0
1775000_5448000,1775000.0,5448000.0,0
1780000_5448000,1780000.0,5448000.0,0
1785000_5448000,1785000.0,5448000.0,0
1790000_5448000,1790000.0,5448000.0,0
1795000_5448000,1795000.0,5448000.0,0
1800000_5448000,1800000.0,5448000.0,0
1805000_5448000,1805000.0,5448000.0,0
1810000_5448000,1810000.0,5448000.0,0
1815000_5448000,1815000.0,5448000.0,0
1820000_5448000,1820000.0,5448000.0,0
1825000_5448000,1825000.0,5448000.0,0
1830000_5448000,1830000.0,5448000.0,0
1835000_5448000,1835000.0,5448000.0,0
1840000_5448000,1840000.0,5448000.0,0
1845000_5448000,1845000.0,5448000.0,0
1850000_5448000,1850000.0,5448000.0,0
1855000_5448000,1855000.0,5448000.0,0
1525000_5453000,1525000.0,5453000.0,0
1530000_5453000,1530000.0,5453000.0,0
1535000_5453000,1535000.0,5453000.0,0
1540000_5453000,1540000.0,5453000.0,0
1545000_5453000,1545000.0,5453000.0,0
1550000_5453000,1550000.0,5453000.0,0
1555000_5453000,1555000.0,5453000.0,0
1560000_5453000,1560000.0,5453000.0,0
1565000_5453000,1565000.0,5453000.0,0
1570000_5453000,1570000.0,5453000.0,0
1575000_5453000,1575000.0,5453000.0,0
1580000_5453000,1580000.0,5453000.0,0
1585000_5453000,1585000.0,5453000.0,0
1590000_5453000,1590000.0,5453000.0,0
1595000_5453000,1595000.0,5453000.0,0
1600000_5453000,1600000.0,5453000.0,0
1650000_5453000,1650000.0,5453000.0,0
1660000_5453000,1660000.0,5453000.0,0
1665000_5453000,1665000.0,5453000.0,0
1670000_5453000,1670000.0,5453000.0,0
1675000_5453000,1675000.0,5453000.0,0
1690000_5453000,1690000.0,5453000.0,0
1695000_5453000,1695000.0,5453000.0,0
1700000_5453000,1700000.0,5453000.0,0
1705000_5453000,1705000.0,5453000.0,0
1755000_5453000,1755000.0,5453000.0,0
1760000_5453000,1760000.0,5453000.0,0
1765000_5453000,1765000.0,5453000.0,0
1770000_5453000,1770000.0,5453000.0,0
1775000_5453000,1775000.0,5453000.0,0
1780000_5453000,1780000.0,5453000.0,0
1785000_5453000,1785000.0,5453000.0,0
1790000_5453000,1790000.0,5453000.0,0
1795000_5453000,1795000.0,5453000.0,0
1800000_5453000,1800000.0,5453000.0,0
1805000_5453000,1805000.0,5453000.0,0
1810000_5453000,1810000.0,5453000.0,0
1815000_5453000,1815000.0,5453000.0,0
1820000_5453000,1820000.0,5453000.0,0
1825000_5453000,1825000.0,5453000.0,0
1830000_5453000,1830000.0,5453000.0,0
1835000_5453000,1835000.0,5453000.0,0
1840000_5453000,1840000.0,5453000.0,0
1845000_5453000,1845000.0,5453000.0,0
1850000_5453000,1850000.0,5453000.0,0
1855000_5453000,1855000.0,5453000.0,0
1860000_5453000,1860000.0,5453000.0,0
1530000_5458000,1530000.0,5458000.0,0
1535000_5458000,1535000.0,5458000.0,0
1540000_5458000,1540000.0,5458000.0,0
1545000_5458000,1545000.0,5458000.0,0
1550000_5458000,1550000.0,5458000.0,0
1555000_5458000,1555000.0,5458000.0,0
1560000_5458000,1560000.0,5458000.0,0
1565000_5458000,1565000.0,5458000.0,0
1570000_5458000,1570000.0,5458000.0,0
1575000_5458000,1575000.0,5458000.0,0
1580000_5458000,1580000.0,5458000.0,0
1585000_5458000,1585000.0,5458000.0,0
1590000_5458000,1590000.0,5458000.0,0
1595000_5458000,1595000.0,5458000.0,0
1600000_5458000,1600000.0,5458000.0,0
1660000_5458000,1660000.0,5458000.0,0
1665000_5458000,1665000.0,5458000.0,0
1675000_5458000,1675000.0,5458000.0,0
1680000_5458000,1680000.0,5458000.0,0
1690000_5458000,1690000.0,5458000.0,0
1695000_5458000,1695000.0,5458000.0,0
1700000_5458000,1700000.0,5458000.0,0
1765000_5458000,1765000.0,5458000.0,0
1770000_5458000,1770000.0,5458000.0,0
1775000_5458000,1775000.0,5458000.0,0
1780000_5458000,1780000.0,5458000.0,0
1785000_5458000,1785000.0,5458000.0,0
1790000_5458000,1790000.0,5458000.0,0
1795000_5458000,1795000.0,5458000.0,0
1800000_5458000,1800000.0,5458000.0,0
1805000_5458000,1805000.0,5458000.0,0
1810000_5458000,1810000.0,5458000.0,0
1815000_5458000,1815000.0,5458000.0,0
1820000_5458000,1820000.0,5458000.0,0
1825000_5458000,1825000.0,5458000.0,0
1830000_5458000,1830000.0,5458000.0,0
1835000_5458000,1835000.0,5458000.0,0
1840000_5458000,1840000.0,5458000.0,0
1845000_5458000,1845000.0,5458000.0,0
1850000_5458000,1850000.0,5458000.0,0
1855000_5458000,1855000.0,5458000.0,0
1860000_5458000,1860000.0,5458000.0,0
1525000_5463000,1525000.0,5463000.0,0
1530000_5463000,1530000.0,5463000.0,0
1535000_5463000,1535000.0,5463000.0,0
1540000_5463000,1540000.0,5463000.0,0
1545000_5463000,1545000.0,5463000.0,0
1550000_5463000,1550000.0,5463000.0,0
1555000_5463000,1555000.0,5463000.0,0
1560000_5463000,1560000.0,5463000.0,0
1565000_5463000,1565000.0,5463000.0,0
1570000_5463000,1570000.0,5463000.0,0
1575000_5463000,1575000.0,5463000.0,0
1580000_5463000,1580000.0,5463000.0,0
1585000_5463000,1585000.0,5463000.0,0
1590000_5463000,1590000.0,5463000.0,0
1595000_5463000,1595000.0,5463000.0,0
1600000_5463000,1600000.0,5463000.0,0
1605000_5463000,1605000.0,5463000.0,0
1670000_5463000,1670000.0,5463000.0,0
1675000_5463000,1675000.0,5463000.0,0
1685000_5463000,1685000.0,5463000.0,0
1690000_5463000,1690000.0,5463000.0,0
1770000_5463000,1770000.0,5463000.0,0
1775000_5463000,1775000.0,5463000.0,0
1780000_5463000,1780000.0,5463000.0,0
1785000_5463000,1785000.0,5463000.0,0
1790000_5463000,1790000.0,5463000.0,0
1795000_5463000,1795000.0,5463000.0,0
1800000_5463000,1800000.0,5463000.0,0
1805000_5463000,1805000.0,5463000.0,0
1810000_5463000,1810000.0,5463000.0,0
1815000_5463000,1815000.0,5463000.0,0
1820000_5463000,1820000.0,5463000.0,0
1825000_5463000,1825000.0,5463000.0,0
1830000_5463000,1830000.0,5463000.0,0
1835000_5463000,1835000.0,5463000.0,0
1840000_5463000,1840000.0,5463000.0,0
1845000_5463000,1845000.0,5463000.0,0
1850000_5463000,1850000.0,5463000.0,0
1855000_5463000,1855000.0,5463000.0,0
1860000_5463000,1860000.0,5463000.0,0
1865000_5463000,1865000.0,5463000.0,0
1525000_5468000,1525000.0,5468000.0,0
1530000_5468000,1530000.0,5468000.0,0
1535000_5468000,1535000.0,5468000.0,0
1540000_5468000,1540000.0,5468000.0,0
1545000_5468000,1545000.0,5468000.0,0
1550000_5468000,1550000.0,5468000.0,0
1555000_5468000,1555000.0,5468000.0,0
1560000_5468000,1560000.0,5468000.0,0
1565000_5468000,1565000.0,5468000.0,0
1570000_5468000,1570000.0,5468000.0,0
1575000_5468000,1575000.0,5468000.0,0
1580000_5468000,1580000.0,5468000.0,0
1585000_5468000,1585000.0,5468000.0,0
1590000_5468000,1590000.0,5468000.0,0
1595000_5468000,1595000.0,5468000.0,0
1600000_5468000,1600000.0,5468000.0,0
1680000_5468000,1680000.0,5468000.0,0
1685000_5468000,1685000.0,5468000.0,0
1770000_5468000,1770000.0,5468000.0,0
1775000_5468000,1775000.0,5468000.0,0
1780000_5468000,1780000.0,5468000.0,0
1785000_5468000,1785000.0,5468000.0,0
1790000_5468000,1790000.0,5468000.0,0
1795000_5468000,1795000.0,5468000.0,0
1800000_5468000,1800000.0,5468000.0,0
1805000_5468000,1805000.0,5468000.0,0
1810000_5468000,1810000.0,5468000.0,0
1815000_5468000,1815000.0,5468000.0,0
1820000_5468000,1820000.0,5468000.0,0
1825000_5468000,1825000.0,5468000.0,0
1830000_5468000,1830000.0,5468000.0,0
1835000_5468000,1835000.0,5468000.0,0
1840000_5468000,1840000.0,5468000.0,0
1845000_5468000,1845000.0,5468000.0,0
1850000_5468000,1850000.0,5468000.0,0
1855000_5468000,1855000.0,5468000.0,0
1860000_5468000,1860000.0,5468000.0,0
1865000_5468000,1865000.0,5468000.0,0
1870000_5468000,1870000.0,5468000.0,0
1525000_5473000,1525000.0,5473000.0,0
1530000_5473000,1530000.0,5473000.0,0
1535000_5473000,1535000.0,5473000.0,0
1540000_5473000,1540000.0,5473000.0,0
1545000_5473000,1545000.0,5473000.0,0
1550000_5473000,1550000.0,5473000.0,0
1555000_5473000,1555000.0,5473000.0,0
1560000_5473000,1560000.0,5473000.0,0
1565000_5473000,1565000.0,5473000.0,0
1570000_5473000,1570000.0,5473000.0,0
1575000_5473000,1575000.0,5473000.0,0
1580000_5473000,1580000.0,5473000.0,0
1585000_5473000,1585000.0,5473000.0,0
1590000_5473000,1590000.0,5473000.0,0
1595000_5473000,1595000.0,5473000.0,0
1600000_5473000,1600000.0,5473000.0,0
1670000_5473000,1670000.0,5473000.0,0
1760000_5473000,1760000.0,5473000.0,0
1770000_5473000,1770000.0,5473000.0,0
1775000_5473000,1775000.0,5473000.0,0
1780000_5473000,1780000.0,5473000.0,0
1785000_5473000,1785000.0,5473000.0,0
1790000_5473000,1790000.0,5473000.0,0
1795000_5473000,1795000.0,5473000.0,0
1800000_5473000,1800000.0,5473000.0,0
1805000_5473000,1805000.0,5473000.0,0
1810000_5473000,1810000.0,5473000.0,0
1815000_5473000,1815000.0,5473000.0,0
1820000_5473000,1820000.0,5473000.0,0
1825000_5473000,1825000.0,5473000.0,0
1830000_5473000,1830000.0,5473000.0,0
1835000_5473000,1835000.0,5473000.0,0
1840000_5473000,1840000.0,5473000.0,0
1845000_5473000,1845000.0,5473000.0,0
1850000_5473000,1850000.0,5473000.0,0
1855000_5473000,1855000.0,5473000.0,0
1860000_5473000,1860000.0,5473000.0,0
1865000_5473000,1865000.0,5473000.0,0
1870000_5473000,1870000.0,5473000.0,0
1530000_5478000,1530000.0,5478000.0,0
1535000_5478000,1535000.0,5478000.0,0
1540000_5478000,1540000.0,5478000.0,0
1545000_5478000,1545000.0,5478000.0,0
1550000_5478000,1550000.0,5478000.0,0
1555000_5478000,1555000.0,5478000.0,0
1560000_5478000,1560000.0,5478000.0,0
1565000_5478000,1565000.0,5478000.0,0
1570000_5478000,1570000.0,5478000.0,0
1575000_5478000,1575000.0,5478000.0,0
1580000_5478000,1580000.0,5478000.0,0
1585000_5478000,1585000.0,5478000.0,0
1590000_5478000,1590000.0,5478000.0,0
1595000_5478000,1595000.0,5478000.0,0
1600000_5478000,1600000.0,5478000.0,0
1670000_5478000,1670000.0,5478000.0,0
1675000_5478000,1675000.0,5478000.0,0
1775000_5478000,1775000.0,5478000.0,0
1780000_5478000,1780000.0,5478000.0,0
1785000_5478000,1785000.0,5478000.0,0
1790000_5478000,1790000.0,5478000.0,0
1795000_5478000,1795000.0,5478000.0,0
1800000_5478000,1800000.0,5478000.0,0
1805000_5478000,1805000.0,5478000.0,0
1810000_5478000,1810000.0,5478000.0,0
1815000_5478000,1815000.0,5478000.0,0
1820000_5478000,1820000.0,5478000.0,0
1825000_5478000,1825000.0,5478000.0,0
1830000_5478000,1830000.0,5478000.0,0
1835000_5478000,1835000.0,5478000.0,0
1840000_5478000,1840000.0,5478000.0,0
1845000_5478000,1845000.0,5478000.0,0
1850000_5478000,1850000.0,5478000.0,0
1855000_5478000,1855000.0,5478000.0,0
1860000_5478000,1860000.0,5478000.0,0
1865000_5478000,1865000.0,5478000.0,0
1870000_5478000,1870000.0,5478000.0,0
1875000_5478000,1875000.0,5478000.0,0
1535000_5483000,1535000.0,5483000.0,0
1540000_5483000,1540000.0,5483000.0,0
1545000_5483000,1545000.0,5483000.0,0
1550000_5483000,1550000.0,5483000.0,0
1555000_5483000,1555000.0,5483000.0,0
1560000_5483000,1560000.0,5483000.0,0
1565000_5483000,1565000.0,5483000.0,0
1570000_5483000,1570000.0,5483000.0,0
1575000_5483000,1575000.0,5483000.0,0
1580000_5483000,1580000.0,5483000.0,0
1600000_5483000,1600000.0,5483000.0,0
1670000_5483000,1670000.0,5483000.0,0
1675000_5483000,1675000.0,5483000.0,0
1780000_5483000,1780000.0,5483000.0,0
1785000_5483000,1785000.0,5483000.0,0
1790000_5483000,1790000.0,5483000.0,0
1795000_5483000,1795000.0,5483000.0,0
1800000_5483000,1800000.0,5483000.0,0
1805000_5483000,1805000.0,5483000.0,0
1810000_5483000,1810000.0,5483000.0,0
1815000_5483000,1815000.0,5483000.0,0
1820000_5483000,1820000.0,5483000.0,0
1825000_5483000,1825000.0,5483000.0,0
1830000_5483000,1830000.0,5483000.0,0
1835000_5483000,1835000.0,5483000.0,0
1840000_5483000,1840000.0,5483000.0,0
1845000_5483000,1845000.0,5483000.0,0
1850000_5483000,1850000.0,5483000.0,0
1855000_5483000,1855000.0,5483000.0,0
1860000_5483000,1860000.0,5483000.0,0
1865000_5483000,1865000.0,5483000.0,0
1870000_5483000,1870000.0,5483000.0,0
1875000_5483000,1875000.0,5483000.0,0
1545000_5488000,1545000.0,5488000.0,0
1550000_5488000,1550000.0,5488000.0,0
1555000_5488000,1555000.0,5488000.0,0
1560000_5488000,1560000.0,5488000.0,0
1565000_5488000,1565000.0,5488000.0,0
1570000_5488000,1570000.0,5488000.0,0
1575000_5488000,1575000.0,5488000.0,0
1680000_5488000,1680000.0,5488000.0,0
1780000_5488000,1780000.0,5488000.0,0
1785000_5488000,1785000.0,5488000.0,0
1790000_5488000,1790000.0,5488000.0,0
1795000_5488000,1795000.0,5488000.0,0
1800000_5488000,1800000.0,5488000.0,0
1805000_5488000,1805000.0,5488000.0,0
1810000_5488000,1810000.0,5488000.0,0
1815000_5488000,1815000.0,5488000.0,0
1820000_5488000,1820000.0,5488000.0,0
1825000_5488000,1825000.0,5488000.0,0
1830000_5488000,1830000.0,5488000.0,0
1835000_5488000,1835000.0,5488000.0,0
1840000_5488000,1840000.0,5488000.0,0
1845000_5488000,1845000.0,5488000.0,0
1850000_5488000,1850000.0,5488000.0,0
1855000_5488000,1855000.0,5488000.0,0
1860000_5488000,1860000.0,5488000.0,0
1865000_5488000,1865000.0,5488000.0,0
1870000_5488000,1870000.0,5488000.0,0
1875000_5488000,1875000.0,5488000.0,0
1880000_5488000,1880000.0,5488000.0,0
1545000_5493000,1545000.0,5493000.0,0
1550000_5493000,1550000.0,5493000.0,0
1555000_5493000,1555000.0,5493000.0,0
1560000_5493000,1560000.0,5493000.0,0
1565000_5493000,1565000.0,5493000.0,0
1570000_5493000,1570000.0,5493000.0,0
1785000_5493000,1785000.0,5493000.0,0
1790000_5493000,1790000.0,5493000.0,0
1795000_5493000,1795000.0,5493000.0,0
1800000_5493000,1800000.0,5493000.0,0
1805000_5493000,1805000.0,5493000.0,0
1810000_5493000,1810000.0,5493000.0,0
1815000_5493000,1815000.0,5493000.0,0
1820000_5493000,1820000.0,5493000.0,0
1825000_5493000,1825000.0,5493000.0,0
1830000_5493000,1830000.0,5493000.0,0
1835000_5493000,1835000.0,5493000.0,0
1840000_5493000,1840000.0,5493000.0,0
1845000_5493000,1845000.0,5493000.0,0
1850000_5493000,1850000.0,5493000.0,0
1855000_5493000,1855000.0,5493000.0,0
1860000_5493000,1860000.0,5493000.0,0
1865000_5493000,1865000.0,5493000.0,0
1870000_5493000,1870000.0,5493000.0,0
1875000_5493000,1875000.0,5493000.0,0
1880000_5493000,1880000.0,5493000.0,0
1885000_5493000,1885000.0,5493000.0,0
1550000_5498000,1550000.0,5498000.0,0
1555000_5498000,1555000.0,5498000.0,0
1560000_5498000,1560000.0,5498000.0,0
1565000_5498000,1565000.0,5498000.0,0
1570000_5498000,1570000.0,5498000.0,0
1785000_5498000,1785000.0,5498000.0,0
1790000_5498000,1790000.0,5498000.0,0
1795000_5498000,1795000.0,5498000.0,0
1800000_5498000,1800000.0,5498000.0,0
1805000_5498000,1805000.0,5498000.0,0
1810000_5498000,1810000.0,5498000.0,0
1815000_5498000,1815000.0,5498000.0,0
1820000_5498000,1820000.0,5498000.0,0
1825000_5498000,1825000.0,5498000.0,0
1830000_5498000,1830000.0,5498000.0,0
1835000_5498000,1835000.0,5498000.0,0
1840000_5498000,1840000.0,5498000.0,0
1845000_5498000,1845000.0,5498000.0,0
1850000_5498000,1850000.0,5498000.0,0
1855000_5498000,1855000.0,5498000.0,0
1860000_5498000,1860000.0,5498000.0,0
1865000_5498000,1865000.0,5498000.0,0
1870000_5498000,1870000.0,5498000.0,0
1875000_5498000,1875000.0,5498000.0,0
1880000_5498000,1880000.0,5498000.0,0
1885000_5498000,1885000.0,5498000.0,0
1555000_5503000,1555000.0,5503000.0,0
1560000_5503000,1560000.0,5503000.0,0
1565000_5503000,1565000.0,5503000.0,0
1570000_5503000,1570000.0,5503000.0,0
1785000_5503000,1785000.0,5503000.0,0
1790000_5503000,1790000.0,5503000.0,0
1795000_5503000,1795000.0,5503000.0,0
1800000_5503000,1800000.0,5503000.0,0
1805000_5503000,1805000.0,5503000.0,0
1810000_5503000,1810000.0,5503000.0,0
1815000_5503000,1815000.0,5503000.0,0
1820000_5503000,1820000.0,5503000.0,0
1825000_5503000,1825000.0,5503000.0,0
1830000_5503000,1830000.0,5503000.0,0
1835000_5503000,1835000.0,5503000.0,0
1840000_5503000,1840000.0,5503000.0,0
1845000_5503000,1845000.0,5503000.0,0
1850000_5503000,1850000.0,5503000.0,0
1855000_5503000,1855000.0,5503000.0,0
1860000_5503000,1860000.0,5503000.0,0
1865000_5503000,1865000.0,5503000.0,0
1870000_5503000,1870000.0,5503000.0,0
1875000_5503000,1875000.0,5503000.0,0
1880000_5503000,1880000.0,5503000.0,0
1885000_5503000,1885000.0,5503000.0,0
1890000_5503000,1890000.0,5503000.0,0
1570000_5508000,1570000.0,5508000.0,0
1790000_5508000,1790000.0,5508000.0,0
1795000_5508000,1795000.0,5508000.0,0
1800000_5508000,1800000.0,5508000.0,0
1805000_5508000,1805000.0,5508000.0,0
1810000_5508000,1810000.0,5508000.0,0
1815000_5508000,1815000.0,5508000.0,0
1820000_5508000,1820000.0,5508000.0,0
1825000_5508000,1825000.0,5508000.0,0
1830000_5508000,1830000.0,5508000.0,0
1835000_5508000,1835000.0,5508000.0,0
1840000_5508000,1840000.0,5508000.0,0
1845000_5508000,1845000.0,5508000.0,0
1850000_5508000,1850000.0,5508000.0,0
1855000_5508000,1855000.0,5508000.0,0
1860000_5508000,1860000.0,5508000.0,0
1865000_5508000,1865000.0,5508000.0,0
1870000_5508000,1870000.0,5508000.0,0
1875000_5508000,1875000.0,5508000.0,0
1880000_5508000,1880000.0,5508000.0,0
1885000_5508000,1885000.0,5508000.0,0
1890000_5508000,1890000.0,5508000.0,0
1895000_5508000,1895000.0,5508000.0,0
1570000_5513000,1570000.0,5513000.0,0
1575000_5513000,1575000.0,5513000.0,0
1790000_5513000,1790000.0,5513000.0,0
1795000_5513000,1795000.0,5513000.0,0
1800000_5513000,1800000.0,5513000.0,0
1805000_5513000,1805000.0,5513000.0,0
1810000_5513000,1810000.0,5513000.0,0
1815000_5513000,1815000.0,5513000.0,0
1820000_5513000,1820000.0,5513000.0,0
1825000_5513000,1825000.0,5513000.0,0
1830000_5513000,1830000.0,5513000.0,0
1835000_5513000,1835000.0,5513000.0,0
1840000_5513000,1840000.0,5513000.0,0
1845000_5513000,1845000.0,5513000.0,0
1850000_5513000,1850000.0,5513000.0,0
1855000_5513000,1855000.0,5513000.0,0
1860000_5513000,1860000.0,5513000.0,0
1865000_5513000,1865000.0,5513000.0,0
1870000_5513000,1870000.0,5513000.0,0
1875000_5513000,1875000.0,5513000.0,0
1880000_5513000,1880000.0,5513000.0,0
1885000_5513000,1885000.0,5513000.0,0
1890000_5513000,1890000.0,5513000.0,0
1895000_5513000,1895000.0,5513000.0,0
1900000_5513000,1900000.0,5513000.0,0
1905000_5513000,1905000.0,5513000.0,0
1790000_5518000,1790000.0,5518000.0,0
1795000_5518000,1795000.0,5518000.0,0
1800000_5518000,1800000.0,5518000.0,0
1805000_5518000,1805000.0,5518000.0,0
1810000_5518000,1810000.0,5518000.0,0
1815000_5518000,1815000.0,5518000.0,0
1820000_5518000,1820000.0,5518000.0,0
1825000_5518000,1825000.0,5518000.0,0
1830000_5518000,1830000.0,5518000.0,0
1835000_5518000,1835000.0,5518000.0,0
1840000_5518000,1840000.0,5518000.0,0
1845000_5518000,1845000.0,5518000.0,0
1850000_5518000,1850000.0,5518000.0,0
1855000_5518000,1855000.0,5518000.0,0
1860000_5518000,1860000.0,5518000.0,0
1865000_5518000,1865000.0,5518000.0,0
1870000_5518000,1870000.0,5518000.0,0
1875000_5518000,1875000.0,5518000.0,0
1880000_5518000,1880000.0,5518000.0,0
1885000_5518000,1885000.0,5518000.0,0
1890000_5518000,1890000.0,5518000.0,0
1895000_5518000,1895000.0,5518000.0,0
1900000_5518000,1900000.0,5518000.0,0
1905000_5518000,1905000.0,5518000.0,0
1790000_5523000,1790000.0,5523000.0,0
1795000_5523000,1795000.0,5523000.0,0
1800000_5523000,1800000.0,5523000.0,0
1805000_5523000,1805000.0,5523000.0,0
1810000_5523000,1810000.0,5523000.0,0
1815000_5523000,1815000.0,5523000.0,0
1820000_5523000,1820000.0,5523000.0,0
1825000_5523000,1825000.0,5523000.0,0
1830000_5523000,1830000.0,5523000.0,0
1835000_5523000,1835000.0,5523000.0,0
1840000_5523000,1840000.0,5523000.0,0
1845000_5523000,1845000.0,5523000.0,0
1850000_5523000,1850000.0,5523000.0,0
1855000_5523000,1855000.0,5523000.0,0
1860000_5523000,1860000.0,5523000.0,0
1865000_5523000,1865000.0,5523000.0,0
1870000_5523000,1870000.0,5523000.0,0
1875000_5523000,1875000.0,5523000.0,0
1880000_5523000,1880000.0,5523000.0,0
1885000_5523000,1885000.0,5523000.0,0
1890000_5523000,1890000.0,5523000.0,0
1895000_5523000,1895000.0,5523000.0,0
1900000_5523000,1900000.0,5523000.0,0
1905000_5523000,1905000.0,5523000.0,0
1790000_5528000,1790000.0,5528000.0,0
1795000_5528000,1795000.0,5528000.0,0
1800000_5528000,1800000.0,5528000.0,0
1805000_5528000,1805000.0,5528000.0,0
1810000_5528000,1810000.0,5528000.0,0
1815000_5528000,1815000.0,5528000.0,0
1820000_5528000,1820000.0,5528000.0,0
1825000_5528000,1825000.0,5528000.0,0
1830000_5528000,1830000.0,5528000.0,0
1835000_5528000,1835000.0,5528000.0,0
1840000_5528000,1840000.0,5528000.0,0
1845000_5528000,1845000.0,5528000.0,0
1850000_5528000,1850000.0,5528000.0,0
1855000_5528000,1855000.0,5528000.0,0
1860000_5528000,1860000.0,5528000.0,0
1865000_5528000,1865000.0,5528000.0,0
1870000_5528000,1870000.0,5528000.0,0
1875000_5528000,1875000.0,5528000.0,0
1880000_5528000,1880000.0,5528000.0,0
1885000_5528000,1885000.0,5528000.0,0
1890000_5528000,1890000.0,5528000.0,0
1895000_5528000,1895000.0,5528000.0,0
1900000_5528000,1900000.0,5528000.0,0
1905000_5528000,1905000.0,5528000.0,0
1910000_5528000,1910000.0,5528000.0,0
1790000_5533000,1790000.0,5533000.0,0
1795000_5533000,1795000.0,5533000.0,0
1800000_5533000,1800000.0,5533000.0,0
1805000_5533000,1805000.0,5533000.0,0
1810000_5533000,1810000.0,5533000.0,0
1815000_5533000,1815000.0,5533000.0,0
1820000_5533000,1820000.0,5533000.0,0
1825000_5533000,1825000.0,5533000.0,0
1830000_5533000,1830000.0,5533000.0,0
1835000_5533000,1835000.0,5533000.0,0
1840000_5533000,1840000.0,5533000.0,0
1845000_5533000,1845000.0,5533000.0,0
1850000_5533000,1850000.0,5533000.0,0
1855000_5533000,1855000.0,5533000.0,0
1860000_5533000,1860000.0,5533000.0,0
1865000_5533000,1865000.0,5533000.0,0
1870000_5533000,1870000.0,5533000.0,0
1875000_5533000,1875000.0,5533000.0,0
1880000_5533000,1880000.0,5533000.0,0
1885000_5533000,1885000.0,5533000.0,0
1890000_5533000,1890000.0,5533000.0,0
1895000_5533000,1895000.0,5533000.0,0
1900000_5533000,1900000.0,5533000.0,0
1905000_5533000,1905000.0,5533000.0,0
1910000_5533000,1910000.0,5533000.0,0
1790000_5538000,1790000.0,5538000.0,0
1795000_5538000,1795000.0,5538000.0,0
1800000_5538000,1800000.0,5538000.0,0
1805000_5538000,1805000.0,5538000.0,0
1810000_5538000,1810000.0,5538000.0,0
1815000_5538000,1815000.0,5538000.0,0
1820000_5538000,1820000.0,5538000.0,0
1825000_5538000,1825000.0,5538000.0,0
1830000_5538000,1830000.0,5538000.0,0
1835000_5538000,1835000.0,5538000.0,0
1840000_5538000,1840000.0,5538000.0,0
1845000_5538000,1845000.0,5538000.0,0
1850000_5538000,1850000.0,5538000.0,0
1855000_5538000,1855000.0,5538000.0,0
1860000_5538000,1860000.0,5538000.0,0
1865000_5538000,1865000.0,5538000.0,0
1870000_5538000,1870000.0,5538000.0,0
1875000_5538000,1875000.0,5538000.0,0
1880000_5538000,1880000.0,5538000.0,0
1885000_5538000,1885000.0,5538000.0,0
1890000_5538000,1890000.0,5538000.0,0
1895000_5538000,1895000.0,5538000.0,0
1900000_5538000,1900000.0,5538000.0,0
1905000_5538000,1905000.0,5538000.0,0
1910000_5538000,1910000.0,5538000.0,0
1915000_5538000,1915000.0,5538000.0,0
1790000_5543000,1790000.0,5543000.0,0
1795000_5543000,1795000.0,5543000.0,0
1800000_5543000,1800000.0,5543000.0,0
1805000_5543000,1805000.0,5543000.0,0
1810000_5543000,1810000.0,5543000.0,0
1815000_5543000,1815000.0,5543000.0,0
1820000_5543000,1820000.0,5543000.0,0
1825000_5543000,1825000.0,5543000.0,0
1830000_5543000,1830000.0,5543000.0,0
1835000_5543000,1835000.0,5543000.0,0
1840000_5543000,1840000.0,5543000.0,0
1845000_5543000,1845000.0,5543000.0,0
1850000_5543000,1850000.0,5543000.0,0
1855000_5543000,1855000.0,5543000.0,0
1860000_5543000,1860000.0,5543000.0,0
1865000_5543000,1865000.0,5543000.0,0
1870000_5543000,1870000.0,5543000.0,0
1875000_5543000,1875000.0,5543000.0,0
1880000_5543000,1880000.0,5543000.0,0
1885000_5543000,1885000.0,5543000.0,0
1890000_5543000,1890000.0,5543000.0,0
1895000_5543000,1895000.0,5543000.0,0
1900000_5543000,1900000.0,5543000.0,0
1905000_5543000,1905000.0,5543000.0,0
1910000_5543000,1910000.0,5543000.0,0
1915000_5543000,1915000.0,5543000.0,0
1920000_5543000,1920000.0,5543000.0,0
1790000_5548000,1790000.0,5548000.0,0
1795000_5548000,1795000.0,5548000.0,0
1800000_5548000,1800000.0,5548000.0,0
1805000_5548000,1805000.0,5548000.0,0
1810000_5548000,1810000.0,5548000.0,0
1815000_5548000,1815000.0,5548000.0,0
1820000_5548000,1820000.0,5548000.0,0
1825000_5548000,1825000.0,5548000.0,0
1830000_5548000,1830000.0,5548000.0,0
1835000_5548000,1835000.0,5548000.0,0
1840000_5548000,1840000.0,5548000.0,0
1845000_5548000,1845000.0,5548000.0,0
1850000_5548000,1850000.0,5548000.0,0
1855000_5548000,1855000.0,5548000.0,0
1860000_5548000,1860000.0,5548000.0,0
1865000_5548000,1865000.0,5548000.0,0
1870000_5548000,1870000.0,5548000.0,0
1875000_5548000,1875000.0,5548000.0,0
1880000_5548000,1880000.0,5548000.0,0
1885000_5548000,1885000.0,5548000.0,0
1890000_5548000,1890000.0,5548000.0,0
1895000_5548000,1895000.0,5548000.0,0
1900000_5548000,1900000.0,5548000.0,0
1905000_5548000,1905000.0,5548000.0,0
1910000_5548000,1910000.0,5548000.0,0
1915000_5548000,1915000.0,5548000.0,0
1920000_5548000,1920000.0,5548000.0,0
1925000_5548000,1925000.0,5548000.0,0
1790000_5553000,1790000.0,5553000.0,0
1795000_5553000,1795000.0,5553000.0,0
1800000_5553000,1800000.0,5553000.0,0
1805000_5553000,1805000.0,5553000.0,0
1810000_5553000,1810000.0,5553000.0,0
1815000_5553000,1815000.0,5553000.0,0
1820000_5553000,1820000.0,5553000.0,0
1825000_5553000,1825000.0,5553000.0,0
1830000_5553000,1830000.0,5553000.0,0
1835000_5553000,1835000.0,5553000.0,0
1840000_5553000,1840000.0,5553000.0,0
1845000_5553000,1845000.0,5553000.0,0
1850000_5553000,1850000.0,5553000.0,0
1855000_5553000,1855000.0,5553000.0,0
1860000_5553000,1860000.0,5553000.0,0
1865000_5553000,1865000.0,5553000.0,0
1870000_5553000,1870000.0,5553000.0,0
1875000_5553000,1875000.0,5553000.0,0
1880000_5553000,1880000.0,5553000.0,0
1885000_5553000,1885000.0,5553000.0,0
1890000_5553000,1890000.0,5553000.0,0
1895000_5553000,1895000.0,5553000.0,0
1900000_5553000,1900000.0,5553000.0,0
1905000_5553000,1905000.0,5553000.0,0
1910000_5553000,1910000.0,5553000.0,0
1915000_5553000,1915000.0,5553000.0,0
1920000_5553000,1920000.0,5553000.0,0
1925000_5553000,1925000.0,5553000.0,0
1785000_5558000,1785000.0,5558000.0,0
1790000_5558000,1790000.0,5558000.0,0
1795000_5558000,1795000.0,5558000.0,0
1800000_5558000,1800000.0,5558000.0,0
1805000_5558000,1805000.0,5558000.0,0
1810000_5558000,1810000.0,5558000.0,0
1815000_5558000,1815000.0,5558000.0,0
1820000_5558000,1820000.0,5558000.0,0
1825000_5558000,1825000.0,5558000.0,0
1830000_5558000,1830000.0,5558000.0,0
1835000_5558000,1835000.0,5558000.0,0
1840000_5558000,1840000.0,5558000.0,0
1845000_5558000,1845000.0,5558000.0,0
1850000_5558000,1850000.0,5558000.0,0
1855000_5558000,1855000.0,5558000.0,0
1860000_5558000,1860000.0,5558000.0,0
1865000_5558000,1865000.0,5558000.0,0
1870000_5558000,1870000.0,5558000.0,0
1875000_5558000,1875000.0,5558000.0,0
1880000_5558000,1880000.0,5558000.0,0
1885000_5558000,1885000.0,5558000.0,0
1890000_5558000,1890000.0,5558000.0,0
1895000_5558000,1895000.0,5558000.0,0
1900000_5558000,1900000.0,5558000.0,0
1905000_5558000,1905000.0,5558000.0,0
1910000_5558000,1910000.0,5558000.0,0
1915000_5558000,1915000.0,5558000.0,0
1920000_5558000,1920000.0,5558000.0,0
1925000_5558000,1925000.0,5558000.0,0
1930000_5558000,1930000.0,5558000.0,0
1785000_5563000,1785000.0,5563000.0,0
1790000_5563000,1790000.0,5563000.0,0
1795000_5563000,1795000.0,5563000.0,0
1800000_5563000,1800000.0,5563000.0,0
1805000_5563000,1805000.0,5563000.0,0
1810000_5563000,1810000.0,5563000.0,0
1815000_5563000,1815000.0,5563000.0,0
1820000_5563000,1820000.0,5563000.0,0
1825000_5563000,1825000.0,5563000.0,0
1830000_5563000,1830000.0,5563000.0,0
1835000_5563000,1835000.0,5563000.0,0
1840000_5563000,1840000.0,5563000.0,0
1845000_5563000,1845000.0,5563000.0,0
1850000_5563000,1850000.0,5563000.0,0
1855000_5563000,1855000.0,5563000.0,0
1860000_5563000,1860000.0,5563000.0,0
1865000_5563000,1865000.0,5563000.0,0
1870000_5563000,1870000.0,5563000.0,0
1875000_5563000,1875000.0,5563000.0,0
1880000_5563000,1880000.0,5563000.0,0
1885000_5563000,1885000.0,5563000.0,0
1890000_5563000,1890000.0,5563000.0,0
1895000_5563000,1895000.0,5563000.0,0
1900000_5563000,1900000.0,5563000.0,0
1905000_5563000,1905000.0,5563000.0,0
1910000_5563000,1910000.0,5563000.0,0
1915000_5563000,1915000.0,5563000.0,0
1920000_5563000,1920000.0,5563000.0,0
1925000_5563000,1925000.0,5563000.0,0
1930000_5563000,1930000.0,5563000.0,0
1780000_5568000,1780000.0,5568000.0,0
1785000_5568000,1785000.0,5568000.0,0
1790000_5568000,1790000.0,5568000.0,0
1795000_5568000,1795000.0,5568000.0,0
1800000_5568000,1800000.0,5568000.0,0
1805000_5568000,1805000.0,5568000.0,0
1810000_5568000,1810000.0,5568000.0,0
1815000_5568000,1815000.0,5568000.0,0
1820000_5568000,1820000.0,5568000.0,0
1825000_5568000,1825000.0,5568000.0,0
1830000_5568000,1830000.0,5568000.0,0
1835000_5568000,1835000.0,5568000.0,0
1840000_5568000,1840000.0,5568000.0,0
1845000_5568000,1845000.0,5568000.0,0
1850000_5568000,1850000.0,5568000.0,0
1855000_5568000,1855000.0,5568000.0,0
1860000_5568000,1860000.0,5568000.0,0
1865000_5568000,1865000.0,5568000.0,0
1870000_5568000,1870000.0,5568000.0,0
1875000_5568000,1875000.0,5568000.0,0
1880000_5568000,1880000.0,5568000.0,0
1885000_5568000,1885000.0,5568000.0,0
1890000_5568000,1890000.0,5568000.0,0
1895000_5568000,1895000.0,5568000.0,0
1900000_5568000,1900000.0,5568000.0,0
1905000_5568000,1905000.0,5568000.0,0
1910000_5568000,1910000.0,5568000.0,0
1915000_5568000,1915000.0,5568000.0,0
1920000_5568000,1920000.0,5568000.0,0
1925000_5568000,1925000.0,5568000.0,0
1930000_5568000,1930000.0,5568000.0,0
1775000_5573000,1775000.0,5573000.0,0
1780000_5573000,1780000.0,5573000.0,0
1785000_5573000,1785000.0,5573000.0,0
1790000_5573000,1790000.0,5573000.0,0
1795000_5573000,1795000.0,5573000.0,0
1800000_5573000,1800000.0,5573000.0,0
1805000_5573000,1805000.0,5573000.0,0
1810000_5573000,1810000.0,5573000.0,0
1815000_5573000,1815000.0,5573000.0,0
1820000_5573000,1820000.0,5573000.0,0
1825000_5573000,1825000.0,5573000.0,0
1830000_5573000,1830000.0,5573000.0,0
1835000_5573000,1835000.0,5573000.0,0
1840000_5573000,1840000.0,5573000.0,0
1845000_5573000,1845000.0,5573000.0,0
1850000_5573000,1850000.0,5573000.0,0
1855000_5573000,1855000.0,5573000.0,0
1860000_5573000,1860000.0,5573000.0,0
1865000_5573000,1865000.0,5573000.0,0
1870000_5573000,1870000.0,5573000.0,0
1875000_5573000,1875000.0,5573000.0,0
1880000_5573000,1880000.0,5573000.0,0
1885000_5573000,1885000.0,5573000.0,0
1890000_5573000,1890000.0,5573000.0,0
1895000_5573000,1895000.0,5573000.0,0
1900000_5573000,1900000.0,5573000.0,0
1905000_5573000,1905000.0,5573000.0,0
1910000_5573000,1910000.0,5573000.0,0
1915000_5573000,1915000.0,5573000.0,0
1920000_5573000,1920000.0,5573000.0,0
1925000_5573000,1925000.0,5573000.0,0
1930000_5573000,1930000.0,5573000.0,0
1935000_5573000,1935000.0,5573000.0,0
1770000_5578000,1770000.0,5578000.0,0
1775000_5578000,1775000.0,5578000.0,0
1780000_5578000,1780000.0,5578000.0,0
1785000_5578000,1785000.0,5578000.0,0
1790000_5578000,1790000.0,5578000.0,0
1795000_5578000,1795000.0,5578000.0,0
1800000_5578000,1800000.0,5578000.0,0
1805000_5578000,1805000.0,5578000.0,0
1810000_5578000,1810000.0,5578000.0,0
1815000_5578000,1815000.0,5578000.0,0
1820000_5578000,1820000.0,5578000.0,0
1825000_5578000,1825000.0,5578000.0,0
1830000_5578000,1830000.0,5578000.0,0
1835000_5578000,1835000.0,5578000.0,0
1840000_5578000,1840000.0,5578000.0,0
1845000_5578000,1845000.0,5578000.0,0
1850000_5578000,1850000.0,5578000.0,0
1855000_5578000,1855000.0,5578000.0,0
1860000_5578000,1860000.0,5578000.0,0
1865000_5578000,1865000.0,5578000.0,0
1870000_5578000,1870000.0,5578000.0,0
1875000_5578000,1875000.0,5578000.0,0
1880000_5578000,1880000.0,5578000.0,0
1885000_5578000,1885000.0,5578000.0,0
1890000_5578000,1890000.0,5578000.0,0
1895000_5578000,1895000.0,5578000.0,0
1900000_5578000,1900000.0,5578000.0,0
1905000_5578000,1905000.0,5578000.0,0
1910000_5578000,1910000.0,5578000.0,0
1915000_5578000,1915000.0,5578000.0,0
1920000_5578000,1920000.0,5578000.0,0
1925000_5578000,1925000.0,5578000.0,0
1930000_5578000,1930000.0,5578000.0,0
1935000_5578000,1935000.0,5578000.0,0
1765000_5583000,1765000.0,5583000.0,0
1770000_5583000,1770000.0,5583000.0,0
1775000_5583000,1775000.0,5583000.0,0
1780000_5583000,1780000.0,5583000.0,0
1785000_5583000,1785000.0,5583000.0,0
1790000_5583000,1790000.0,5583000.0,0
1795000_5583000,1795000.0,5583000.0,0
1800000_5583000,1800000.0,5583000.0,0
1805000_5583000,1805000.0,5583000.0,0
1810000_5583000,1810000.0,5583000.0,0
1815000_5583000,1815000.0,5583000.0,0
1820000_5583000,1820000.0,5583000.0,0
1825000_5583000,1825000.0,5583000.0,0
1830000_5583000,1830000.0,5583000.0,0
1835000_5583000,1835000.0,5583000.0,0
1840000_5583000,1840000.0,5583000.0,0
1845000_5583000,1845000.0,5583000.0,0
1850000_5583000,1850000.0,5583000.0,0
1855000_5583000,1855000.0,5583000.0,0
1860000_5583000,1860000.0,5583000.0,0
1865000_5583000,1865000.0,5583000.0,0
1870000_5583000,1870000.0,5583000.0,0
1875000_5583000,1875000.0,5583000.0,0
1880000_5583000,1880000.0,5583000.0,0
1885000_5583000,1885000.0,5583000.0,0
1890000_5583000,1890000.0,5583000.0,0
1895000_5583000,1895000.0,5583000.0,0
1900000_5583000,1900000.0,5583000.0,0
1905000_5583000,1905000.0,5583000.0,0
1910000_5583000,1910000.0,5583000.0,0
1915000_5583000,1915000.0,5583000.0,0
1920000_5583000,1920000.0,5583000.0,0
1925000_5583000,1925000.0,5583000.0,0
1930000_5583000,1930000.0,5583000.0,0
1935000_5583000,1935000.0,5583000.0,0
1940000_5583000,1940000.0,5583000.0,0
1745000_5588000,1745000.0,5588000.0,0
1750000_5588000,1750000.0,5588000.0,0
1755000_5588000,1755000.0,5588000.0,0
1760000_5588000,1760000.0,5588000.0,0
1765000_5588000,1765000.0,5588000.0,0
1770000_5588000,1770000.0,5588000.0,0
1775000_5588000,1775000.0,5588000.0,0
1780000_5588000,1780000.0,5588000.0,0
1785000_5588000,1785000.0,5588000.0,0
1790000_5588000,1790000.0,5588000.0,0
1795000_5588000,1795000.0,5588000.0,0
1800000_5588000,1800000.0,5588000.0,0
1805000_5588000,1805000.0,5588000.0,0
1810000_5588000,1810000.0,5588000.0,0
1815000_5588000,1815000.0,5588000.0,0
1820000_5588000,1820000.0,5588000.0,0
1825000_5588000,1825000.0,5588000.0,0
1830000_5588000,1830000.0,5588000.0,0
1835000_5588000,1835000.0,5588000.0,0
1840000_5588000,1840000.0,5588000.0,0
1845000_5588000,1845000.0,5588000.0,0
1850000_5588000,1850000.0,5588000.0,0
1855000_5588000,1855000.0,5588000.0,0
1860000_5588000,1860000.0,5588000.0,0
1865000_5588000,1865000.0,5588000.0,0
1870000_5588000,1870000.0,5588000.0,0
1875000_5588000,1875000.0,5588000.0,0
1880000_5588000,1880000.0,5588000.0,0
1885000_5588000,1885000.0,5588000.0,0
1890000_5588000,1890000.0,5588000.0,0
1895000_5588000,1895000.0,5588000.0,0
1900000_5588000,1900000.0,5588000.0,0
1905000_5588000,1905000.0,5588000.0,0
1910000_5588000,1910000.0,5588000.0,0
1915000_5588000,1915000.0,5588000.0,0
1920000_5588000,1920000.0,5588000.0,0
1925000_5588000,1925000.0,5588000.0,0
1930000_5588000,1930000.0,5588000.0,0
1935000_5588000,1935000.0,5588000.0,0
1940000_5588000,1940000.0,5588000.0,0
1735000_5593000,1735000.0,5593000.0,0
1740000_5593000,1740000.0,5593000.0,0
1745000_5593000,1745000.0,5593000.0,0
1750000_5593000,1750000.0,5593000.0,0
1755000_5593000,1755000.0,5593000.0,0
1760000_5593000,1760000.0,5593000.0,0
1765000_5593000,1765000.0,5593000.0,0
1770000_5593000,1770000.0,5593000.0,0
1775000_5593000,1775000.0,5593000.0,0
1780000_5593000,1780000.0,5593000.0,0
1785000_5593000,1785000.0,5593000.0,0
1790000_5593000,1790000.0,5593000.0,0
1795000_5593000,1795000.0,5593000.0,0
1800000_5593000,1800000.0,5593000.0,0
1805000_5593000,1805000.0,5593000.0,0
1810000_5593000,1810000.0,5593000.0,0
1815000_5593000,1815000.0,5593000.0,0
1820000_5593000,1820000.0,5593000.0,0
1825000_5593000,1825000.0,5593000.0,0
1830000_5593000,1830000.0,5593000.0,0
1835000_5593000,1835000.0,5593000.0,0
1840000_5593000,1840000.0,5593000.0,0
1845000_5593000,1845000.0,5593000.0,0
1850000_5593000,1850000.0,5593000.0,0
1855000_5593000,1855000.0,5593000.0,0
1860000_5593000,1860000.0,5593000.0,0
1865000_5593000,1865000.0,5593000.0,0
1870000_5593000,1870000.0,5593000.0,0
1875000_5593000,1875000.0,5593000.0,0
1880000_5593000,1880000.0,5593000.0,0
1885000_5593000,1885000.0,5593000.0,0
1890000_5593000,1890000.0,5593000.0,0
1895000_5593000,1895000.0,5593000.0,0
1900000_5593000,1900000.0,5593000.0,0
1905000_5593000,1905000.0,5593000.0,0
1910000_5593000,1910000.0,5593000.0,0
1915000_5593000,1915000.0,5593000.0,0
1920000_5593000,1920000.0,5593000.0,0
1925000_5593000,1925000.0,5593000.0,0
1930000_5593000,1930000.0,5593000.0,0
1935000_5593000,1935000.0,5593000.0,0
1940000_5593000,1940000.0,5593000.0,0
1725000_5598000,1725000.0,5598000.0,0
1730000_5598000,1730000.0,5598000.0,0
1735000_5598000,1735000.0,5598000.0,0
1740000_5598000,1740000.0,5598000.0,0
1745000_5598000,1745000.0,5598000.0,0
1750000_5598000,1750000.0,5598000.0,0
1755000_5598000,1755000.0,5598000.0,0
1760000_5598000,1760000.0,5598000.0,0
1765000_5598000,1765000.0,5598000.0,0
1770000_5598000,1770000.0,5598000.0,0
1775000_5598000,1775000.0,5598000.0,0
1780000_5598000,1780000.0,5598000.0,0
1785000_5598000,1785000.0,5598000.0,0
1790000_5598000,1790000.0,5598000.0,0
1795000_5598000,1795000.0,5598000.0,0
1800000_5598000,1800000.0,5598000.0,0
1805000_5598000,1805000.0,5598000.0,0
1810000_5598000,1810000.0,5598000.0,0
1815000_5598000,1815000.0,5598000.0,0
1820000_5598000,1820000.0,5598000.0,0
1825000_5598000,1825000.0,5598000.0,0
1830000_5598000,1830000.0,5598000.0,0
1835000_5598000,1835000.0,5598000.0,0
1840000_5598000,1840000.0,5598000.0,0
1845000_5598000,1845000.0,5598000.0,0
1850000_5598000,1850000.0,5598000.0,0
1855000_5598000,1855000.0,5598000.0,0
1860000_5598000,1860000.0,5598000.0,0
1865000_5598000,1865000.0,5598000.0,0
1870000_5598000,1870000.0,5598000.0,0
1875000_5598000,1875000.0,5598000.0,0
1880000_5598000,1880000.0,5598000.0,0
1885000_5598000,1885000.0,5598000.0,0
1890000_5598000,1890000.0,5598000.0,0
1895000_5598000,1895000.0,5598000.0,0
1900000_5598000,1900000.0,5598000.0,0
1905000_5598000,1905000.0,5598000.0,0
1910000_5598000,1910000.0,5598000.0,0
1915000_5598000,1915000.0,5598000.0,0
1920000_5598000,1920000.0,5598000.0,0
1925000_5598000,1925000.0,5598000.0,0
1930000_5598000,1930000.0,5598000.0,0
1935000_5598000,1935000.0,5598000.0,0
1940000_5598000,1940000.0,5598000.0,0
1945000_5598000,1945000.0,5598000.0,0
1725000_5603000,1725000.0,5603000.0,0
1730000_5603000,1730000.0,5603000.0,0
1735000_5603000,1735000.0,5603000.0,0
1740000_5603000,1740000.0,5603000.0,0
1745000_5603000,1745000.0,5603000.0,0
1750000_5603000,1750000.0,5603000.0,0
1755000_5603000,1755000.0,5603000.0,0
1760000_5603000,1760000.0,5603000.0,0
1765000_5603000,1765000.0,5603000.0,0
1770000_5603000,1770000.0,5603000.0,0
1775000_5603000,1775000.0,5603000.0,0
1780000_5603000,1780000.0,5603000.0,0
1785000_5603000,1785000.0,5603000.0,0
1790000_5603000,1790000.0,5603000.0,0
1795000_5603000,1795000.0,5603000.0,0
1800000_5603000,1800000.0,5603000.0,0
1805000_5603000,1805000.0,5603000.0,0
1810000_5603000,1810000.0,5603000.0,0
1815000_5603000,1815000.0,5603000.0,0
1820000_5603000,1820000.0,5603000.0,0
1825000_5603000,1825000.0,5603000.0,0
1830000_5603000,1830000.0,5603000.0,0
1835000_5603000,1835000.0,5603000.0,0
1840000_5603000,1840000.0,5603000.0,0
1845000_5603000,1845000.0,5603000.0,0
1850000_5603000,1850000.0,5603000.0,0
1855000_5603000,1855000.0,5603000.0,0
1860000_5603000,1860000.0,5603000.0,0
1865000_5603000,1865000.0,5603000.0,0
1870000_5603000,1870000.0,5603000.0,0
1875000_5603000,1875000.0,5603000.0,0
1880000_5603000,1880000.0,5603000.0,0
1885000_5603000,1885000.0,5603000.0,0
1890000_5603000,1890000.0,5603000.0,0
1895000_5603000,1895000.0,5603000.0,0
1900000_5603000,1900000.0,5603000.0,0
1905000_5603000,1905000.0,5603000.0,0
1910000_5603000,1910000.0,5603000.0,0
1915000_5603000,1915000.0,5603000.0,0
1920000_5603000,1920000.0,5603000.0,0
1925000_5603000,1925000.0,5603000.0,0
1930000_5603000,1930000.0,5603000.0,0
1935000_5603000,1935000.0,5603000.0,0
1940000_5603000,1940000.0,5603000.0,0
1945000_5603000,1945000.0,5603000.0,0
1950000_5603000,1950000.0,5603000.0,0
1720000_5608000,1720000.0,5608000.0,0
1725000_5608000,1725000.0,5608000.0,0
1730000_5608000,1730000.0,5608000.0,0
1735000_5608000,1735000.0,5608000.0,0
1740000_5608000,1740000.0,5608000.0,0
1745000_5608000,1745000.0,5608000.0,0
1750000_5608000,1750000.0,5608000.0,0
1755000_5608000,1755000.0,5608000.0,0
1760000_5608000,1760000.0,5608000.0,0
1765000_5608000,1765000.0,5608000.0,0
1770000_5608000,1770000.0,5608000.0,0
1775000_5608000,1775000.0,5608000.0,0
1780000_5608000,1780000.0,5608000.0,0
1785000_5608000,1785000.0,5608000.0,0
1790000_5608000,1790000.0,5608000.0,0
1795000_5608000,1795000.0,5608000.0,0
1800000_5608000,1800000.0,5608000.0,0
1805000_5608000,1805000.0,5608000.0,0
1810000_5608000,1810000.0,5608000.0,0
1815000_5608000,1815000.0,5608000.0,0
1820000_5608000,1820000.0,5608000.0,0
1825000_5608000,1825000.0,5608000.0,0
1830000_5608000,1830000.0,5608000.0,0
1835000_5608000,1835000.0,5608000.0,0
1840000_5608000,1840000.0,5608000.0,0
1845000_5608000,1845000.0,5608000.0,0
1850000_5608000,1850000.0,5608000.0,0
1855000_5608000,1855000.0,5608000.0,0
1860000_5608000,1860000.0,5608000.0,0
1865000_5608000,1865000.0,5608000.0,0
1870000_5608000,1870000.0,5608000.0,0
1875000_5608000,1875000.0,5608000.0,0
1880000_5608000,1880000.0,5608000.0,0
1885000_5608000,1885000.0,5608000.0,0
1890000_5608000,1890000.0,5608000.0,0
1895000_5608000,1895000.0,5608000.0,0
1900000_5608000,1900000.0,5608000.0,0
1905000_5608000,1905000.0,5608000.0,0
1910000_5608000,1910000.0,5608000.0,0
1915000_5608000,1915000.0,5608000.0,0
1920000_5608000,1920000.0,5608000.0,0
1925000_5608000,1925000.0,5608000.0,0
1930000_5608000,1930000.0,5608000.0,0
1935000_5608000,1935000.0,5608000.0,0
1715000_5613000,1715000.0,5613000.0,0
1720000_5613000,1720000.0,5613000.0,0
1725000_5613000,1725000.0,5613000.0,0
1730000_5613000,1730000.0,5613000.0,0
1735000_5613000,1735000.0,5613000.0,0
1740000_5613000,1740000.0,5613000.0,0
1745000_5613000,1745000.0,5613000.0,0
1750000_5613000,1750000.0,5613000.0,0
1755000_5613000,1755000.0,5613000.0,0
1760000_5613000,1760000.0,5613000.0,0
1765000_5613000,1765000.0,5613000.0,0
1770000_5613000,1770000.0,5613000.0,0
1775000_5613000,1775000.0,5613000.0,0
1780000_5613000,1780000.0,5613000.0,0
1785000_5613000,1785000.0,5613000.0,0
1790000_5613000,1790000.0,5613000.0,0
1795000_5613000,1795000.0,5613000.0,0
1800000_5613000,1800000.0,5613000.0,0
1805000_5613000,1805000.0,5613000.0,0
1810000_5613000,1810000.0,5613000.0,0
1815000_5613000,1815000.0,5613000.0,0
1820000_5613000,1820000.0,5613000.0,0
1825000_5613000,1825000.0,5613000.0,0
1830000_5613000,1830000.0,5613000.0,0
1835000_5613000,1835000.0,5613000.0,0
1840000_5613000,1840000.0,5613000.0,0
1845000_5613000,1845000.0,5613000.0,0
1850000_5613000,1850000.0,5613000.0,0
1855000_5613000,1855000.0,5613000.0,0
1860000_5613000,1860000.0,5613000.0,0
1865000_5613000,1865000.0,5613000.0,0
1870000_5613000,1870000.0,5613000.0,0
1875000_5613000,1875000.0,5613000.0,0
1880000_5613000,1880000.0,5613000.0,0
1885000_5613000,1885000.0,5613000.0,0
1890000_5613000,1890000.0,5613000.0,0
1895000_5613000,1895000.0,5613000.0,0
1900000_5613000,1900000.0,5613000.0,0
1905000_5613000,1905000.0,5613000.0,0
1910000_5613000,1910000.0,5613000.0,0
1915000_5613000,1915000.0,5613000.0,0
1920000_5613000,1920000.0,5613000.0,0
1925000_5613000,1925000.0,5613000.0,0
1930000_5613000,1930000.0,5613000.0,0
1935000_5613000,1935000.0,5613000.0,0
1700000_5618000,1700000.0,5618000.0,0
1705000_5618000,1705000.0,5618000.0,0
1710000_5618000,1710000.0,5618000.0,0
1715000_5618000,1715000.0,5618000.0,0
1720000_5618000,1720000.0,5618000.0,0
1725000_5618000,1725000.0,5618000.0,0
1730000_5618000,1730000.0,5618000.0,0
1735000_5618000,1735000.0,5618000.0,0
1740000_5618000,1740000.0,5618000.0,0
1745000_5618000,1745000.0,5618000.0,0
1750000_5618000,1750000.0,5618000.0,0
1755000_5618000,1755000.0,5618000.0,0
1760000_5618000,1760000.0,5618000.0,0
1765000_5618000,1765000.0,5618000.0,0
1770000_5618000,1770000.0,5618000.0,0
1775000_5618000,1775000.0,5618000.0,0
1780000_5618000,1780000.0,5618000.0,0
1785000_5618000,1785000.0,5618000.0,0
1790000_5618000,1790000.0,5618000.0,0
1795000_5618000,1795000.0,5618000.0,0
1800000_5618000,1800000.0,5618000.0,0
1805000_5618000,1805000.0,5618000.0,0
1810000_5618000,1810000.0,5618000.0,0
1815000_5618000,1815000.0,5618000.0,0
1820000_5618000,1820000.0,5618000.0,0
1825000_5618000,1825000.0,5618000.0,0
1830000_5618000,1830000.0,5618000.0,0
1835000_5618000,1835000.0,5618000.0,0
1840000_5618000,1840000.0,5618000.0,0
1845000_5618000,1845000.0,5618000.0,0
1850000_5618000,1850000.0,5618000.0,0
1855000_5618000,1855000.0,5618000.0,0
1860000_5618000,1860000.0,5618000.0,0
1865000_5618000,1865000.0,5618000.0,0
1870000_5618000,1870000.0,5618000.0,0
1875000_5618000,1875000.0,5618000.0,0
1880000_5618000,1880000.0,5618000.0,0
1885000_5618000,1885000.0,5618000.0,0
1890000_5618000,1890000.0,5618000.0,0
1895000_5618000,1895000.0,5618000.0,0
1900000_5618000,1900000.0,5618000.0,0
1905000_5618000,1905000.0,5618000.0,0
1910000_5618000,1910000.0,5618000.0,0
1915000_5618000,1915000.0,5618000.0,0
1920000_5618000,1920000.0,5618000.0,0
1925000_5618000,1925000.0,5618000.0,0
1930000_5618000,1930000.0,5618000.0,0
1935000_5618000,1935000.0,5618000.0,0
1685000_5623000,1685000.0,5623000.0,0
1690000_5623000,1690000.0,5623000.0,0
1695000_5623000,1695000.0,5623000.0,0
1700000_5623000,1700000.0,5623000.0,0
1705000_5623000,1705000.0,5623000.0,0
1710000_5623000,1710000.0,5623000.0,0
1715000_5623000,1715000.0,5623000.0,0
1720000_5623000,1720000.0,5623000.0,0
1725000_5623000,1725000.0,5623000.0,0
1730000_5623000,1730000.0,5623000.0,0
1735000_5623000,1735000.0,5623000.0,0
1740000_5623000,1740000.0,5623000.0,0
1745000_5623000,1745000.0,5623000.0,0
1750000_5623000,1750000.0,5623000.0,0
1755000_5623000,1755000.0,5623000.0,0
1760000_5623000,1760000.0,5623000.0,0
1765000_5623000,1765000.0,5623000.0,0
1770000_5623000,1770000.0,5623000.0,0
1775000_5623000,1775000.0,5623000.0,0
1780000_5623000,1780000.0,5623000.0,0
1785000_5623000,1785000.0,5623000.0,0
1790000_5623000,1790000.0,5623000.0,0
1795000_5623000,1795000.0,5623000.0,0
1800000_5623000,1800000.0,5623000.0,0
1805000_5623000,1805000.0,5623000.0,0
1810000_5623000,1810000.0,5623000.0,0
1815000_5623000,1815000.0,5623000.0,0
1820000_5623000,1820000.0,5623000.0,0
1825000_5623000,1825000.0,5623000.0,0
1830000_5623000,1830000.0,5623000.0,0
1835000_5623000,1835000.0,5623000.0,0
1840000_5623000,1840000.0,5623000.0,0
1845000_5623000,1845000.0,5623000.0,0
1850000_5623000,1850000.0,5623000.0,0
1855000_5623000,1855000.0,5623000.0,0
1860000_5623000,1860000.0,5623000.0,0
1865000_5623000,1865000.0,5623000.0,0
1870000_5623000,1870000.0,5623000.0,0
1875000_5623000,1875000.0,5623000.0,0
1880000_5623000,1880000.0,5623000.0,0
1885000_5623000,1885000.0,5623000.0,0
1890000_5623000,1890000.0,5623000.0,0
1895000_5623000,1895000.0,5623000.0,0
1900000_5623000,1900000.0,5623000.0,0
1905000_5623000,1905000.0,5623000.0,0
1910000_5623000,1910000.0,5623000.0,0
1915000_5623000,1915000.0,5623000.0,0
1920000_5623000,1920000.0,5623000.0,0
1925000_5623000,1925000.0,5623000.0,0
1930000_5623000,1930000.0,5623000.0,0
1680000_5628000,1680000.0,5628000.0,0
1685000_5628000,1685000.0,5628000.0,0
1690000_5628000,1690000.0,5628000.0,0
1695000_5628000,1695000.0,5628000.0,0
1700000_5628000,1700000.0,5628000.0,0
1705000_5628000,1705000.0,5628000.0,0
1710000_5628000,1710000.0,5628000.0,0
1715000_5628000,1715000.0,5628000.0,0
1720000_5628000,1720000.0,5628000.0,0
1725000_5628000,1725000.0,5628000.0,0
1730000_5628000,1730000.0,5628000.0,0
1735000_5628000,1735000.0,5628000.0,0
1740000_5628000,1740000.0,5628000.0,0
1745000_5628000,1745000.0,5628000.0,0
1750000_5628000,1750000.0,5628000.0,0
1755000_5628000,1755000.0,5628000.0,0
1760000_5628000,1760000.0,5628000.0,0
1765000_5628000,1765000.0,5628000.0,0
1770000_5628000,1770000.0,5628000.0,0
1775000_5628000,1775000.0,5628000.0,0
1780000_5628000,1780000.0,5628000.0,0
1785000_5628000,1785000.0,5628000.0,0
1790000_5628000,1790000.0,5628000.0,0
1795000_5628000,1795000.0,5628000.0,0
1800000_5628000,1800000.0,5628000.0,0
1805000_5628000,1805000.0,5628000.0,0
1810000_5628000,1810000.0,5628000.0,0
1815000_5628000,1815000.0,5628000.0,0
1820000_5628000,1820000.0,5628000.0,0
1825000_5628000,1825000.0,5628000.0,0
1830000_5628000,1830000.0,5628000.0,0
1835000_5628000,1835000.0,5628000.0,0
1840000_5628000,1840000.0,5628000.0,0
1845000_5628000,1845000.0,5628000.0,0
1850000_5628000,1850000.0,5628000.0,0
1855000_5628000,1855000.0,5628000.0,0
1860000_5628000,1860000.0,5628000.0,0
1865000_5628000,1865000.0,5628000.0,0
1870000_5628000,1870000.0,5628000.0,0
1875000_5628000,1875000.0,5628000.0,0
1880000_5628000,1880000.0,5628000.0,0
1885000_5628000,1885000.0,5628000.0,0
1890000_5628000,1890000.0,5628000.0,0
1895000_5628000,1895000.0,5628000.0,0
1900000_5628000,1900000.0,5628000.0,0
1905000_5628000,1905000.0,5628000.0,0
1910000_5628000,1910000.0,5628000.0,0
1915000_5628000,1915000.0,5628000.0,0
1920000_5628000,1920000.0,5628000.0,0
1925000_5628000,1925000.0,5628000.0,0
1930000_5628000,1930000.0,5628000.0,0
1675000_5633000,1675000.0,5633000.0,0
1680000_5633000,1680000.0,5633000.0,0
1685000_5633000,1685000.0,5633000.0,0
1690000_5633000,1690000.0,5633000.0,0
1695000_5633000,1695000.0,5633000.0,0
1700000_5633000,1700000.0,5633000.0,0
1705000_5633000,1705000.0,5633000.0,0
1710000_5633000,1710000.0,5633000.0,0
1715000_5633000,1715000.0,5633000.0,0
1720000_5633000,1720000.0,5633000.0,0
1725000_5633000,1725000.0,5633000.0,0
1730000_5633000,1730000.0,5633000.0,0
1735000_5633000,1735000.0,5633000.0,0
1740000_5633000,1740000.0,5633000.0,0
1745000_5633000,1745000.0,5633000.0,0
1750000_5633000,1750000.0,5633000.0,0
1755000_5633000,1755000.0,5633000.0,0
1760000_5633000,1760000.0,5633000.0,0
1765000_5633000,1765000.0,5633000.0,0
1770000_5633000,1770000.0,5633000.0,0
1775000_5633000,1775000.0,5633000.0,0
1780000_5633000,1780000.0,5633000.0,0
1785000_5633000,1785000.0,5633000.0,0
1790000_5633000,1790000.0,5633000.0,0
1795000_5633000,1795000.0,5633000.0,0
1800000_5633000,1800000.0,5633000.0,0
1805000_5633000,1805000.0,5633000.0,0
1810000_5633000,1810000.0,5633000.0,0
1815000_5633000,1815000.0,5633000.0,0
1820000_5633000,1820000.0,5633000.0,0
1825000_5633000,1825000.0,5633000.0,0
1830000_5633000,1830000.0,5633000.0,0
1835000_5633000,1835000.0,5633000.0,0
1840000_5633000,1840000.0,5633000.0,0
1845000_5633000,1845000.0,5633000.0,0
1850000_5633000,1850000.0,5633000.0,0
1855000_5633000,1855000.0,5633000.0,0
1860000_5633000,1860000.0,5633000.0,0
1865000_5633000,1865000.0,5633000.0,0
1870000_5633000,1870000.0,5633000.0,0
1875000_5633000,1875000.0,5633000.0,0
1880000_5633000,1880000.0,5633000.0,0
1885000_5633000,1885000.0,5633000.0,0
1890000_5633000,1890000.0,5633000.0,0
1895000_5633000,1895000.0,5633000.0,0
1900000_5633000,1900000.0,5633000.0,0
1905000_5633000,1905000.0,5633000.0,0
1910000_5633000,1910000.0,5633000.0,0
1915000_5633000,1915000.0,5633000.0,0
1920000_5633000,1920000.0,5633000.0,0
1925000_5633000,1925000.0,5633000.0,0
1930000_5633000,1930000.0,5633000.0,0
1935000_5633000,1935000.0,5633000.0,0
1670000_5638000,1670000.0,5638000.0,0
1675000_5638000,1675000.0,5638000.0,0
1680000_5638000,1680000.0,5638000.0,0
1685000_5638000,1685000.0,5638000.0,0
1690000_5638000,1690000.0,5638000.0,0
1695000_5638000,1695000.0,5638000.0,0
1700000_5638000,1700000.0,5638000.0,0
1705000_5638000,1705000.0,5638000.0,0
1710000_5638000,1710000.0,5638000.0,0
1715000_5638000,1715000.0,5638000.0,0
1720000_5638000,1720000.0,5638000.0,0
1725000_5638000,1725000.0,5638000.0,0
1730000_5638000,1730000.0,5638000.0,0
1735000_5638000,1735000.0,5638000.0,0
1740000_5638000,1740000.0,5638000.0,0
1745000_5638000,1745000.0,5638000.0,0
1750000_5638000,1750000.0,5638000.0,0
1755000_5638000,1755000.0,5638000.0,0
1760000_5638000,1760000.0,5638000.0,0
1765000_5638000,1765000.0,5638000.0,0
1770000_5638000,1770000.0,5638000.0,0
1775000_5638000,1775000.0,5638000.0,0
1780000_5638000,1780000.0,5638000.0,0
1785000_5638000,1785000.0,5638000.0,0
1790000_5638000,1790000.0,5638000.0,0
1795000_5638000,1795000.0,5638000.0,0
1800000_5638000,1800000.0,5638000.0,0
1805000_5638000,1805000.0,5638000.0,0
1810000_5638000,1810000.0,5638000.0,0
1815000_5638000,1815000.0,5638000.0,0
1820000_5638000,1820000.0,5638000.0,0
1825000_5638000,1825000.0,5638000.0,0
1830000_5638000,1830000.0,5638000.0,0
1835000_5638000,1835000.0,5638000.0,0
1840000_5638000,1840000.0,5638000.0,0
1845000_5638000,1845000.0,5638000.0,0
1850000_5638000,1850000.0,5638000.0,0
1855000_5638000,1855000.0,5638000.0,0
1860000_5638000,1860000.0,5638000.0,0
1865000_5638000,1865000.0,5638000.0,0
1870000_5638000,1870000.0,5638000.0,0
1875000_5638000,1875000.0,5638000.0,0
1880000_5638000,1880000.0,5638000.0,0
1885000_5638000,1885000.0,5638000.0,0
1890000_5638000,1890000.0,5638000.0,0
1895000_5638000,1895000.0,5638000.0,0
1900000_5638000,1900000.0,5638000.0,0
1905000_5638000,1905000.0,5638000.0,0
1910000_5638000,1910000.0,5638000.0,0
1915000_5638000,1915000.0,5638000.0,0
1920000_5638000,1920000.0,5638000.0,0
1925000_5638000,1925000.0,5638000.0,0
1930000_5638000,1930000.0,5638000.0,0
1935000_5638000,1935000.0,5638000.0,0
1670000_5643000,1670000.0,5643000.0,0
1675000_5643000,1675000.0,5643000.0,0
1680000_5643000,1680000.0,5643000.0,0
1685000_5643000,1685000.0,5643000.0,0
1690000_5643000,1690000.0,5643000.0,0
1695000_5643000,1695000.0,5643000.0,0
1700000_5643000,1700000.0,5643000.0,0
1705000_5643000,1705000.0,5643000.0,0
1710000_5643000,1710000.0,5643000.0,0
1715000_5643000,1715000.0,5643000.0,0
1720000_5643000,1720000.0,5643000.0,0
1725000_5643000,1725000.0,5643000.0,0
1730000_5643000,1730000.0,5643000.0,0
1735000_5643000,1735000.0,5643000.0,0
1740000_5643000,1740000.0,5643000.0,0
1745000_5643000,1745000.0,5643000.0,0
1750000_5643000,1750000.0,5643000.0,0
1755000_5643000,1755000.0,5643000.0,0
1760000_5643000,1760000.0,5643000.0,0
1765000_5643000,1765000.0,5643000.0,0
1770000_5643000,1770000.0,5643000.0,0
1775000_5643000,1775000.0,5643000.0,0
1780000_5643000,1780000.0,5643000.0,0
1785000_5643000,1785000.0,5643000.0,0
1790000_5643000,1790000.0,5643000.0,0
1795000_5643000,1795000.0,5643000.0,0
1800000_5643000,1800000.0,5643000.0,0
1805000_5643000,1805000.0,5643000.0,0
1810000_5643000,1810000.0,5643000.0,0
1815000_5643000,1815000.0,5643000.0,0
1820000_5643000,1820000.0,5643000.0,0
1825000_5643000,1825000.0,5643000.0,0
1830000_5643000,1830000.0,5643000.0,0
1835000_5643000,1835000.0,5643000.0,0
1840000_5643000,1840000.0,5643000.0,0
1845000_5643000,1845000.0,5643000.0,0
1850000_5643000,1850000.0,5643000.0,0
1855000_5643000,1855000.0,5643000.0,0
1860000_5643000,1860000.0,5643000.0,0
1865000_5643000,1865000.0,5643000.0,0
1870000_5643000,1870000.0,5643000.0,0
1875000_5643000,1875000.0,5643000.0,0
1880000_5643000,1880000.0,5643000.0,0
1885000_5643000,1885000.0,5643000.0,0
1890000_5643000,1890000.0,5643000.0,0
1895000_5643000,1895000.0,5643000.0,0
1900000_5643000,1900000.0,5643000.0,0
1905000_5643000,1905000.0,5643000.0,0
1910000_5643000,1910000.0,5643000.0,0
1915000_5643000,1915000.0,5643000.0,0
1920000_5643000,1920000.0,5643000.0,0
1925000_5643000,1925000.0,5643000.0,0
1930000_5643000,1930000.0,5643000.0,0
1935000_5643000,1935000.0,5643000.0,0
1940000_5643000,1940000.0,5643000.0,0
2020000_5643000,2020000.0,5643000.0,0
1670000_5648000,1670000.0,5648000.0,0
1675000_5648000,1675000.0,5648000.0,0
1680000_5648000,1680000.0,5648000.0,0
1685000_5648000,1685000.0,5648000.0,0
1690000_5648000,1690000.0,5648000.0,0
1695000_5648000,1695000.0,5648000.0,0
1700000_5648000,1700000.0,5648000.0,0
1705000_5648000,1705000.0,5648000.0,0
1710000_5648000,1710000.0,5648000.0,0
1715000_5648000,1715000.0,5648000.0,0
1720000_5648000,1720000.0,5648000.0,0
1725000_5648000,1725000.0,5648000.0,0
1730000_5648000,1730000.0,5648000.0,0
1735000_5648000,1735000.0,5648000.0,0
1740000_5648000,1740000.0,5648000.0,0
1745000_5648000,1745000.0,5648000.0,0
1750000_5648000,1750000.0,5648000.0,0
1755000_5648000,1755000.0,5648000.0,0
1760000_5648000,1760000.0,5648000.0,0
1765000_5648000,1765000.0,5648000.0,0
1770000_5648000,1770000.0,5648000.0,0
1775000_5648000,1775000.0,5648000.0,0
1780000_5648000,1780000.0,5648000.0,0
1785000_5648000,1785000.0,5648000.0,0
1790000_5648000,1790000.0,5648000.0,0
1795000_5648000,1795000.0,5648000.0,0
1800000_5648000,1800000.0,5648000.0,0
1805000_5648000,1805000.0,5648000.0,0
1810000_5648000,1810000.0,5648000.0,0
1815000_5648000,1815000.0,5648000.0,0
1820000_5648000,1820000.0,5648000.0,0
1825000_5648000,1825000.0,5648000.0,0
1830000_5648000,1830000.0,5648000.0,0
1835000_5648000,1835000.0,5648000.0,0
1840000_5648000,1840000.0,5648000.0,0
1845000_5648000,1845000.0,5648000.0,0
1850000_5648000,1850000.0,5648000.0,0
1855000_5648000,1855000.0,5648000.0,0
1860000_5648000,1860000.0,5648000.0,0
1865000_5648000,1865000.0,5648000.0,0
1870000_5648000,1870000.0,5648000.0,0
1875000_5648000,1875000.0,5648000.0,0
1880000_5648000,1880000.0,5648000.0,0
1885000_5648000,1885000.0,5648000.0,0
1890000_5648000,1890000.0,5648000.0,0
1895000_5648000,1895000.0,5648000.0,0
1900000_5648000,1900000.0,5648000.0,0
1905000_5648000,1905000.0,5648000.0,0
1910000_5648000,1910000.0,5648000.0,0
1915000_5648000,1915000.0,5648000.0,0
1920000_5648000,1920000.0,5648000.0,0
1925000_5648000,1925000.0,5648000.0,0
1930000_5648000,1930000.0,5648000.0,0
1935000_5648000,1935000.0,5648000.0,0
1940000_5648000,1940000.0,5648000.0,0
1945000_5648000,1945000.0,5648000.0,0
2020000_5648000,2020000.0,5648000.0,0
1670000_5653000,1670000.0,5653000.0,0
1675000_5653000,1675000.0,5653000.0,0
1680000_5653000,1680000.0,5653000.0,0
1685000_5653000,1685000.0,5653000.0,0
1690000_5653000,1690000.0,5653000.0,0
1695000_5653000,1695000.0,5653000.0,0
1700000_5653000,1700000.0,5653000.0,0
1705000_5653000,1705000.0,5653000.0,0
1710000_5653000,1710000.0,5653000.0,0
1715000_5653000,1715000.0,5653000.0,0
1720000_5653000,1720000.0,5653000.0,0
1725000_5653000,1725000.0,5653000.0,0
1730000_5653000,1730000.0,5653000.0,0
1735000_5653000,1735000.0,5653000.0,0
1740000_5653000,1740000.0,5653000.0,0
1745000_5653000,1745000.0,5653000.0,0
1750000_5653000,1750000.0,5653000.0,0
1755000_5653000,1755000.0,5653000.0,0
1760000_5653000,1760000.0,5653000.0,0
1765000_5653000,1765000.0,5653000.0,0
1770000_5653000,1770000.0,5653000.0,0
1775000_5653000,1775000.0,5653000.0,0
1780000_5653000,1780000.0,5653000.0,0
1785000_5653000,1785000.0,5653000.0,0
1790000_5653000,1790000.0,5653000.0,0
1795000_5653000,1795000.0,5653000.0,0
1800000_5653000,1800000.0,5653000.0,0
1805000_5653000,1805000.0,5653000.0,0
1810000_5653000,1810000.0,5653000.0,0
1815000_5653000,1815000.0,5653000.0,0
1820000_5653000,1820000.0,5653000.0,0
1825000_5653000,1825000.0,5653000.0,0
1830000_5653000,1830000.0,5653000.0,0
1835000_5653000,1835000.0,5653000.0,0
1840000_5653000,1840000.0,5653000.0,0
1845000_5653000,1845000.0,5653000.0,0
1850000_5653000,1850000.0,5653000.0,0
1855000_5653000,1855000.0,5653000.0,0
1860000_5653000,1860000.0,5653000.0,0
1865000_5653000,1865000.0,5653000.0,0
1870000_5653000,1870000.0,5653000.0,0
1875000_5653000,1875000.0,5653000.0,0
1880000_5653000,1880000.0,5653000.0,0
1885000_5653000,1885000.0,5653000.0,0
1890000_5653000,1890000.0,5653000.0,0
1895000_5653000,1895000.0,5653000.0,0
1900000_5653000,1900000.0,5653000.0,0
1905000_5653000,1905000.0,5653000.0,0
1910000_5653000,1910000.0,5653000.0,0
1915000_5653000,1915000.0,5653000.0,0
1920000_5653000,1920000.0,5653000.0,0
1925000_5653000,1925000.0,5653000.0,0
1930000_5653000,1930000.0,5653000.0,0
1935000_5653000,1935000.0,5653000.0,0
1940000_5653000,1940000.0,5653000.0,0
1945000_5653000,1945000.0,5653000.0,0
2020000_5653000,2020000.0,5653000.0,0
2025000_5653000,2025000.0,5653000.0,0
1670000_5658000,1670000.0,5658000.0,0
1675000_5658000,1675000.0,5658000.0,0
1680000_5658000,1680000.0,5658000.0,0
1685000_5658000,1685000.0,5658000.0,0
1690000_5658000,1690000.0,5658000.0,0
1695000_5658000,1695000.0,5658000.0,0
1700000_5658000,1700000.0,5658000.0,0
1705000_5658000,1705000.0,5658000.0,0
1710000_5658000,1710000.0,5658000.0,0
1715000_5658000,1715000.0,5658000.0,0
1720000_5658000,1720000.0,5658000.0,0
1725000_5658000,1725000.0,5658000.0,0
1730000_5658000,1730000.0,5658000.0,0
1735000_5658000,1735000.0,5658000.0,0
1740000_5658000,1740000.0,5658000.0,0
1745000_5658000,1745000.0,5658000.0,0
1750000_5658000,1750000.0,5658000.0,0
1755000_5658000,1755000.0,5658000.0,0
1760000_5658000,1760000.0,5658000.0,0
1765000_5658000,1765000.0,5658000.0,0
1770000_5658000,1770000.0,5658000.0,0
1775000_5658000,1775000.0,5658000.0,0
1780000_5658000,1780000.0,5658000.0,0
1785000_5658000,1785000.0,5658000.0,0
1790000_5658000,1790000.0,5658000.0,0
1795000_5658000,1795000.0,5658000.0,0
1800000_5658000,1800000.0,5658000.0,0
1805000_5658000,1805000.0,5658000.0,0
1810000_5658000,1810000.0,5658000.0,0
1815000_5658000,1815000.0,5658000.0,0
1820000_5658000,1820000.0,5658000.0,0
1825000_5658000,1825000.0,5658000.0,0
1830000_5658000,1830000.0,5658000.0,0
1835000_5658000,1835000.0,5658000.0,0
1840000_5658000,1840000.0,5658000.0,0
1845000_5658000,1845000.0,5658000.0,0
1850000_5658000,1850000.0,5658000.0,0
1855000_5658000,1855000.0,5658000.0,0
1860000_5658000,1860000.0,5658000.0,0
1865000_5658000,1865000.0,5658000.0,0
1870000_5658000,1870000.0,5658000.0,0
1875000_5658000,1875000.0,5658000.0,0
1880000_5658000,1880000.0,5658000.0,0
1885000_5658000,1885000.0,5658000.0,0
1890000_5658000,1890000.0,5658000.0,0
1895000_5658000,1895000.0,5658000.0,0
1900000_5658000,1900000.0,5658000.0,0
1905000_5658000,1905000.0,5658000.0,0
1910000_5658000,1910000.0,5658000.0,0
1915000_5658000,1915000.0,5658000.0,0
1920000_5658000,1920000.0,5658000.0,0
1925000_5658000,1925000.0,5658000.0,0
1930000_5658000,1930000.0,5658000.0,0
1935000_5658000,1935000.0,5658000.0,0
1940000_5658000,1940000.0,5658000.0,0
1945000_5658000,1945000.0,5658000.0,0
1950000_5658000,1950000.0,5658000.0,0
1955000_5658000,1955000.0,5658000.0,0
2020000_5658000,2020000.0,5658000.0,0
2025000_5658000,2025000.0,5658000.0,0
2030000_5658000,2030000.0,5658000.0,0
1675000_5663000,1675000.0,5663000.0,0
1680000_5663000,1680000.0,5663000.0,0
1685000_5663000,1685000.0,5663000.0,0
1690000_5663000,1690000.0,5663000.0,0
1695000_5663000,1695000.0,5663000.0,0
1700000_5663000,1700000.0,5663000.0,0
1705000_5663000,1705000.0,5663000.0,0
1710000_5663000,1710000.0,5663000.0,0
1715000_5663000,1715000.0,5663000.0,0
1720000_5663000,1720000.0,5663000.0,0
1725000_5663000,1725000.0,5663000.0,0
1730000_5663000,1730000.0,5663000.0,0
1735000_5663000,1735000.0,5663000.0,0
1740000_5663000,1740000.0,5663000.0,0
1745000_5663000,1745000.0,5663000.0,0
1750000_5663000,1750000.0,5663000.0,0
1755000_5663000,1755000.0,5663000.0,0
1760000_5663000,1760000.0,5663000.0,0
1765000_5663000,1765000.0,5663000.0,0
1770000_5663000,1770000.0,5663000.0,0
1775000_5663000,1775000.0,5663000.0,0
1780000_5663000,1780000.0,5663000.0,0
1785000_5663000,1785000.0,5663000.0,0
1790000_5663000,1790000.0,5663000.0,0
1795000_5663000,1795000.0,5663000.0,0
1800000_5663000,1800000.0,5663000.0,0
1805000_5663000,1805000.0,5663000.0,0
1810000_5663000,1810000.0,5663000.0,0
1815000_5663000,1815000.0,5663000.0,0
1820000_5663000,1820000.0,5663000.0,0
1825000_5663000,1825000.0,5663000.0,0
1830000_5663000,1830000.0,5663000.0,0
1835000_5663000,1835000.0,5663000.0,0
1840000_5663000,1840000.0,5663000.0,0
1845000_5663000,1845000.0,5663000.0,0
1850000_5663000,1850000.0,5663000.0,0
1855000_5663000,1855000.0,5663000.0,0
1860000_5663000,1860000.0,5663000.0,0
1865000_5663000,1865000.0,5663000.0,0
1870000_5663000,1870000.0,5663000.0,0
1875000_5663000,1875000.0,5663000.0,0
1880000_5663000,1880000.0,5663000.0,0
1885000_5663000,1885000.0,5663000.0,0
1890000_5663000,1890000.0,5663000.0,0
1895000_5663000,1895000.0,5663000.0,0
1900000_5663000,1900000.0,5663000.0,0
1905000_5663000,1905000.0,5663000.0,0
1910000_5663000,1910000.0,5663000.0,0
1915000_5663000,1915000.0,5663000.0,0
1920000_5663000,1920000.0,5663000.0,0
1925000_5663000,1925000.0,5663000.0,0
1930000_5663000,1930000.0,5663000.0,0
1935000_5663000,1935000.0,5663000.0,0
1940000_5663000,1940000.0,5663000.0,0
1945000_5663000,1945000.0,5663000.0,0
1950000_5663000,1950000.0,5663000.0,0
1955000_5663000,1955000.0,5663000.0,0
1960000_5663000,1960000.0,5663000.0,0
1965000_5663000,1965000.0,5663000.0,0
1680000_5668000,1680000.0,5668000.0,0
1685000_5668000,1685000.0,5668000.0,0
1690000_5668000,1690000.0,5668000.0,0
1695000_5668000,1695000.0,5668000.0,0
1700000_5668000,1700000.0,5668000.0,0
1705000_5668000,1705000.0,5668000.0,0
1710000_5668000,1710000.0,5668000.0,0
1715000_5668000,1715000.0,5668000.0,0
1720000_5668000,1720000.0,5668000.0,0
1725000_5668000,1725000.0,5668000.0,0
1730000_5668000,1730000.0,5668000.0,0
1735000_5668000,1735000.0,5668000.0,0
1740000_5668000,1740000.0,5668000.0,0
1745000_5668000,1745000.0,5668000.0,0
1750000_5668000,1750000.0,5668000.0,0
1755000_5668000,1755000.0,5668000.0,0
1760000_5668000,1760000.0,5668000.0,0
1765000_5668000,1765000.0,5668000.0,0
1770000_5668000,1770000.0,5668000.0,0
1775000_5668000,1775000.0,5668000.0,0
1780000_5668000,1780000.0,5668000.0,0
1785000_5668000,1785000.0,5668000.0,0
1790000_5668000,1790000.0,5668000.0,0
1795000_5668000,1795000.0,5668000.0,0
1800000_5668000,1800000.0,5668000.0,0
1805000_5668000,1805000.0,5668000.0,0
1810000_5668000,1810000.0,5668000.0,0
1815000_5668000,1815000.0,5668000.0,0
1820000_5668000,1820000.0,5668000.0,0
1825000_5668000,1825000.0,5668000.0,0
1830000_5668000,1830000.0,5668000.0,0
1835000_5668000,1835000.0,5668000.0,0
1840000_5668000,1840000.0,5668000.0,0
1845000_5668000,1845000.0,5668000.0,0
1850000_5668000,1850000.0,5668000.0,0
1855000_5668000,1855000.0,5668000.0,0
1860000_5668000,1860000.0,5668000.0,0
1865000_5668000,1865000.0,5668000.0,0
1870000_5668000,1870000.0,5668000.0,0
1875000_5668000,1875000.0,5668000.0,0
1880000_5668000,1880000.0,5668000.0,0
1885000_5668000,1885000.0,5668000.0,0
1890000_5668000,1890000.0,5668000.0,0
1895000_5668000,1895000.0,5668000.0,0
1900000_5668000,1900000.0,5668000.0,0
1905000_5668000,1905000.0,5668000.0,0
1910000_5668000,1910000.0,5668000.0,0
1915000_5668000,1915000.0,5668000.0,0
1920000_5668000,1920000.0,5668000.0,0
1925000_5668000,1925000.0,5668000.0,0
1930000_5668000,1930000.0,5668000.0,0
1935000_5668000,1935000.0,5668000.0,0
1940000_5668000,1940000.0,5668000.0,0
1945000_5668000,1945000.0,5668000.0,0
1950000_5668000,1950000.0,5668000.0,0
1955000_5668000,1955000.0,5668000.0,0
1960000_5668000,1960000.0,5668000.0,0
1965000_5668000,1965000.0,5668000.0,0
1970000_5668000,1970000.0,5668000.0,0
1975000_5668000,1975000.0,5668000.0,0
1980000_5668000,1980000.0,5668000.0,0
1985000_5668000,1985000.0,5668000.0,0
1990000_5668000,1990000.0,5668000.0,0
1995000_5668000,1995000.0,5668000.0,0
2000000_5668000,2000000.0,5668000.0,0
2005000_5668000,2005000.0,5668000.0,0
2010000_5668000,2010000.0,5668000.0,0
2015000_5668000,2015000.0,5668000.0,0
2020000_5668000,2020000.0,5668000.0,0
1690000_5673000,1690000.0,5673000.0,0
1695000_5673000,1695000.0,5673000.0,0
1700000_5673000,1700000.0,5673000.0,0
1705000_5673000,1705000.0,5673000.0,0
1710000_5673000,1710000.0,5673000.0,0
1715000_5673000,1715000.0,5673000.0,0
1720000_5673000,1720000.0,5673000.0,0
1725000_5673000,1725000.0,5673000.0,0
1730000_5673000,1730000.0,5673000.0,0
1735000_5673000,1735000.0,5673000.0,0
1740000_5673000,1740000.0,5673000.0,0
1745000_5673000,1745000.0,5673000.0,0
1750000_5673000,1750000.0,5673000.0,0
1755000_5673000,1755000.0,5673000.0,0
1760000_5673000,1760000.0,5673000.0,0
1765000_5673000,1765000.0,5673000.0,0
1770000_5673000,1770000.0,5673000.0,0
1775000_5673000,1775000.0,5673000.0,0
1780000_5673000,1780000.0,5673000.0,0
1785000_5673000,1785000.0,5673000.0,0
1790000_5673000,1790000.0,5673000.0,0
1795000_5673000,1795000.0,5673000.0,0
1800000_5673000,1800000.0,5673000.0,0
1805000_5673000,1805000.0,5673000.0,0
1810000_5673000,1810000.0,5673000.0,0
1815000_5673000,1815000.0,5673000.0,0
1820000_5673000,1820000.0,5673000.0,0
1825000_5673000,1825000.0,5673000.0,0
1830000_5673000,1830000.0,5673000.0,0
1835000_5673000,1835000.0,5673000.0,0
1840000_5673000,1840000.0,5673000.0,0
1845000_5673000,1845000.0,5673000.0,0
1850000_5673000,1850000.0,5673000.0,0
1855000_5673000,1855000.0,5673000.0,0
1860000_5673000,1860000.0,5673000.0,0
1865000_5673000,1865000.0,5673000.0,0
1870000_5673000,1870000.0,5673000.0,0
1875000_5673000,1875000.0,5673000.0,0
1880000_5673000,1880000.0,5673000.0,0
1885000_5673000,1885000.0,5673000.0,0
1890000_5673000,1890000.0,5673000.0,0
1895000_5673000,1895000.0,5673000.0,0
1900000_5673000,1900000.0,5673000.0,0
1905000_5673000,1905000.0,5673000.0,0
1910000_5673000,1910000.0,5673000.0,0
1915000_5673000,1915000.0,5673000.0,0
1920000_5673000,1920000.0,5673000.0,0
1925000_5673000,1925000.0,5673000.0,0
1930000_5673000,1930000.0,5673000.0,0
1935000_5673000,1935000.0,5673000.0,0
1940000_5673000,1940000.0,5673000.0,0
1945000_5673000,1945000.0,5673000.0,0
1950000_5673000,1950000.0,5673000.0,0
1955000_5673000,1955000.0,5673000.0,0
1960000_5673000,1960000.0,5673000.0,0
1965000_5673000,1965000.0,5673000.0,0
1970000_5673000,1970000.0,5673000.0,0
1975000_5673000,1975000.0,5673000.0,0
1980000_5673000,1980000.0,5673000.0,0
1985000_5673000,1985000.0,5673000.0,0
1990000_5673000,1990000.0,5673000.0,0
1995000_5673000,1995000.0,5673000.0,0
2000000_5673000,2000000.0,5673000.0,0
2005000_5673000,2005000.0,5673000.0,0
2010000_5673000,2010000.0,5673000.0,0
2015000_5673000,2015000.0,5673000.0,0
2020000_5673000,2020000.0,5673000.0,0
1700000_5678000,1700000.0,5678000.0,0
1705000_5678000,1705000.0,5678000.0,0
1710000_5678000,1710000.0,5678000.0,0
1715000_5678000,1715000.0,5678000.0,0
1720000_5678000,1720000.0,5678000.0,0
1725000_5678000,1725000.0,5678000.0,0
1730000_5678000,1730000.0,5678000.0,0
1735000_5678000,1735000.0,5678000.0,0
1740000_5678000,1740000.0,5678000.0,0
1745000_5678000,1745000.0,5678000.0,0
1750000_5678000,1750000.0,5678000.0,0
1755000_5678000,1755000.0,5678000.0,0
1760000_5678000,1760000.0,5678000.0,0
1765000_5678000,1765000.0,5678000.0,0
1770000_5678000,1770000.0,5678000.0,0
1775000_5678000,1775000.0,5678000.0,0
1780000_5678000,1780000.0,5678000.0,0
1785000_5678000,1785000.0,5678000.0,0
1790000_5678000,1790000.0,5678000.0,0
1795000_5678000,1795000.0,5678000.0,0
1800000_5678000,1800000.0,5678000.0,0
1805000_5678000,1805000.0,5678000.0,0
1810000_5678000,1810000.0,5678000.0,0
1815000_5678000,1815000.0,5678000.0,0
1820000_5678000,1820000.0,5678000.0,0
1825000_5678000,1825000.0,5678000.0,0
1830000_5678000,1830000.0,5678000.0,0
1835000_5678000,1835000.0,5678000.0,0
1840000_5678000,1840000.0,5678000.0,0
1845000_5678000,1845000.0,5678000.0,0
1850000_5678000,1850000.0,5678000.0,0
1855000_5678000,1855000.0,5678000.0,0
1860000_5678000,1860000.0,5678000.0,0
1865000_5678000,1865000.0,5678000.0,0
1870000_5678000,1870000.0,5678000.0,0
1875000_5678000,1875000.0,5678000.0,0
1880000_5678000,1880000.0,5678000.0,0
1885000_5678000,1885000.0,5678000.0,0
1890000_5678000,1890000.0,5678000.0,0
1895000_5678000,1895000.0,5678000.0,0
1900000_5678000,1900000.0,5678000.0,0
1905000_5678000,1905000.0,5678000.0,0
1910000_5678000,1910000.0,5678000.0,0
1915000_5678000,1915000.0,5678000.0,0
1920000_5678000,1920000.0,5678000.0,0
1925000_5678000,1925000.0,5678000.0,0
1930000_5678000,1930000.0,5678000.0,0
1935000_5678000,1935000.0,5678000.0,0
1940000_5678000,1940000.0,5678000.0,0
1945000_5678000,1945000.0,5678000.0,0
1950000_5678000,1950000.0,5678000.0,0
1955000_5678000,1955000.0,5678000.0,0
1960000_5678000,1960000.0,5678000.0,0
1965000_5678000,1965000.0,5678000.0,0
1970000_5678000,1970000.0,5678000.0,0
1975000_5678000,1975000.0,5678000.0,0
1980000_5678000,1980000.0,5678000.0,0
1985000_5678000,1985000.0,5678000.0,0
1990000_5678000,1990000.0,5678000.0,0
1995000_5678000,1995000.0,5678000.0,0
2000000_5678000,2000000.0,5678000.0,0
2005000_5678000,2005000.0,5678000.0,0
2010000_5678000,2010000.0,5678000.0,0
2015000_5678000,2015000.0,5678000.0,0
2020000_5678000,2020000.0,5678000.0,0
1705000_5683000,1705000.0,5683000.0,0
1710000_5683000,1710000.0,5683000.0,0
1715000_5683000,1715000.0,5683000.0,0
1720000_5683000,1720000.0,5683000.0,0
1725000_5683000,1725000.0,5683000.0,0
1730000_5683000,1730000.0,5683000.0,0
1735000_5683000,1735000.0,5683000.0,0
1740000_5683000,1740000.0,5683000.0,0
1745000_5683000,1745000.0,5683000.0,0
1750000_5683000,1750000.0,5683000.0,0
1755000_5683000,1755000.0,5683000.0,0
1760000_5683000,1760000.0,5683000.0,0
1765000_5683000,1765000.0,5683000.0,0
1770000_5683000,1770000.0,5683000.0,0
1775000_5683000,1775000.0,5683000.0,0
1780000_5683000,1780000.0,5683000.0,0
1785000_5683000,1785000.0,5683000.0,0
1790000_5683000,1790000.0,5683000.0,0
1795000_5683000,1795000.0,5683000.0,0
1800000_5683000,1800000.0,5683000.0,0
1805000_5683000,1805000.0,5683000.0,0
1810000_5683000,1810000.0,5683000.0,0
1815000_5683000,1815000.0,5683000.0,0
1820000_5683000,1820000.0,5683000.0,0
1825000_5683000,1825000.0,5683000.0,0
1830000_5683000,1830000.0,5683000.0,0
1835000_5683000,1835000.0,5683000.0,0
1840000_5683000,1840000.0,5683000.0,0
1845000_5683000,1845000.0,5683000.0,0
1850000_5683000,1850000.0,5683000.0,0
1855000_5683000,1855000.0,5683000.0,0
1860000_5683000,1860000.0,5683000.0,0
1865000_5683000,1865000.0,5683000.0,0
1870000_5683000,1870000.0,5683000.0,0
1875000_5683000,1875000.0,5683000.0,0
1880000_5683000,1880000.0,5683000.0,0
1885000_5683000,1885000.0,5683000.0,0
1890000_5683000,1890000.0,5683000.0,0
1895000_5683000,1895000.0,5683000.0,0
1900000_5683000,1900000.0,5683000.0,0
1905000_5683000,1905000.0,5683000.0,0
1910000_5683000,1910000.0,5683000.0,0
1915000_5683000,1915000.0,5683000.0,0
1920000_5683000,1920000.0,5683000.0,0
1925000_5683000,1925000.0,5683000.0,0
1930000_5683000,1930000.0,5683000.0,0
1935000_5683000,1935000.0,5683000.0,0
1940000_5683000,1940000.0,5683000.0,0
1945000_5683000,1945000.0,5683000.0,0
1950000_5683000,1950000.0,5683000.0,0
1955000_5683000,1955000.0,5683000.0,0
1960000_5683000,1960000.0,5683000.0,0
1965000_5683000,1965000.0,5683000.0,0
1970000_5683000,1970000.0,5683000.0,0
1975000_5683000,1975000.0,5683000.0,0
1980000_5683000,1980000.0,5683000.0,0
1985000_5683000,1985000.0,5683000.0,0
1990000_5683000,1990000.0,5683000.0,0
1995000_5683000,1995000.0,5683000.0,0
2000000_5683000,2000000.0,5683000.0,0
2005000_5683000,2005000.0,5683000.0,0
2010000_5683000,2010000.0,5683000.0,0
2015000_5683000,2015000.0,5683000.0,0
2020000_5683000,2020000.0,5683000.0,0
2025000_5683000,2025000.0,5683000.0,0
1730000_5688000,1730000.0,5688000.0,0
1735000_5688000,1735000.0,5688000.0,0
1740000_5688000,1740000.0,5688000.0,0
1745000_5688000,1745000.0,5688000.0,0
1750000_5688000,1750000.0,5688000.0,0
1755000_5688000,1755000.0,5688000.0,0
1760000_5688000,1760000.0,5688000.0,0
1765000_5688000,1765000.0,5688000.0,0
1770000_5688000,1770000.0,5688000.0,0
1775000_5688000,1775000.0,5688000.0,0
1780000_5688000,1780000.0,5688000.0,0
1785000_5688000,1785000.0,5688000.0,0
1790000_5688000,1790000.0,5688000.0,0
1795000_5688000,1795000.0,5688000.0,0
1800000_5688000,1800000.0,5688000.0,0
1805000_5688000,1805000.0,5688000.0,0
1810000_5688000,1810000.0,5688000.0,0
1815000_5688000,1815000.0,5688000.0,0
1820000_5688000,1820000.0,5688000.0,0
1825000_5688000,1825000.0,5688000.0,0
1830000_5688000,1830000.0,5688000.0,0
1835000_5688000,1835000.0,5688000.0,0
1840000_5688000,1840000.0,5688000.0,0
1845000_5688000,1845000.0,5688000.0,0
1850000_5688000,1850000.0,5688000.0,0
1855000_5688000,1855000.0,5688000.0,0
1860000_5688000,1860000.0,5688000.0,0
1865000_5688000,1865000.0,5688000.0,0
1870000_5688000,1870000.0,5688000.0,0
1875000_5688000,1875000.0,5688000.0,0
1880000_5688000,1880000.0,5688000.0,0
1885000_5688000,1885000.0,5688000.0,0
1890000_5688000,1890000.0,5688000.0,0
1895000_5688000,1895000.0,5688000.0,0
1900000_5688000,1900000.0,5688000.0,0
1905000_5688000,1905000.0,5688000.0,0
1910000_5688000,1910000.0,5688000.0,0
1915000_5688000,1915000.0,5688000.0,0
1920000_5688000,1920000.0,5688000.0,0
1925000_5688000,1925000.0,5688000.0,0
1930000_5688000,1930000.0,5688000.0,0
1935000_5688000,1935000.0,5688000.0,0
1940000_5688000,1940000.0,5688000.0,0
1945000_5688000,1945000.0,5688000.0,0
1950000_5688000,1950000.0,5688000.0,0
1955000_5688000,1955000.0,5688000.0,0
1960000_5688000,1960000.0,5688000.0,0
1965000_5688000,1965000.0,5688000.0,0
1970000_5688000,1970000.0,5688000.0,0
1975000_5688000,1975000.0,5688000.0,0
1980000_5688000,1980000.0,5688000.0,0
1985000_5688000,1985000.0,5688000.0,0
1990000_5688000,1990000.0,5688000.0,0
1995000_5688000,1995000.0,5688000.0,0
2000000_5688000,2000000.0,5688000.0,0
2005000_5688000,2005000.0,5688000.0,0
2010000_5688000,2010000.0,5688000.0,0
2015000_5688000,2015000.0,5688000.0,0
2020000_5688000,2020000.0,5688000.0,0
2025000_5688000,2025000.0,5688000.0,0
1730000_5693000,1730000.0,5693000.0,0
1735000_5693000,1735000.0,5693000.0,0
1740000_5693000,1740000.0,5693000.0,0
1745000_5693000,1745000.0,5693000.0,0
1750000_5693000,1750000.0,5693000.0,0
1755000_5693000,1755000.0,5693000.0,0
1760000_5693000,1760000.0,5693000.0,0
1765000_5693000,1765000.0,5693000.0,0
1770000_5693000,1770000.0,5693000.0,0
1775000_5693000,1775000.0,5693000.0,0
1780000_5693000,1780000.0,5693000.0,0
1785000_5693000,1785000.0,5693000.0,0
1790000_5693000,1790000.0,5693000.0,0
1795000_5693000,1795000.0,5693000.0,0
1800000_5693000,1800000.0,5693000.0,0
1805000_5693000,1805000.0,5693000.0,0
1810000_5693000,1810000.0,5693000.0,0
1815000_5693000,1815000.0,5693000.0,0
1820000_5693000,1820000.0,5693000.0,0
1825000_5693000,1825000.0,5693000.0,0
1830000_5693000,1830000.0,5693000.0,0
1835000_5693000,1835000.0,5693000.0,0
1840000_5693000,1840000.0,5693000.0,0
1845000_5693000,1845000.0,5693000.0,0
1850000_5693000,1850000.0,5693000.0,0
1855000_5693000,1855000.0,5693000.0,0
1860000_5693000,1860000.0,5693000.0,0
1865000_5693000,1865000.0,5693000.0,0
1870000_5693000,1870000.0,5693000.0,0
1875000_5693000,1875000.0,5693000.0,0
1880000_5693000,1880000.0,5693000.0,0
1885000_5693000,1885000.0,5693000.0,0
1890000_5693000,1890000.0,5693000.0,0
1895000_5693000,1895000.0,5693000.0,0
1900000_5693000,1900000.0,5693000.0,0
1905000_5693000,1905000.0,5693000.0,0
1910000_5693000,1910000.0,5693000.0,0
1915000_5693000,1915000.0,5693000.0,0
1920000_5693000,1920000.0,5693000.0,0
1925000_5693000,1925000.0,5693000.0,0
1930000_5693000,1930000.0,5693000.0,0
1935000_5693000,1935000.0,5693000.0,0
1940000_5693000,1940000.0,5693000.0,0
1945000_5693000,1945000.0,5693000.0,0
1950000_5693000,1950000.0,5693000.0,0
1955000_5693000,1955000.0,5693000.0,0
1960000_5693000,1960000.0,5693000.0,0
1965000_5693000,1965000.0,5693000.0,0
1970000_5693000,1970000.0,5693000.0,0
1975000_5693000,1975000.0,5693000.0,0
1980000_5693000,1980000.0,5693000.0,0
1985000_5693000,1985000.0,5693000.0,0
1990000_5693000,1990000.0,5693000.0,0
1995000_5693000,1995000.0,5693000.0,0
2000000_5693000,2000000.0,5693000.0,0
2005000_5693000,2005000.0,5693000.0,0
2010000_5693000,2010000.0,5693000.0,0
2015000_5693000,2015000.0,5693000.0,0
2020000_5693000,2020000.0,5693000.0,0
2025000_5693000,2025000.0,5693000.0,0
1740000_5698000,1740000.0,5698000.0,0
1745000_5698000,1745000.0,5698000.0,0
1750000_5698000,1750000.0,5698000.0,0
1755000_5698000,1755000.0,5698000.0,0
1760000_5698000,1760000.0,5698000.0,0
1765000_5698000,1765000.0,5698000.0,0
1770000_5698000,1770000.0,5698000.0,0
1775000_5698000,1775000.0,5698000.0,0
1780000_5698000,1780000.0,5698000.0,0
1785000_5698000,1785000.0,5698000.0,0
1790000_5698000,1790000.0,5698000.0,0
1795000_5698000,1795000.0,5698000.0,0
1800000_5698000,1800000.0,5698000.0,0
1805000_5698000,1805000.0,5698000.0,0
1810000_5698000,1810000.0,5698000.0,0
1815000_5698000,1815000.0,5698000.0,0
1820000_5698000,1820000.0,5698000.0,0
1825000_5698000,1825000.0,5698000.0,0
1830000_5698000,1830000.0,5698000.0,0
1835000_5698000,1835000.0,5698000.0,0
1840000_5698000,1840000.0,5698000.0,0
1845000_5698000,1845000.0,5698000.0,0
1850000_5698000,1850000.0,5698000.0,0
1855000_5698000,1855000.0,5698000.0,0
1860000_5698000,1860000.0,5698000.0,0
1865000_5698000,1865000.0,5698000.0,0
1870000_5698000,1870000.0,5698000.0,0
1875000_5698000,1875000.0,5698000.0,0
1880000_5698000,1880000.0,5698000.0,0
1885000_5698000,1885000.0,5698000.0,0
1890000_5698000,1890000.0,5698000.0,0
1895000_5698000,1895000.0,5698000.0,0
1900000_5698000,1900000.0,5698000.0,0
1905000_5698000,1905000.0,5698000.0,0
1910000_5698000,1910000.0,5698000.0,0
1915000_5698000,1915000.0,5698000.0,0
1920000_5698000,1920000.0,5698000.0,0
1925000_5698000,1925000.0,5698000.0,0
1930000_5698000,1930000.0,5698000.0,0
1935000_5698000,1935000.0,5698000.0,0
1940000_5698000,1940000.0,5698000.0,0
1945000_5698000,1945000.0,5698000.0,0
1950000_5698000,1950000.0,5698000.0,0
1955000_5698000,1955000.0,5698000.0,0
1960000_5698000,1960000.0,5698000.0,0
1965000_5698000,1965000.0,5698000.0,0
1970000_5698000,1970000.0,5698000.0,0
1975000_5698000,1975000.0,5698000.0,0
1980000_5698000,1980000.0,5698000.0,0
1985000_5698000,1985000.0,5698000.0,0
1990000_5698000,1990000.0,5698000.0,0
1995000_5698000,1995000.0,5698000.0,0
2000000_5698000,2000000.0,5698000.0,0
2005000_5698000,2005000.0,5698000.0,0
2010000_5698000,2010000.0,5698000.0,0
2015000_5698000,2015000.0,5698000.0,0
2020000_5698000,2020000.0,5698000.0,0
2025000_5698000,2025000.0,5698000.0,0
2030000_5698000,2030000.0,5698000.0,0
1740000_5703000,1740000.0,5703000.0,0
1745000_5703000,1745000.0,5703000.0,0
1750000_5703000,1750000.0,5703000.0,0
1755000_5703000,1755000.0,5703000.0,0
1760000_5703000,1760000.0,5703000.0,0
1765000_5703000,1765000.0,5703000.0,0
1770000_5703000,1770000.0,5703000.0,0
1775000_5703000,1775000.0,5703000.0,0
1780000_5703000,1780000.0,5703000.0,0
1785000_5703000,1785000.0,5703000.0,0
1790000_5703000,1790000.0,5703000.0,0
1795000_5703000,1795000.0,5703000.0,0
1800000_5703000,1800000.0,5703000.0,0
1805000_5703000,1805000.0,5703000.0,0
1810000_5703000,1810000.0,5703000.0,0
1815000_5703000,1815000.0,5703000.0,0
1820000_5703000,1820000.0,5703000.0,0
1825000_5703000,1825000.0,5703000.0,0
1830000_5703000,1830000.0,5703000.0,0
1835000_5703000,1835000.0,5703000.0,0
1840000_5703000,1840000.0,5703000.0,0
1845000_5703000,1845000.0,5703000.0,0
1850000_5703000,1850000.0,5703000.0,0
1855000_5703000,1855000.0,5703000.0,0
1860000_5703000,1860000.0,5703000.0,0
1865000_5703000,1865000.0,5703000.0,0
1870000_5703000,1870000.0,5703000.0,0
1875000_5703000,1875000.0,5703000.0,0
1880000_5703000,1880000.0,5703000.0,0
1885000_5703000,1885000.0,5703000.0,0
1890000_5703000,1890000.0,5703000.0,0
1895000_5703000,1895000.0,5703000.0,0
1900000_5703000,1900000.0,5703000.0,0
1905000_5703000,1905000.0,5703000.0,0
1910000_5703000,1910000.0,5703000.0,0
1915000_5703000,1915000.0,5703000.0,0
1920000_5703000,1920000.0,5703000.0,0
1925000_5703000,1925000.0,5703000.0,0
1930000_5703000,1930000.0,5703000.0,0
1935000_5703000,1935000.0,5703000.0,0
1940000_5703000,1940000.0,5703000.0,0
1945000_5703000,1945000.0,5703000.0,0
1950000_5703000,1950000.0,5703000.0,0
1955000_5703000,1955000.0,5703000.0,0
1960000_5703000,1960000.0,5703000.0,0
1965000_5703000,1965000.0,5703000.0,0
1970000_5703000,1970000.0,5703000.0,0
1975000_5703000,1975000.0,5703000.0,0
1980000_5703000,1980000.0,5703000.0,0
1985000_5703000,1985000.0,5703000.0,0
1990000_5703000,1990000.0,5703000.0,0
1995000_5703000,1995000.0,5703000.0,0
2000000_5703000,2000000.0,5703000.0,0
2005000_5703000,2005000.0,5703000.0,0
2010000_5703000,2010000.0,5703000.0,0
2015000_5703000,2015000.0,5703000.0,0
2020000_5703000,2020000.0,5703000.0,0
2025000_5703000,2025000.0,5703000.0,0
1740000_5708000,1740000.0,5708000.0,0
1745000_5708000,1745000.0,5708000.0,0
1750000_5708000,1750000.0,5708000.0,0
1755000_5708000,1755000.0,5708000.0,0
1760000_5708000,1760000.0,5708000.0,0
1765000_5708000,1765000.0,5708000.0,0
1770000_5708000,1770000.0,5708000.0,0
1775000_5708000,1775000.0,5708000.0,0
1780000_5708000,1780000.0,5708000.0,0
1785000_5708000,1785000.0,5708000.0,0
1790000_5708000,1790000.0,5708000.0,0
1795000_5708000,1795000.0,5708000.0,0
1800000_5708000,1800000.0,5708000.0,0
1805000_5708000,1805000.0,5708000.0,0
1810000_5708000,1810000.0,5708000.0,0
1815000_5708000,1815000.0,5708000.0,0
1820000_5708000,1820000.0,5708000.0,0
1825000_5708000,1825000.0,5708000.0,0
1830000_5708000,1830000.0,5708000.0,0
1835000_5708000,1835000.0,5708000.0,0
1840000_5708000,1840000.0,5708000.0,0
1845000_5708000,1845000.0,5708000.0,0
1850000_5708000,1850000.0,5708000.0,0
1855000_5708000,1855000.0,5708000.0,0
1860000_5708000,1860000.0,5708000.0,0
1865000_5708000,1865000.0,5708000.0,0
1870000_5708000,1870000.0,5708000.0,0
1875000_5708000,1875000.0,5708000.0,0
1880000_5708000,1880000.0,5708000.0,0
1885000_5708000,1885000.0,5708000.0,0
1890000_5708000,1890000.0,5708000.0,0
1895000_5708000,1895000.0,5708000.0,0
1900000_5708000,1900000.0,5708000.0,0
1905000_5708000,1905000.0,5708000.0,0
1910000_5708000,1910000.0,5708000.0,0
1915000_5708000,1915000.0,5708000.0,0
1920000_5708000,1920000.0,5708000.0,0
1925000_5708000,1925000.0,5708000.0,0
1930000_5708000,1930000.0,5708000.0,0
1935000_5708000,1935000.0,5708000.0,0
1940000_5708000,1940000.0,5708000.0,0
1945000_5708000,1945000.0,5708000.0,0
1950000_5708000,1950000.0,5708000.0,0
1955000_5708000,1955000.0,5708000.0,0
1960000_5708000,1960000.0,5708000.0,0
1965000_5708000,1965000.0,5708000.0,0
1970000_5708000,1970000.0,5708000.0,0
1975000_5708000,1975000.0,5708000.0,0
1980000_5708000,1980000.0,5708000.0,0
1985000_5708000,1985000.0,5708000.0,0
1990000_5708000,1990000.0,5708000.0,0
1995000_5708000,1995000.0,5708000.0,0
2000000_5708000,2000000.0,5708000.0,0
2005000_5708000,2005000.0,5708000.0,0
2010000_5708000,2010000.0,5708000.0,0
2015000_5708000,2015000.0,5708000.0,0
2020000_5708000,2020000.0,5708000.0,0
2025000_5708000,2025000.0,5708000.0,0
2030000_5708000,2030000.0,5708000.0,0
2035000_5708000,2035000.0,5708000.0,0
2040000_5708000,2040000.0,5708000.0,0
1740000_5713000,1740000.0,5713000.0,0
1745000_5713000,1745000.0,5713000.0,0
1750000_5713000,1750000.0,5713000.0,0
1755000_5713000,1755000.0,5713000.0,0
1760000_5713000,1760000.0,5713000.0,0
1765000_5713000,1765000.0,5713000.0,0
1770000_5713000,1770000.0,5713000.0,0
1775000_5713000,1775000.0,5713000.0,0
1780000_5713000,1780000.0,5713000.0,0
1785000_5713000,1785000.0,5713000.0,0
1790000_5713000,1790000.0,5713000.0,0
1795000_5713000,1795000.0,5713000.0,0
1800000_5713000,1800000.0,5713000.0,0
1805000_5713000,1805000.0,5713000.0,0
1810000_5713000,1810000.0,5713000.0,0
1815000_5713000,1815000.0,5713000.0,0
1820000_5713000,1820000.0,5713000.0,0
1825000_5713000,1825000.0,5713000.0,0
1830000_5713000,1830000.0,5713000.0,0
1835000_5713000,1835000.0,5713000.0,0
1840000_5713000,1840000.0,5713000.0,0
1845000_5713000,1845000.0,5713000.0,0
1850000_5713000,1850000.0,5713000.0,0
1855000_5713000,1855000.0,5713000.0,0
1860000_5713000,1860000.0,5713000.0,0
1865000_5713000,1865000.0,5713000.0,0
1870000_5713000,1870000.0,5713000.0,0
1875000_5713000,1875000.0,5713000.0,0
1880000_5713000,1880000.0,5713000.0,0
1885000_5713000,1885000.0,5713000.0,0
1890000_5713000,1890000.0,5713000.0,0
1895000_5713000,1895000.0,5713000.0,0
1900000_5713000,1900000.0,5713000.0,0
1905000_5713000,1905000.0,5713000.0,0
1910000_5713000,1910000.0,5713000.0,0
1915000_5713000,1915000.0,5713000.0,0
1920000_5713000,1920000.0,5713000.0,0
1925000_5713000,1925000.0,5713000.0,0
1930000_5713000,1930000.0,5713000.0,0
1935000_5713000,1935000.0,5713000.0,0
1940000_5713000,1940000.0,5713000.0,0
1945000_5713000,1945000.0,5713000.0,0
1950000_5713000,1950000.0,5713000.0,0
1955000_5713000,1955000.0,5713000.0,0
1960000_5713000,1960000.0,5713000.0,0
1965000_5713000,1965000.0,5713000.0,0
1970000_5713000,1970000.0,5713000.0,0
1975000_5713000,1975000.0,5713000.0,0
1980000_5713000,1980000.0,5713000.0,0
1985000_5713000,1985000.0,5713000.0,0
1990000_5713000,1990000.0,5713000.0,0
1995000_5713000,1995000.0,5713000.0,0
2000000_5713000,2000000.0,5713000.0,0
2005000_5713000,2005000.0,5713000.0,0
2010000_5713000,2010000.0,5713000.0,0
2015000_5713000,2015000.0,5713000.0,0
2020000_5713000,2020000.0,5713000.0,0
2025000_5713000,2025000.0,5713000.0,0
2030000_5713000,2030000.0,5713000.0,0
2035000_5713000,2035000.0,5713000.0,0
2040000_5713000,2040000.0,5713000.0,0
2045000_5713000,2045000.0,5713000.0,0
2050000_5713000,2050000.0,5713000.0,0
1745000_5718000,1745000.0,5718000.0,0
1750000_5718000,1750000.0,5718000.0,0
1755000_5718000,1755000.0,5718000.0,0
1760000_5718000,1760000.0,5718000.0,0
1765000_5718000,1765000.0,5718000.0,0
1770000_5718000,1770000.0,5718000.0,0
1775000_5718000,1775000.0,5718000.0,0
1780000_5718000,1780000.0,5718000.0,0
1785000_5718000,1785000.0,5718000.0,0
1790000_5718000,1790000.0,5718000.0,0
1795000_5718000,1795000.0,5718000.0,0
1800000_5718000,1800000.0,5718000.0,0
1805000_5718000,1805000.0,5718000.0,0
1810000_5718000,1810000.0,5718000.0,0
1815000_5718000,1815000.0,5718000.0,0
1820000_5718000,1820000.0,5718000.0,0
1825000_5718000,1825000.0,5718000.0,0
1830000_5718000,1830000.0,5718000.0,0
1835000_5718000,1835000.0,5718000.0,0
1840000_5718000,1840000.0,5718000.0,0
1845000_5718000,1845000.0,5718000.0,0
1850000_5718000,1850000.0,5718000.0,0
1855000_5718000,1855000.0,5718000.0,0
1860000_5718000,1860000.0,5718000.0,0
1865000_5718000,1865000.0,5718000.0,0
1870000_5718000,1870000.0,5718000.0,0
1875000_5718000,1875000.0,5718000.0,0
1880000_5718000,1880000.0,5718000.0,0
1885000_5718000,1885000.0,5718000.0,0
1890000_5718000,1890000.0,5718000.0,0
1895000_5718000,1895000.0,5718000.0,0
1900000_5718000,1900000.0,5718000.0,0
1905000_5718000,1905000.0,5718000.0,0
1910000_5718000,1910000.0,5718000.0,0
1915000_5718000,1915000.0,5718000.0,0
1920000_5718000,1920000.0,5718000.0,0
1925000_5718000,1925000.0,5718000.0,0
1930000_5718000,1930000.0,5718000.0,0
1935000_5718000,1935000.0,5718000.0,0
1940000_5718000,1940000.0,5718000.0,0
1945000_5718000,1945000.0,5718000.0,0
1950000_5718000,1950000.0,5718000.0,0
1955000_5718000,1955000.0,5718000.0,0
1960000_5718000,1960000.0,5718000.0,0
1965000_5718000,1965000.0,5718000.0,0
1970000_5718000,1970000.0,5718000.0,0
1975000_5718000,1975000.0,5718000.0,0
1980000_5718000,1980000.0,5718000.0,0
1985000_5718000,1985000.0,5718000.0,0
1990000_5718000,1990000.0,5718000.0,0
1995000_5718000,1995000.0,5718000.0,0
2000000_5718000,2000000.0,5718000.0,0
2005000_5718000,2005000.0,5718000.0,0
2010000_5718000,2010000.0,5718000.0,0
2015000_5718000,2015000.0,5718000.0,0
2020000_5718000,2020000.0,5718000.0,0
2025000_5718000,2025000.0,5718000.0,0
2030000_5718000,2030000.0,5718000.0,0
2035000_5718000,2035000.0,5718000.0,0
2040000_5718000,2040000.0,5718000.0,0
2045000_5718000,2045000.0,5718000.0,0
2050000_5718000,2050000.0,5718000.0,0
2055000_5718000,2055000.0,5718000.0,0
1745000_5723000,1745000.0,5723000.0,0
1750000_5723000,1750000.0,5723000.0,0
1755000_5723000,1755000.0,5723000.0,0
1760000_5723000,1760000.0,5723000.0,0
1765000_5723000,1765000.0,5723000.0,0
1770000_5723000,1770000.0,5723000.0,0
1775000_5723000,1775000.0,5723000.0,0
1780000_5723000,1780000.0,5723000.0,0
1785000_5723000,1785000.0,5723000.0,0
1790000_5723000,1790000.0,5723000.0,0
1795000_5723000,1795000.0,5723000.0,0
1800000_5723000,1800000.0,5723000.0,0
1805000_5723000,1805000.0,5723000.0,0
1810000_5723000,1810000.0,5723000.0,0
1815000_5723000,1815000.0,5723000.0,0
1820000_5723000,1820000.0,5723000.0,0
1825000_5723000,1825000.0,5723000.0,0
1830000_5723000,1830000.0,5723000.0,0
1835000_5723000,1835000.0,5723000.0,0
1840000_5723000,1840000.0,5723000.0,0
1845000_5723000,1845000.0,5723000.0,0
1850000_5723000,1850000.0,5723000.0,0
1855000_5723000,1855000.0,5723000.0,0
1860000_5723000,1860000.0,5723000.0,0
1865000_5723000,1865000.0,5723000.0,0
1870000_5723000,1870000.0,5723000.0,0
1875000_5723000,1875000.0,5723000.0,0
1880000_5723000,1880000.0,5723000.0,0
1885000_5723000,1885000.0,5723000.0,0
1890000_5723000,1890000.0,5723000.0,0
1895000_5723000,1895000.0,5723000.0,0
1900000_5723000,1900000.0,5723000.0,0
1905000_5723000,1905000.0,5723000.0,0
1910000_5723000,1910000.0,5723000.0,0
1915000_5723000,1915000.0,5723000.0,0
1920000_5723000,1920000.0,5723000.0,0
1925000_5723000,1925000.0,5723000.0,0
1930000_5723000,1930000.0,5723000.0,0
1935000_5723000,1935000.0,5723000.0,0
1940000_5723000,1940000.0,5723000.0,0
1945000_5723000,1945000.0,5723000.0,0
1950000_5723000,1950000.0,5723000.0,0
1955000_5723000,1955000.0,5723000.0,0
1960000_5723000,1960000.0,5723000.0,0
1965000_5723000,1965000.0,5723000.0,0
1970000_5723000,1970000.0,5723000.0,0
1975000_5723000,1975000.0,5723000.0,0
1980000_5723000,1980000.0,5723000.0,0
1985000_5723000,1985000.0,5723000.0,0
1990000_5723000,1990000.0,5723000.0,0
1995000_5723000,1995000.0,5723000.0,0
2000000_5723000,2000000.0,5723000.0,0
2005000_5723000,2005000.0,5723000.0,0
2010000_5723000,2010000.0,5723000.0,0
2015000_5723000,2015000.0,5723000.0,0
2020000_5723000,2020000.0,5723000.0,0
2025000_5723000,2025000.0,5723000.0,0
2030000_5723000,2030000.0,5723000.0,0
2035000_5723000,2035000.0,5723000.0,0
2040000_5723000,2040000.0,5723000.0,0
2045000_5723000,2045000.0,5723000.0,0
2050000_5723000,2050000.0,5723000.0,0
2055000_5723000,2055000.0,5723000.0,0
2060000_5723000,2060000.0,5723000.0,0
1745000_5728000,1745000.0,5728000.0,0
1750000_5728000,1750000.0,5728000.0,0
1755000_5728000,1755000.0,5728000.0,0
1760000_5728000,1760000.0,5728000.0,0
1765000_5728000,1765000.0,5728000.0,0
1770000_5728000,1770000.0,5728000.0,0
1775000_5728000,1775000.0,5728000.0,0
1780000_5728000,1780000.0,5728000.0,0
1785000_5728000,1785000.0,5728000.0,0
1790000_5728000,1790000.0,5728000.0,0
1795000_5728000,1795000.0,5728000.0,0
1800000_5728000,1800000.0,5728000.0,0
1805000_5728000,1805000.0,5728000.0,0
1810000_5728000,1810000.0,5728000.0,0
1815000_5728000,1815000.0,5728000.0,0
1820000_5728000,1820000.0,5728000.0,0
1825000_5728000,1825000.0,5728000.0,0
1830000_5728000,1830000.0,5728000.0,0
1835000_5728000,1835000.0,5728000.0,0
1840000_5728000,1840000.0,5728000.0,0
1845000_5728000,1845000.0,5728000.0,0
1850000_5728000,1850000.0,5728000.0,0
1855000_5728000,1855000.0,5728000.0,0
1860000_5728000,1860000.0,5728000.0,0
1865000_5728000,1865000.0,5728000.0,0
1870000_5728000,1870000.0,5728000.0,0
1875000_5728000,1875000.0,5728000.0,0
1880000_5728000,1880000.0,5728000.0,0
1885000_5728000,1885000.0,5728000.0,0
1890000_5728000,1890000.0,5728000.0,0
1895000_5728000,1895000.0,5728000.0,0
1900000_5728000,1900000.0,5728000.0,0
1905000_5728000,1905000.0,5728000.0,0
1910000_5728000,1910000.0,5728000.0,0
1915000_5728000,1915000.0,5728000.0,0
1920000_5728000,1920000.0,5728000.0,0
1925000_5728000,1925000.0,5728000.0,0
1930000_5728000,1930000.0,5728000.0,0
1935000_5728000,1935000.0,5728000.0,0
1940000_5728000,1940000.0,5728000.0,0
1945000_5728000,1945000.0,5728000.0,0
1950000_5728000,1950000.0,5728000.0,0
1955000_5728000,1955000.0,5728000.0,0
1960000_5728000,1960000.0,5728000.0,0
1965000_5728000,1965000.0,5728000.0,0
1970000_5728000,1970000.0,5728000.0,0
1975000_5728000,1975000.0,5728000.0,0
1980000_5728000,1980000.0,5728000.0,0
1985000_5728000,1985000.0,5728000.0,0
1990000_5728000,1990000.0,5728000.0,0
1995000_5728000,1995000.0,5728000.0,0
2000000_5728000,2000000.0,5728000.0,0
2005000_5728000,2005000.0,5728000.0,0
2010000_5728000,2010000.0,5728000.0,0
2015000_5728000,2015000.0,5728000.0,0
2020000_5728000,2020000.0,5728000.0,0
2025000_5728000,2025000.0,5728000.0,0
2030000_5728000,2030000.0,5728000.0,0
2035000_5728000,2035000.0,5728000.0,0
2040000_5728000,2040000.0,5728000.0,0
2045000_5728000,2045000.0,5728000.0,0
2050000_5728000,2050000.0,5728000.0,0
2055000_5728000,2055000.0,5728000.0,0
2060000_5728000,2060000.0,5728000.0,0
1745000_5733000,1745000.0,5733000.0,0
1750000_5733000,1750000.0,5733000.0,0
1755000_5733000,1755000.0,5733000.0,0
1760000_5733000,1760000.0,5733000.0,0
1765000_5733000,1765000.0,5733000.0,0
1770000_5733000,1770000.0,5733000.0,0
1775000_5733000,1775000.0,5733000.0,0
1780000_5733000,1780000.0,5733000.0,0
1785000_5733000,1785000.0,5733000.0,0
1790000_5733000,1790000.0,5733000.0,0
1795000_5733000,1795000.0,5733000.0,0
1800000_5733000,1800000.0,5733000.0,0
1805000_5733000,1805000.0,5733000.0,0
1810000_5733000,1810000.0,5733000.0,0
1815000_5733000,1815000.0,5733000.0,0
1820000_5733000,1820000.0,5733000.0,0
1825000_5733000,1825000.0,5733000.0,0
1830000_5733000,1830000.0,5733000.0,0
1835000_5733000,1835000.0,5733000.0,0
1840000_5733000,1840000.0,5733000.0,0
1845000_5733000,1845000.0,5733000.0,0
1850000_5733000,1850000.0,5733000.0,0
1855000_5733000,1855000.0,5733000.0,0
1860000_5733000,1860000.0,5733000.0,0
1865000_5733000,1865000.0,5733000.0,0
1870000_5733000,1870000.0,5733000.0,0
1875000_5733000,1875000.0,5733000.0,0
1880000_5733000,1880000.0,5733000.0,0
1885000_5733000,1885000.0,5733000.0,0
1890000_5733000,1890000.0,5733000.0,0
1895000_5733000,1895000.0,5733000.0,0
1900000_5733000,1900000.0,5733000.0,0
1905000_5733000,1905000.0,5733000.0,0
1910000_5733000,1910000.0,5733000.0,0
1915000_5733000,1915000.0,5733000.0,0
1920000_5733000,1920000.0,5733000.0,0
1925000_5733000,1925000.0,5733000.0,0
1930000_5733000,1930000.0,5733000.0,0
1935000_5733000,1935000.0,5733000.0,0
1940000_5733000,1940000.0,5733000.0,0
1945000_5733000,1945000.0,5733000.0,0
1950000_5733000,1950000.0,5733000.0,0
1955000_5733000,1955000.0,5733000.0,0
1960000_5733000,1960000.0,5733000.0,0
1965000_5733000,1965000.0,5733000.0,0
1970000_5733000,1970000.0,5733000.0,0
1975000_5733000,1975000.0,5733000.0,0
1980000_5733000,1980000.0,5733000.0,0
1985000_5733000,1985000.0,5733000.0,0
1990000_5733000,1990000.0,5733000.0,0
1995000_5733000,1995000.0,5733000.0,0
2000000_5733000,2000000.0,5733000.0,0
2005000_5733000,2005000.0,5733000.0,0
2010000_5733000,2010000.0,5733000.0,0
2015000_5733000,2015000.0,5733000.0,0
2020000_5733000,2020000.0,5733000.0,0
2025000_5733000,2025000.0,5733000.0,0
2030000_5733000,2030000.0,5733000.0,0
2035000_5733000,2035000.0,5733000.0,0
2040000_5733000,2040000.0,5733000.0,0
2045000_5733000,2045000.0,5733000.0,0
2050000_5733000,2050000.0,5733000.0,0
2055000_5733000,2055000.0,5733000.0,0
2060000_5733000,2060000.0,5733000.0,0
1745000_5738000,1745000.0,5738000.0,0
1750000_5738000,1750000.0,5738000.0,0
1755000_5738000,1755000.0,5738000.0,0
1760000_5738000,1760000.0,5738000.0,0
1765000_5738000,1765000.0,5738000.0,0
1770000_5738000,1770000.0,5738000.0,0
1775000_5738000,1775000.0,5738000.0,0
1780000_5738000,1780000.0,5738000.0,0
1785000_5738000,1785000.0,5738000.0,0
1790000_5738000,1790000.0,5738000.0,0
1795000_5738000,1795000.0,5738000.0,0
1800000_5738000,1800000.0,5738000.0,0
1805000_5738000,1805000.0,5738000.0,0
1810000_5738000,1810000.0,5738000.0,0
1815000_5738000,1815000.0,5738000.0,0
1820000_5738000,1820000.0,5738000.0,0
1825000_5738000,1825000.0,5738000.0,0
1830000_5738000,1830000.0,5738000.0,0
1835000_5738000,1835000.0,5738000.0,0
1840000_5738000,1840000.0,5738000.0,0
1845000_5738000,1845000.0,5738000.0,0
1850000_5738000,1850000.0,5738000.0,0
1855000_5738000,1855000.0,5738000.0,0
1860000_5738000,1860000.0,5738000.0,0
1865000_5738000,1865000.0,5738000.0,0
1870000_5738000,1870000.0,5738000.0,0
1875000_5738000,1875000.0,5738000.0,0
1880000_5738000,1880000.0,5738000.0,0
1885000_5738000,1885000.0,5738000.0,0
1890000_5738000,1890000.0,5738000.0,0
1895000_5738000,1895000.0,5738000.0,0
1900000_5738000,1900000.0,5738000.0,0
1905000_5738000,1905000.0,5738000.0,0
1910000_5738000,1910000.0,5738000.0,0
1915000_5738000,1915000.0,5738000.0,0
1920000_5738000,1920000.0,5738000.0,0
1925000_5738000,1925000.0,5738000.0,0
1930000_5738000,1930000.0,5738000.0,0
1935000_5738000,1935000.0,5738000.0,0
1940000_5738000,1940000.0,5738000.0,0
1945000_5738000,1945000.0,5738000.0,0
1950000_5738000,1950000.0,5738000.0,0
1955000_5738000,1955000.0,5738000.0,0
1960000_5738000,1960000.0,5738000.0,0
1965000_5738000,1965000.0,5738000.0,0
1970000_5738000,1970000.0,5738000.0,0
1975000_5738000,1975000.0,5738000.0,0
1980000_5738000,1980000.0,5738000.0,0
1985000_5738000,1985000.0,5738000.0,0
1990000_5738000,1990000.0,5738000.0,0
1995000_5738000,1995000.0,5738000.0,0
2000000_5738000,2000000.0,5738000.0,0
2005000_5738000,2005000.0,5738000.0,0
2010000_5738000,2010000.0,5738000.0,0
2015000_5738000,2015000.0,5738000.0,0
2020000_5738000,2020000.0,5738000.0,0
2025000_5738000,2025000.0,5738000.0,0
2030000_5738000,2030000.0,5738000.0,0
2035000_5738000,2035000.0,5738000.0,0
2040000_5738000,2040000.0,5738000.0,0
2045000_5738000,2045000.0,5738000.0,0
2050000_5738000,2050000.0,5738000.0,0
2055000_5738000,2055000.0,5738000.0,0
2060000_5738000,2060000.0,5738000.0,0
2065000_5738000,2065000.0,5738000.0,0
1745000_5743000,1745000.0,5743000.0,0
1750000_5743000,1750000.0,5743000.0,0
1755000_5743000,1755000.0,5743000.0,0
1760000_5743000,1760000.0,5743000.0,0
1765000_5743000,1765000.0,5743000.0,0
1770000_5743000,1770000.0,5743000.0,0
1775000_5743000,1775000.0,5743000.0,0
1780000_5743000,1780000.0,5743000.0,0
1785000_5743000,1785000.0,5743000.0,0
1790000_5743000,1790000.0,5743000.0,0
1795000_5743000,1795000.0,5743000.0,0
1800000_5743000,1800000.0,5743000.0,0
1805000_5743000,1805000.0,5743000.0,0
1810000_5743000,1810000.0,5743000.0,0
1815000_5743000,1815000.0,5743000.0,0
1820000_5743000,1820000.0,5743000.0,0
1825000_5743000,1825000.0,5743000.0,0
1830000_5743000,1830000.0,5743000.0,0
1835000_5743000,1835000.0,5743000.0,0
1840000_5743000,1840000.0,5743000.0,0
1845000_5743000,1845000.0,5743000.0,0
1850000_5743000,1850000.0,5743000.0,0
1855000_5743000,1855000.0,5743000.0,0
1860000_5743000,1860000.0,5743000.0,0
1865000_5743000,1865000.0,5743000.0,0
1870000_5743000,1870000.0,5743000.0,0
1875000_5743000,1875000.0,5743000.0,0
1880000_5743000,1880000.0,5743000.0,0
1885000_5743000,1885000.0,5743000.0,0
1890000_5743000,1890000.0,5743000.0,0
1895000_5743000,1895000.0,5743000.0,0
1900000_5743000,1900000.0,5743000.0,0
1905000_5743000,1905000.0,5743000.0,0
1910000_5743000,1910000.0,5743000.0,0
1915000_5743000,1915000.0,5743000.0,0
1920000_5743000,1920000.0,5743000.0,0
1925000_5743000,1925000.0,5743000.0,0
1930000_5743000,1930000.0,5743000.0,0
1935000_5743000,1935000.0,5743000.0,0
1940000_5743000,1940000.0,5743000.0,0
1945000_5743000,1945000.0,5743000.0,0
1950000_5743000,1950000.0,5743000.0,0
1955000_5743000,1955000.0,5743000.0,0
1960000_5743000,1960000.0,5743000.0,0
1965000_5743000,1965000.0,5743000.0,0
1970000_5743000,1970000.0,5743000.0,0
1975000_5743000,1975000.0,5743000.0,0
1980000_5743000,1980000.0,5743000.0,0
1985000_5743000,1985000.0,5743000.0,0
1990000_5743000,1990000.0,5743000.0,0
1995000_5743000,1995000.0,5743000.0,0
2000000_5743000,2000000.0,5743000.0,0
2005000_5743000,2005000.0,5743000.0,0
2010000_5743000,2010000.0,5743000.0,0
2015000_5743000,2015000.0,5743000.0,0
2020000_5743000,2020000.0,5743000.0,0
2025000_5743000,2025000.0,5743000.0,0
2030000_5743000,2030000.0,5743000.0,0
2035000_5743000,2035000.0,5743000.0,0
2040000_5743000,2040000.0,5743000.0,0
2045000_5743000,2045000.0,5743000.0,0
2050000_5743000,2050000.0,5743000.0,0
2055000_5743000,2055000.0,5743000.0,0
2060000_5743000,2060000.0,5743000.0,0
2065000_5743000,2065000.0,5743000.0,0
1745000_5748000,1745000.0,5748000.0,0
1750000_5748000,1750000.0,5748000.0,0
1755000_5748000,1755000.0,5748000.0,0
1760000_5748000,1760000.0,5748000.0,0
1765000_5748000,1765000.0,5748000.0,0
1770000_5748000,1770000.0,5748000.0,0
1775000_5748000,1775000.0,5748000.0,0
1780000_5748000,1780000.0,5748000.0,0
1785000_5748000,1785000.0,5748000.0,0
1790000_5748000,1790000.0,5748000.0,0
1795000_5748000,1795000.0,5748000.0,0
1800000_5748000,1800000.0,5748000.0,0
1805000_5748000,1805000.0,5748000.0,0
1810000_5748000,1810000.0,5748000.0,0
1815000_5748000,1815000.0,5748000.0,0
1820000_5748000,1820000.0,5748000.0,0
1825000_5748000,1825000.0,5748000.0,0
1830000_5748000,1830000.0,5748000.0,0
1835000_5748000,1835000.0,5748000.0,0
1840000_5748000,1840000.0,5748000.0,0
1845000_5748000,1845000.0,5748000.0,0
1850000_5748000,1850000.0,5748000.0,0
1855000_5748000,1855000.0,5748000.0,0
1860000_5748000,1860000.0,5748000.0,0
1865000_5748000,1865000.0,5748000.0,0
1870000_5748000,1870000.0,5748000.0,0
1875000_5748000,1875000.0,5748000.0,0
1880000_5748000,1880000.0,5748000.0,0
1885000_5748000,1885000.0,5748000.0,0
1890000_5748000,1890000.0,5748000.0,0
1895000_5748000,1895000.0,5748000.0,0
1900000_5748000,1900000.0,5748000.0,0
1905000_5748000,1905000.0,5748000.0,0
1910000_5748000,1910000.0,5748000.0,0
1915000_5748000,1915000.0,5748000.0,0
1920000_5748000,1920000.0,5748000.0,0
1925000_5748000,1925000.0,5748000.0,0
1930000_5748000,1930000.0,5748000.0,0
1935000_5748000,1935000.0,5748000.0,0
1940000_5748000,1940000.0,5748000.0,0
1945000_5748000,1945000.0,5748000.0,0
1950000_5748000,1950000.0,5748000.0,0
1955000_5748000,1955000.0,5748000.0,0
1960000_5748000,1960000.0,5748000.0,0
1965000_5748000,1965000.0,5748000.0,0
1970000_5748000,1970000.0,5748000.0,0
1975000_5748000,1975000.0,5748000.0,0
1980000_5748000,1980000.0,5748000.0,0
1985000_5748000,1985000.0,5748000.0,0
1990000_5748000,1990000.0,5748000.0,0
1995000_5748000,1995000.0,5748000.0,0
2000000_5748000,2000000.0,5748000.0,0
2005000_5748000,2005000.0,5748000.0,0
2010000_5748000,2010000.0,5748000.0,0
2015000_5748000,2015000.0,5748000.0,0
2020000_5748000,2020000.0,5748000.0,0
2025000_5748000,2025000.0,5748000.0,0
2030000_5748000,2030000.0,5748000.0,0
2035000_5748000,2035000.0,5748000.0,0
2040000_5748000,2040000.0,5748000.0,0
2045000_5748000,2045000.0,5748000.0,0
2050000_5748000,2050000.0,5748000.0,0
2055000_5748000,2055000.0,5748000.0,0
2060000_5748000,2060000.0,5748000.0,0
2065000_5748000,2065000.0,5748000.0,0
1750000_5753000,1750000.0,5753000.0,0
1755000_5753000,1755000.0,5753000.0,0
1760000_5753000,1760000.0,5753000.0,0
1765000_5753000,1765000.0,5753000.0,0
1770000_5753000,1770000.0,5753000.0,0
1775000_5753000,1775000.0,5753000.0,0
1780000_5753000,1780000.0,5753000.0,0
1785000_5753000,1785000.0,5753000.0,0
1790000_5753000,1790000.0,5753000.0,0
1795000_5753000,1795000.0,5753000.0,0
1800000_5753000,1800000.0,5753000.0,0
1805000_5753000,1805000.0,5753000.0,0
1810000_5753000,1810000.0,5753000.0,0
1815000_5753000,1815000.0,5753000.0,0
1820000_5753000,1820000.0,5753000.0,0
1825000_5753000,1825000.0,5753000.0,0
1830000_5753000,1830000.0,5753000.0,0
1835000_5753000,1835000.0,5753000.0,0
1840000_5753000,1840000.0,5753000.0,0
1845000_5753000,1845000.0,5753000.0,0
1850000_5753000,1850000.0,5753000.0,0
1855000_5753000,1855000.0,5753000.0,0
1860000_5753000,1860000.0,5753000.0,0
1865000_5753000,1865000.0,5753000.0,0
1870000_5753000,1870000.0,5753000.0,0
1875000_5753000,1875000.0,5753000.0,0
1880000_5753000,1880000.0,5753000.0,0
1885000_5753000,1885000.0,5753000.0,0
1890000_5753000,1890000.0,5753000.0,0
1895000_5753000,1895000.0,5753000.0,0
1900000_5753000,1900000.0,5753000.0,0
1905000_5753000,1905000.0,5753000.0,0
1910000_5753000,1910000.0,5753000.0,0
1915000_5753000,1915000.0,5753000.0,0
1920000_5753000,1920000.0,5753000.0,0
1925000_5753000,1925000.0,5753000.0,0
1930000_5753000,1930000.0,5753000.0,0
1935000_5753000,1935000.0,5753000.0,0
1940000_5753000,1940000.0,5753000.0,0
1945000_5753000,1945000.0,5753000.0,0
1950000_5753000,1950000.0,5753000.0,0
1955000_5753000,1955000.0,5753000.0,0
1960000_5753000,1960000.0,5753000.0,0
1965000_5753000,1965000.0,5753000.0,0
1970000_5753000,1970000.0,5753000.0,0
1975000_5753000,1975000.0,5753000.0,0
1980000_5753000,1980000.0,5753000.0,0
1985000_5753000,1985000.0,5753000.0,0
1990000_5753000,1990000.0,5753000.0,0
1995000_5753000,1995000.0,5753000.0,0
2000000_5753000,2000000.0,5753000.0,0
2005000_5753000,2005000.0,5753000.0,0
2010000_5753000,2010000.0,5753000.0,0
2015000_5753000,2015000.0,5753000.0,0
2020000_5753000,2020000.0,5753000.0,0
2025000_5753000,2025000.0,5753000.0,0
2030000_5753000,2030000.0,5753000.0,0
2035000_5753000,2035000.0,5753000.0,0
2040000_5753000,2040000.0,5753000.0,0
2045000_5753000,2045000.0,5753000.0,0
2050000_5753000,2050000.0,5753000.0,0
2055000_5753000,2055000.0,5753000.0,0
2060000_5753000,2060000.0,5753000.0,0
2065000_5753000,2065000.0,5753000.0,0
1750000_5758000,1750000.0,5758000.0,0
1755000_5758000,1755000.0,5758000.0,0
1760000_5758000,1760000.0,5758000.0,0
1765000_5758000,1765000.0,5758000.0,0
1770000_5758000,1770000.0,5758000.0,0
1775000_5758000,1775000.0,5758000.0,0
1780000_5758000,1780000.0,5758000.0,0
1785000_5758000,1785000.0,5758000.0,0
1790000_5758000,1790000.0,5758000.0,0
1795000_5758000,1795000.0,5758000.0,0
1800000_5758000,1800000.0,5758000.0,0
1805000_5758000,1805000.0,5758000.0,0
1810000_5758000,1810000.0,5758000.0,0
1815000_5758000,1815000.0,5758000.0,0
1820000_5758000,1820000.0,5758000.0,0
1825000_5758000,1825000.0,5758000.0,0
1830000_5758000,1830000.0,5758000.0,0
1835000_5758000,1835000.0,5758000.0,0
1840000_5758000,1840000.0,5758000.0,0
1845000_5758000,1845000.0,5758000.0,0
1850000_5758000,1850000.0,5758000.0,0
1855000_5758000,1855000.0,5758000.0,0
1860000_5758000,1860000.0,5758000.0,0
1865000_5758000,1865000.0,5758000.0,0
1870000_5758000,1870000.0,5758000.0,0
1875000_5758000,1875000.0,5758000.0,0
1880000_5758000,1880000.0,5758000.0,0
1885000_5758000,1885000.0,5758000.0,0
1890000_5758000,1890000.0,5758000.0,0
1895000_5758000,1895000.0,5758000.0,0
1900000_5758000,1900000.0,5758000.0,0
1905000_5758000,1905000.0,5758000.0,0
1910000_5758000,1910000.0,5758000.0,0
1915000_5758000,1915000.0,5758000.0,0
1920000_5758000,1920000.0,5758000.0,0
1925000_5758000,1925000.0,5758000.0,0
1930000_5758000,1930000.0,5758000.0,0
1935000_5758000,1935000.0,5758000.0,0
1940000_5758000,1940000.0,5758000.0,0
1945000_5758000,1945000.0,5758000.0,0
1950000_5758000,1950000.0,5758000.0,0
1955000_5758000,1955000.0,5758000.0,0
1960000_5758000,1960000.0,5758000.0,0
1965000_5758000,1965000.0,5758000.0,0
1970000_5758000,1970000.0,5758000.0,0
1975000_5758000,1975000.0,5758000.0,0
1980000_5758000,1980000.0,5758000.0,0
1985000_5758000,1985000.0,5758000.0,0
1990000_5758000,1990000.0,5758000.0,0
1995000_5758000,1995000.0,5758000.0,0
2000000_5758000,2000000.0,5758000.0,0
2005000_5758000,2005000.0,5758000.0,0
2010000_5758000,2010000.0,5758000.0,0
2015000_5758000,2015000.0,5758000.0,0
2020000_5758000,2020000.0,5758000.0,0
2025000_5758000,2025000.0,5758000.0,0
2030000_5758000,2030000.0,5758000.0,0
2035000_5758000,2035000.0,5758000.0,0
2040000_5758000,2040000.0,5758000.0,0
2045000_5758000,2045000.0,5758000.0,0
2050000_5758000,2050000.0,5758000.0,0
2055000_5758000,2055000.0,5758000.0,0
2060000_5758000,2060000.0,5758000.0,0
2065000_5758000,2065000.0,5758000.0,0
1750000_5763000,1750000.0,5763000.0,0
1755000_5763000,1755000.0,5763000.0,0
1760000_5763000,1760000.0,5763000.0,0
1765000_5763000,1765000.0,5763000.0,0
1770000_5763000,1770000.0,5763000.0,0
1775000_5763000,1775000.0,5763000.0,0
1780000_5763000,1780000.0,5763000.0,0
1785000_5763000,1785000.0,5763000.0,0
1790000_5763000,1790000.0,5763000.0,0
1795000_5763000,1795000.0,5763000.0,0
1800000_5763000,1800000.0,5763000.0,0
1805000_5763000,1805000.0,5763000.0,0
1810000_5763000,1810000.0,5763000.0,0
1815000_5763000,1815000.0,5763000.0,0
1820000_5763000,1820000.0,5763000.0,0
1825000_5763000,1825000.0,5763000.0,0
1830000_5763000,1830000.0,5763000.0,0
1835000_5763000,1835000.0,5763000.0,0
1840000_5763000,1840000.0,5763000.0,0
1845000_5763000,1845000.0,5763000.0,0
1850000_5763000,1850000.0,5763000.0,0
1855000_5763000,1855000.0,5763000.0,0
1860000_5763000,1860000.0,5763000.0,0
1865000_5763000,1865000.0,5763000.0,0
1870000_5763000,1870000.0,5763000.0,0
1875000_5763000,1875000.0,5763000.0,0
1880000_5763000,1880000.0,5763000.0,0
1885000_5763000,1885000.0,5763000.0,0
1890000_5763000,1890000.0,5763000.0,0
1895000_5763000,1895000.0,5763000.0,0
1900000_5763000,1900000.0,5763000.0,0
1905000_5763000,1905000.0,5763000.0,0
1910000_5763000,1910000.0,5763000.0,0
1915000_5763000,1915000.0,5763000.0,0
1920000_5763000,1920000.0,5763000.0,0
1925000_5763000,1925000.0,5763000.0,0
1930000_5763000,1930000.0,5763000.0,0
1935000_5763000,1935000.0,5763000.0,0
1940000_5763000,1940000.0,5763000.0,0
1945000_5763000,1945000.0,5763000.0,0
1950000_5763000,1950000.0,5763000.0,0
1955000_5763000,1955000.0,5763000.0,0
1960000_5763000,1960000.0,5763000.0,0
1965000_5763000,1965000.0,5763000.0,0
1970000_5763000,1970000.0,5763000.0,0
1975000_5763000,1975000.0,5763000.0,0
1980000_5763000,1980000.0,5763000.0,0
1985000_5763000,1985000.0,5763000.0,0
1990000_5763000,1990000.0,5763000.0,0
1995000_5763000,1995000.0,5763000.0,0
2000000_5763000,2000000.0,5763000.0,0
2005000_5763000,2005000.0,5763000.0,0
2010000_5763000,2010000.0,5763000.0,0
2015000_5763000,2015000.0,5763000.0,0
2020000_5763000,2020000.0,5763000.0,0
2025000_5763000,2025000.0,5763000.0,0
2030000_5763000,2030000.0,5763000.0,0
2035000_5763000,2035000.0,5763000.0,0
2040000_5763000,2040000.0,5763000.0,0
2045000_5763000,2045000.0,5763000.0,0
2050000_5763000,2050000.0,5763000.0,0
2055000_5763000,2055000.0,5763000.0,0
2060000_5763000,2060000.0,5763000.0,0
2065000_5763000,2065000.0,5763000.0,0
1755000_5768000,1755000.0,5768000.0,0
1760000_5768000,1760000.0,5768000.0,0
1765000_5768000,1765000.0,5768000.0,0
1770000_5768000,1770000.0,5768000.0,0
1775000_5768000,1775000.0,5768000.0,0
1780000_5768000,1780000.0,5768000.0,0
1785000_5768000,1785000.0,5768000.0,0
1790000_5768000,1790000.0,5768000.0,0
1795000_5768000,1795000.0,5768000.0,0
1800000_5768000,1800000.0,5768000.0,0
1805000_5768000,1805000.0,5768000.0,0
1810000_5768000,1810000.0,5768000.0,0
1815000_5768000,1815000.0,5768000.0,0
1820000_5768000,1820000.0,5768000.0,0
1825000_5768000,1825000.0,5768000.0,0
1830000_5768000,1830000.0,5768000.0,0
1835000_5768000,1835000.0,5768000.0,0
1840000_5768000,1840000.0,5768000.0,0
1845000_5768000,1845000.0,5768000.0,0
1850000_5768000,1850000.0,5768000.0,0
1855000_5768000,1855000.0,5768000.0,0
1860000_5768000,1860000.0,5768000.0,0
1865000_5768000,1865000.0,5768000.0,0
1870000_5768000,1870000.0,5768000.0,0
1875000_5768000,1875000.0,5768000.0,0
1880000_5768000,1880000.0,5768000.0,0
1885000_5768000,1885000.0,5768000.0,0
1890000_5768000,1890000.0,5768000.0,0
1895000_5768000,1895000.0,5768000.0,0
1900000_5768000,1900000.0,5768000.0,0
1905000_5768000,1905000.0,5768000.0,0
1910000_5768000,1910000.0,5768000.0,0
1915000_5768000,1915000.0,5768000.0,0
1920000_5768000,1920000.0,5768000.0,0
1925000_5768000,1925000.0,5768000.0,0
1930000_5768000,1930000.0,5768000.0,0
1935000_5768000,1935000.0,5768000.0,0
1940000_5768000,1940000.0,5768000.0,0
1945000_5768000,1945000.0,5768000.0,0
1950000_5768000,1950000.0,5768000.0,0
1955000_5768000,1955000.0,5768000.0,0
1960000_5768000,1960000.0,5768000.0,0
1965000_5768000,1965000.0,5768000.0,0
1970000_5768000,1970000.0,5768000.0,0
1975000_5768000,1975000.0,5768000.0,0
1980000_5768000,1980000.0,5768000.0,0
1985000_5768000,1985000.0,5768000.0,0
1990000_5768000,1990000.0,5768000.0,0
1995000_5768000,1995000.0,5768000.0,0
2000000_5768000,2000000.0,5768000.0,0
2005000_5768000,2005000.0,5768000.0,0
2010000_5768000,2010000.0,5768000.0,0
2015000_5768000,2015000.0,5768000.0,0
2020000_5768000,2020000.0,5768000.0,0
2025000_5768000,2025000.0,5768000.0,0
2030000_5768000,2030000.0,5768000.0,0
2035000_5768000,2035000.0,5768000.0,0
2040000_5768000,2040000.0,5768000.0,0
2045000_5768000,2045000.0,5768000.0,0
2050000_5768000,2050000.0,5768000.0,0
2055000_5768000,2055000.0,5768000.0,0
2060000_5768000,2060000.0,5768000.0,0
2065000_5768000,2065000.0,5768000.0,0
1750000_5773000,1750000.0,5773000.0,0
1755000_5773000,1755000.0,5773000.0,0
1760000_5773000,1760000.0,5773000.0,0
1765000_5773000,1765000.0,5773000.0,0
1770000_5773000,1770000.0,5773000.0,0
1775000_5773000,1775000.0,5773000.0,0
1780000_5773000,1780000.0,5773000.0,0
1785000_5773000,1785000.0,5773000.0,0
1790000_5773000,1790000.0,5773000.0,0
1795000_5773000,1795000.0,5773000.0,0
1800000_5773000,1800000.0,5773000.0,0
1805000_5773000,1805000.0,5773000.0,0
1810000_5773000,1810000.0,5773000.0,0
1815000_5773000,1815000.0,5773000.0,0
1820000_5773000,1820000.0,5773000.0,0
1825000_5773000,1825000.0,5773000.0,0
1830000_5773000,1830000.0,5773000.0,0
1835000_5773000,1835000.0,5773000.0,0
1840000_5773000,1840000.0,5773000.0,0
1845000_5773000,1845000.0,5773000.0,0
1850000_5773000,1850000.0,5773000.0,0
1855000_5773000,1855000.0,5773000.0,0
1860000_5773000,1860000.0,5773000.0,0
1865000_5773000,1865000.0,5773000.0,0
1870000_5773000,1870000.0,5773000.0,0
1875000_5773000,1875000.0,5773000.0,0
1880000_5773000,1880000.0,5773000.0,0
1885000_5773000,1885000.0,5773000.0,0
1890000_5773000,1890000.0,5773000.0,0
1895000_5773000,1895000.0,5773000.0,0
1900000_5773000,1900000.0,5773000.0,0
1905000_5773000,1905000.0,5773000.0,0
1910000_5773000,1910000.0,5773000.0,0
1915000_5773000,1915000.0,5773000.0,0
1920000_5773000,1920000.0,5773000.0,0
1925000_5773000,1925000.0,5773000.0,0
1930000_5773000,1930000.0,5773000.0,0
1935000_5773000,1935000.0,5773000.0,0
1940000_5773000,1940000.0,5773000.0,0
1945000_5773000,1945000.0,5773000.0,0
1950000_5773000,1950000.0,5773000.0,0
1955000_5773000,1955000.0,5773000.0,0
1960000_5773000,1960000.0,5773000.0,0
1965000_5773000,1965000.0,5773000.0,0
1970000_5773000,1970000.0,5773000.0,0
1975000_5773000,1975000.0,5773000.0,0
1980000_5773000,1980000.0,5773000.0,0
1985000_5773000,1985000.0,5773000.0,0
1990000_5773000,1990000.0,5773000.0,0
1995000_5773000,1995000.0,5773000.0,0
2000000_5773000,2000000.0,5773000.0,0
2005000_5773000,2005000.0,5773000.0,0
2010000_5773000,2010000.0,5773000.0,0
2015000_5773000,2015000.0,5773000.0,0
2020000_5773000,2020000.0,5773000.0,0
2025000_5773000,2025000.0,5773000.0,0
2030000_5773000,2030000.0,5773000.0,0
2035000_5773000,2035000.0,5773000.0,0
2040000_5773000,2040000.0,5773000.0,0
2045000_5773000,2045000.0,5773000.0,0
2050000_5773000,2050000.0,5773000.0,0
2055000_5773000,2055000.0,5773000.0,0
2060000_5773000,2060000.0,5773000.0,0
2065000_5773000,2065000.0,5773000.0,0
2070000_5773000,2070000.0,5773000.0,0
1750000_5778000,1750000.0,5778000.0,0
1755000_5778000,1755000.0,5778000.0,0
1765000_5778000,1765000.0,5778000.0,0
1770000_5778000,1770000.0,5778000.0,0
1775000_5778000,1775000.0,5778000.0,0
1780000_5778000,1780000.0,5778000.0,0
1785000_5778000,1785000.0,5778000.0,0
1790000_5778000,1790000.0,5778000.0,0
1795000_5778000,1795000.0,5778000.0,0
1800000_5778000,1800000.0,5778000.0,0
1805000_5778000,1805000.0,5778000.0,0
1810000_5778000,1810000.0,5778000.0,0
1815000_5778000,1815000.0,5778000.0,0
1820000_5778000,1820000.0,5778000.0,0
1825000_5778000,1825000.0,5778000.0,0
1830000_5778000,1830000.0,5778000.0,0
1835000_5778000,1835000.0,5778000.0,0
1840000_5778000,1840000.0,5778000.0,0
1845000_5778000,1845000.0,5778000.0,0
1850000_5778000,1850000.0,5778000.0,0
1855000_5778000,1855000.0,5778000.0,0
1860000_5778000,1860000.0,5778000.0,0
1865000_5778000,1865000.0,5778000.0,0
1870000_5778000,1870000.0,5778000.0,0
1875000_5778000,1875000.0,5778000.0,0
1880000_5778000,1880000.0,5778000.0,0
1885000_5778000,1885000.0,5778000.0,0
1890000_5778000,1890000.0,5778000.0,0
1895000_5778000,1895000.0,5778000.0,0
1900000_5778000,1900000.0,5778000.0,0
1905000_5778000,1905000.0,5778000.0,0
1910000_5778000,1910000.0,5778000.0,0
1915000_5778000,1915000.0,5778000.0,0
1920000_5778000,1920000.0,5778000.0,0
1925000_5778000,1925000.0,5778000.0,0
1930000_5778000,1930000.0,5778000.0,0
1935000_5778000,1935000.0,5778000.0,0
1940000_5778000,1940000.0,5778000.0,0
1945000_5778000,1945000.0,5778000.0,0
1950000_5778000,1950000.0,5778000.0,0
1955000_5778000,1955000.0,5778000.0,0
1960000_5778000,1960000.0,5778000.0,0
1965000_5778000,1965000.0,5778000.0,0
1970000_5778000,1970000.0,5778000.0,0
1975000_5778000,1975000.0,5778000.0,0
1980000_5778000,1980000.0,5778000.0,0
1985000_5778000,1985000.0,5778000.0,0
1990000_5778000,1990000.0,5778000.0,0
1995000_5778000,1995000.0,5778000.0,0
2000000_5778000,2000000.0,5778000.0,0
2005000_5778000,2005000.0,5778000.0,0
2010000_5778000,2010000.0,5778000.0,0
2015000_5778000,2015000.0,5778000.0,0
2020000_5778000,2020000.0,5778000.0,0
2025000_5778000,2025000.0,5778000.0,0
2030000_5778000,2030000.0,5778000.0,0
2035000_5778000,2035000.0,5778000.0,0
2040000_5778000,2040000.0,5778000.0,0
2045000_5778000,2045000.0,5778000.0,0
2050000_5778000,2050000.0,5778000.0,0
2055000_5778000,2055000.0,5778000.0,0
2060000_5778000,2060000.0,5778000.0,0
2065000_5778000,2065000.0,5778000.0,0
1770000_5783000,1770000.0,5783000.0,0
1775000_5783000,1775000.0,5783000.0,0
1780000_5783000,1780000.0,5783000.0,0
1785000_5783000,1785000.0,5783000.0,0
1790000_5783000,1790000.0,5783000.0,0
1795000_5783000,1795000.0,5783000.0,0
1800000_5783000,1800000.0,5783000.0,0
1805000_5783000,1805000.0,5783000.0,0
1810000_5783000,1810000.0,5783000.0,0
1815000_5783000,1815000.0,5783000.0,0
1820000_5783000,1820000.0,5783000.0,0
1825000_5783000,1825000.0,5783000.0,0
1830000_5783000,1830000.0,5783000.0,0
1835000_5783000,1835000.0,5783000.0,0
1840000_5783000,1840000.0,5783000.0,0
1845000_5783000,1845000.0,5783000.0,0
1850000_5783000,1850000.0,5783000.0,0
1855000_5783000,1855000.0,5783000.0,0
1860000_5783000,1860000.0,5783000.0,0
1865000_5783000,1865000.0,5783000.0,0
1870000_5783000,1870000.0,5783000.0,0
1875000_5783000,1875000.0,5783000.0,0
1880000_5783000,1880000.0,5783000.0,0
1885000_5783000,1885000.0,5783000.0,0
1890000_5783000,1890000.0,5783000.0,0
1895000_5783000,1895000.0,5783000.0,0
1900000_5783000,1900000.0,5783000.0,0
1905000_5783000,1905000.0,5783000.0,0
1910000_5783000,1910000.0,5783000.0,0
1915000_5783000,1915000.0,5783000.0,0
1920000_5783000,1920000.0,5783000.0,0
1925000_5783000,1925000.0,5783000.0,0
1930000_5783000,1930000.0,5783000.0,0
1935000_5783000,1935000.0,5783000.0,0
1940000_5783000,1940000.0,5783000.0,0
1945000_5783000,1945000.0,5783000.0,0
1950000_5783000,1950000.0,5783000.0,0
1955000_5783000,1955000.0,5783000.0,0
1960000_5783000,1960000.0,5783000.0,0
1965000_5783000,1965000.0,5783000.0,0
1970000_5783000,1970000.0,5783000.0,0
1975000_5783000,1975000.0,5783000.0,0
1980000_5783000,1980000.0,5783000.0,0
1985000_5783000,1985000.0,5783000.0,0
1990000_5783000,1990000.0,5783000.0,0
1995000_5783000,1995000.0,5783000.0,0
2000000_5783000,2000000.0,5783000.0,0
2005000_5783000,2005000.0,5783000.0,0
2010000_5783000,2010000.0,5783000.0,0
2015000_5783000,2015000.0,5783000.0,0
2020000_5783000,2020000.0,5783000.0,0
2025000_5783000,2025000.0,5783000.0,0
2030000_5783000,2030000.0,5783000.0,0
2035000_5783000,2035000.0,5783000.0,0
2040000_5783000,2040000.0,5783000.0,0
2045000_5783000,2045000.0,5783000.0,0
2050000_5783000,2050000.0,5783000.0,0
2055000_5783000,2055000.0,5783000.0,0
2060000_5783000,2060000.0,5783000.0,0
2065000_5783000,2065000.0,5783000.0,0
2070000_5783000,2070000.0,5783000.0,0
1760000_5788000,1760000.0,5788000.0,0
1765000_5788000,1765000.0,5788000.0,0
1770000_5788000,1770000.0,5788000.0,0
1775000_5788000,1775000.0,5788000.0,0
1780000_5788000,1780000.0,5788000.0,0
1785000_5788000,1785000.0,5788000.0,0
1790000_5788000,1790000.0,5788000.0,0
1795000_5788000,1795000.0,5788000.0,0
1800000_5788000,1800000.0,5788000.0,0
1805000_5788000,1805000.0,5788000.0,0
1810000_5788000,1810000.0,5788000.0,0
1815000_5788000,1815000.0,5788000.0,0
1820000_5788000,1820000.0,5788000.0,0
1825000_5788000,1825000.0,5788000.0,0
1830000_5788000,1830000.0,5788000.0,0
1835000_5788000,1835000.0,5788000.0,0
1840000_5788000,1840000.0,5788000.0,0
1845000_5788000,1845000.0,5788000.0,0
1850000_5788000,1850000.0,5788000.0,0
1855000_5788000,1855000.0,5788000.0,0
1860000_5788000,1860000.0,5788000.0,0
1865000_5788000,1865000.0,5788000.0,0
1870000_5788000,1870000.0,5788000.0,0
1875000_5788000,1875000.0,5788000.0,0
1880000_5788000,1880000.0,5788000.0,0
1885000_5788000,1885000.0,5788000.0,0
1890000_5788000,1890000.0,5788000.0,0
1895000_5788000,1895000.0,5788000.0,0
1900000_5788000,1900000.0,5788000.0,0
1905000_5788000,1905000.0,5788000.0,0
1910000_5788000,1910000.0,5788000.0,0
1915000_5788000,1915000.0,5788000.0,0
1920000_5788000,1920000.0,5788000.0,0
1925000_5788000,1925000.0,5788000.0,0
1930000_5788000,1930000.0,5788000.0,0
1935000_5788000,1935000.0,5788000.0,0
1940000_5788000,1940000.0,5788000.0,0
1945000_5788000,1945000.0,5788000.0,0
1950000_5788000,1950000.0,5788000.0,0
1955000_5788000,1955000.0,5788000.0,0
1990000_5788000,1990000.0,5788000.0,0
1995000_5788000,1995000.0,5788000.0,0
2000000_5788000,2000000.0,5788000.0,0
2005000_5788000,2005000.0,5788000.0,0
2010000_5788000,2010000.0,5788000.0,0
2015000_5788000,2015000.0,5788000.0,0
2020000_5788000,2020000.0,5788000.0,0
2025000_5788000,2025000.0,5788000.0,0
2030000_5788000,2030000.0,5788000.0,0
2035000_5788000,2035000.0,5788000.0,0
2040000_5788000,2040000.0,5788000.0,0
2045000_5788000,2045000.0,5788000.0,0
2050000_5788000,2050000.0,5788000.0,0
2055000_5788000,2055000.0,5788000.0,0
2060000_5788000,2060000.0,5788000.0,0
2065000_5788000,2065000.0,5788000.0,0
2070000_5788000,2070000.0,5788000.0,0
1765000_5793000,1765000.0,5793000.0,0
1770000_5793000,1770000.0,5793000.0,0
1775000_5793000,1775000.0,5793000.0,0
1780000_5793000,1780000.0,5793000.0,0
1785000_5793000,1785000.0,5793000.0,0
1790000_5793000,1790000.0,5793000.0,0
1795000_5793000,1795000.0,5793000.0,0
1800000_5793000,1800000.0,5793000.0,0
1805000_5793000,1805000.0,5793000.0,0
1810000_5793000,1810000.0,5793000.0,0
1815000_5793000,1815000.0,5793000.0,0
1820000_5793000,1820000.0,5793000.0,0
1825000_5793000,1825000.0,5793000.0,0
1830000_5793000,1830000.0,5793000.0,0
1835000_5793000,1835000.0,5793000.0,0
1840000_5793000,1840000.0,5793000.0,0
1845000_5793000,1845000.0,5793000.0,0
1850000_5793000,1850000.0,5793000.0,0
1855000_5793000,1855000.0,5793000.0,0
1860000_5793000,1860000.0,5793000.0,0
1865000_5793000,1865000.0,5793000.0,0
1870000_5793000,1870000.0,5793000.0,0
1875000_5793000,1875000.0,5793000.0,0
1880000_5793000,1880000.0,5793000.0,0
1885000_5793000,1885000.0,5793000.0,0
1890000_5793000,1890000.0,5793000.0,0
1895000_5793000,1895000.0,5793000.0,0
1900000_5793000,1900000.0,5793000.0,0
1905000_5793000,1905000.0,5793000.0,0
1910000_5793000,1910000.0,5793000.0,0
1915000_5793000,1915000.0,5793000.0,0
1920000_5793000,1920000.0,5793000.0,0
1925000_5793000,1925000.0,5793000.0,0
1930000_5793000,1930000.0,5793000.0,0
1935000_5793000,1935000.0,5793000.0,0
1940000_5793000,1940000.0,5793000.0,0
1945000_5793000,1945000.0,5793000.0,0
1950000_5793000,1950000.0,5793000.0,0
2000000_5793000,2000000.0,5793000.0,0
2005000_5793000,2005000.0,5793000.0,0
2010000_5793000,2010000.0,5793000.0,0
2015000_5793000,2015000.0,5793000.0,0
2020000_5793000,2020000.0,5793000.0,0
2025000_5793000,2025000.0,5793000.0,0
2030000_5793000,2030000.0,5793000.0,0
2035000_5793000,2035000.0,5793000.0,0
2040000_5793000,2040000.0,5793000.0,0
2045000_5793000,2045000.0,5793000.0,0
2050000_5793000,2050000.0,5793000.0,0
2055000_5793000,2055000.0,5793000.0,0
2060000_5793000,2060000.0,5793000.0,0
2065000_5793000,2065000.0,5793000.0,0
2070000_5793000,2070000.0,5793000.0,0
2075000_5793000,2075000.0,5793000.0,0
1760000_5798000,1760000.0,5798000.0,0
1765000_5798000,1765000.0,5798000.0,0
1770000_5798000,1770000.0,5798000.0,0
1775000_5798000,1775000.0,5798000.0,0
1780000_5798000,1780000.0,5798000.0,0
1785000_5798000,1785000.0,5798000.0,0
1790000_5798000,1790000.0,5798000.0,0
1795000_5798000,1795000.0,5798000.0,0
1800000_5798000,1800000.0,5798000.0,0
1805000_5798000,1805000.0,5798000.0,0
1810000_5798000,1810000.0,5798000.0,0
1815000_5798000,1815000.0,5798000.0,0
1820000_5798000,1820000.0,5798000.0,0
1825000_5798000,1825000.0,5798000.0,0
1830000_5798000,1830000.0,5798000.0,0
1835000_5798000,1835000.0,5798000.0,0
1840000_5798000,1840000.0,5798000.0,0
1845000_5798000,1845000.0,5798000.0,0
1850000_5798000,1850000.0,5798000.0,0
1855000_5798000,1855000.0,5798000.0,0
1860000_5798000,1860000.0,5798000.0,0
1865000_5798000,1865000.0,5798000.0,0
1870000_5798000,1870000.0,5798000.0,0
1875000_5798000,1875000.0,5798000.0,0
1880000_5798000,1880000.0,5798000.0,0
1885000_5798000,1885000.0,5798000.0,0
1890000_5798000,1890000.0,5798000.0,0
1895000_5798000,1895000.0,5798000.0,0
1900000_5798000,1900000.0,5798000.0,0
1905000_5798000,1905000.0,5798000.0,0
1910000_5798000,1910000.0,5798000.0,0
1915000_5798000,1915000.0,5798000.0,0
1920000_5798000,1920000.0,5798000.0,0
1925000_5798000,1925000.0,5798000.0,0
1930000_5798000,1930000.0,5798000.0,0
1935000_5798000,1935000.0,5798000.0,0
2005000_5798000,2005000.0,5798000.0,0
2010000_5798000,2010000.0,5798000.0,0
2015000_5798000,2015000.0,5798000.0,0
2020000_5798000,2020000.0,5798000.0,0
2025000_5798000,2025000.0,5798000.0,0
2030000_5798000,2030000.0,5798000.0,0
2035000_5798000,2035000.0,5798000.0,0
2040000_5798000,2040000.0,5798000.0,0
2045000_5798000,2045000.0,5798000.0,0
2050000_5798000,2050000.0,5798000.0,0
2055000_5798000,2055000.0,5798000.0,0
2060000_5798000,2060000.0,5798000.0,0
2065000_5798000,2065000.0,5798000.0,0
2070000_5798000,2070000.0,5798000.0,0
2075000_5798000,2075000.0,5798000.0,0
1760000_5803000,1760000.0,5803000.0,0
1765000_5803000,1765000.0,5803000.0,0
1770000_5803000,1770000.0,5803000.0,0
1775000_5803000,1775000.0,5803000.0,0
1780000_5803000,1780000.0,5803000.0,0
1785000_5803000,1785000.0,5803000.0,0
1790000_5803000,1790000.0,5803000.0,0
1795000_5803000,1795000.0,5803000.0,0
1800000_5803000,1800000.0,5803000.0,0
1805000_5803000,1805000.0,5803000.0,0
1810000_5803000,1810000.0,5803000.0,0
1815000_5803000,1815000.0,5803000.0,0
1820000_5803000,1820000.0,5803000.0,0
1825000_5803000,1825000.0,5803000.0,0
1830000_5803000,1830000.0,5803000.0,0
1835000_5803000,1835000.0,5803000.0,0
1840000_5803000,1840000.0,5803000.0,0
1845000_5803000,1845000.0,5803000.0,0
1850000_5803000,1850000.0,5803000.0,0
1855000_5803000,1855000.0,5803000.0,0
1860000_5803000,1860000.0,5803000.0,0
1865000_5803000,1865000.0,5803000.0,0
1870000_5803000,1870000.0,5803000.0,0
1875000_5803000,1875000.0,5803000.0,0
1880000_5803000,1880000.0,5803000.0,0
1885000_5803000,1885000.0,5803000.0,0
1890000_5803000,1890000.0,5803000.0,0
1895000_5803000,1895000.0,5803000.0,0
1900000_5803000,1900000.0,5803000.0,0
1905000_5803000,1905000.0,5803000.0,0
1910000_5803000,1910000.0,5803000.0,0
1915000_5803000,1915000.0,5803000.0,0
1920000_5803000,1920000.0,5803000.0,0
1950000_5803000,1950000.0,5803000.0,0
2010000_5803000,2010000.0,5803000.0,0
2015000_5803000,2015000.0,5803000.0,0
2020000_5803000,2020000.0,5803000.0,0
2025000_5803000,2025000.0,5803000.0,0
2030000_5803000,2030000.0,5803000.0,0
2035000_5803000,2035000.0,5803000.0,0
2040000_5803000,2040000.0,5803000.0,0
2045000_5803000,2045000.0,5803000.0,0
2050000_5803000,2050000.0,5803000.0,0
2055000_5803000,2055000.0,5803000.0,0
2060000_5803000,2060000.0,5803000.0,0
2065000_5803000,2065000.0,5803000.0,0
2070000_5803000,2070000.0,5803000.0,0
2075000_5803000,2075000.0,5803000.0,0
2080000_5803000,2080000.0,5803000.0,0
1755000_5808000,1755000.0,5808000.0,0
1760000_5808000,1760000.0,5808000.0,0
1765000_5808000,1765000.0,5808000.0,0
1770000_5808000,1770000.0,5808000.0,0
1775000_5808000,1775000.0,5808000.0,0
1780000_5808000,1780000.0,5808000.0,0
1785000_5808000,1785000.0,5808000.0,0
1790000_5808000,1790000.0,5808000.0,0
1795000_5808000,1795000.0,5808000.0,0
1800000_5808000,1800000.0,5808000.0,0
1805000_5808000,1805000.0,5808000.0,0
1810000_5808000,1810000.0,5808000.0,0
1815000_5808000,1815000.0,5808000.0,0
1820000_5808000,1820000.0,5808000.0,0
1825000_5808000,1825000.0,5808000.0,0
1830000_5808000,1830000.0,5808000.0,0
1835000_5808000,1835000.0,5808000.0,0
1840000_5808000,1840000.0,5808000.0,0
1845000_5808000,1845000.0,5808000.0,0
1850000_5808000,1850000.0,5808000.0,0
1855000_5808000,1855000.0,5808000.0,0
1860000_5808000,1860000.0,5808000.0,0
1865000_5808000,1865000.0,5808000.0,0
1870000_5808000,1870000.0,5808000.0,0
1875000_5808000,1875000.0,5808000.0,0
1880000_5808000,1880000.0,5808000.0,0
1885000_5808000,1885000.0,5808000.0,0
1890000_5808000,1890000.0,5808000.0,0
1895000_5808000,1895000.0,5808000.0,0
1900000_5808000,1900000.0,5808000.0,0
1905000_5808000,1905000.0,5808000.0,0
1910000_5808000,1910000.0,5808000.0,0
1915000_5808000,1915000.0,5808000.0,0
2015000_5808000,2015000.0,5808000.0,0
2020000_5808000,2020000.0,5808000.0,0
2025000_5808000,2025000.0,5808000.0,0
2030000_5808000,2030000.0,5808000.0,0
2035000_5808000,2035000.0,5808000.0,0
2040000_5808000,2040000.0,5808000.0,0
2045000_5808000,2045000.0,5808000.0,0
2050000_5808000,2050000.0,5808000.0,0
2055000_5808000,2055000.0,5808000.0,0
2060000_5808000,2060000.0,5808000.0,0
2065000_5808000,2065000.0,5808000.0,0
2070000_5808000,2070000.0,5808000.0,0
2075000_5808000,2075000.0,5808000.0,0
2080000_5808000,2080000.0,5808000.0,0
2085000_5808000,2085000.0,5808000.0,0
1765000_5813000,1765000.0,5813000.0,0
1770000_5813000,1770000.0,5813000.0,0
1775000_5813000,1775000.0,5813000.0,0
1780000_5813000,1780000.0,5813000.0,0
1785000_5813000,1785000.0,5813000.0,0
1790000_5813000,1790000.0,5813000.0,0
1795000_5813000,1795000.0,5813000.0,0
1800000_5813000,1800000.0,5813000.0,0
1805000_5813000,1805000.0,5813000.0,0
1810000_5813000,1810000.0,5813000.0,0
1815000_5813000,1815000.0,5813000.0,0
1820000_5813000,1820000.0,5813000.0,0
1825000_5813000,1825000.0,5813000.0,0
1830000_5813000,1830000.0,5813000.0,0
1835000_5813000,1835000.0,5813000.0,0
1840000_5813000,1840000.0,5813000.0,0
1845000_5813000,1845000.0,5813000.0,0
1850000_5813000,1850000.0,5813000.0,0
1855000_5813000,1855000.0,5813000.0,0
1860000_5813000,1860000.0,5813000.0,0
1865000_5813000,1865000.0,5813000.0,0
1870000_5813000,1870000.0,5813000.0,0
1875000_5813000,1875000.0,5813000.0,0
1880000_5813000,1880000.0,5813000.0,0
1885000_5813000,1885000.0,5813000.0,0
1890000_5813000,1890000.0,5813000.0,0
1895000_5813000,1895000.0,5813000.0,0
1900000_5813000,1900000.0,5813000.0,0
1905000_5813000,1905000.0,5813000.0,0
2015000_5813000,2015000.0,5813000.0,0
2020000_5813000,2020000.0,5813000.0,0
2025000_5813000,2025000.0,5813000.0,0
2030000_5813000,2030000.0,5813000.0,0
2035000_5813000,2035000.0,5813000.0,0
2040000_5813000,2040000.0,5813000.0,0
2045000_5813000,2045000.0,5813000.0,0
2050000_5813000,2050000.0,5813000.0,0
2055000_5813000,2055000.0,5813000.0,0
2060000_5813000,2060000.0,5813000.0,0
2065000_5813000,2065000.0,5813000.0,0
2070000_5813000,2070000.0,5813000.0,0
2075000_5813000,2075000.0,5813000.0,0
2080000_5813000,2080000.0,5813000.0,0
2085000_5813000,2085000.0,5813000.0,0
1765000_5818000,1765000.0,5818000.0,0
1775000_5818000,1775000.0,5818000.0,0
1780000_5818000,1780000.0,5818000.0,0
1785000_5818000,1785000.0,5818000.0,0
1790000_5818000,1790000.0,5818000.0,0
1795000_5818000,1795000.0,5818000.0,0
1800000_5818000,1800000.0,5818000.0,0
1805000_5818000,1805000.0,5818000.0,0
1810000_5818000,1810000.0,5818000.0,0
1815000_5818000,1815000.0,5818000.0,0
1820000_5818000,1820000.0,5818000.0,0
1825000_5818000,1825000.0,5818000.0,0
1830000_5818000,1830000.0,5818000.0,0
1835000_5818000,1835000.0,5818000.0,0
1840000_5818000,1840000.0,5818000.0,0
1845000_5818000,1845000.0,5818000.0,0
1850000_5818000,1850000.0,5818000.0,0
1855000_5818000,1855000.0,5818000.0,0
1860000_5818000,1860000.0,5818000.0,0
1865000_5818000,1865000.0,5818000.0,0
1870000_5818000,1870000.0,5818000.0,0
1875000_5818000,1875000.0,5818000.0,0
1880000_5818000,1880000.0,5818000.0,0
1885000_5818000,1885000.0,5818000.0,0
1890000_5818000,1890000.0,5818000.0,0
1895000_5818000,1895000.0,5818000.0,0
2020000_5818000,2020000.0,5818000.0,0
2025000_5818000,2025000.0,5818000.0,0
2030000_5818000,2030000.0,5818000.0,0
2035000_5818000,2035000.0,5818000.0,0
2040000_5818000,2040000.0,5818000.0,0
2045000_5818000,2045000.0,5818000.0,0
2050000_5818000,2050000.0,5818000.0,0
2055000_5818000,2055000.0,5818000.0,0
2060000_5818000,2060000.0,5818000.0,0
2065000_5818000,2065000.0,5818000.0,0
2070000_5818000,2070000.0,5818000.0,0
2075000_5818000,2075000.0,5818000.0,0
2080000_5818000,2080000.0,5818000.0,0
2085000_5818000,2085000.0,5818000.0,0
1765000_5823000,1765000.0,5823000.0,0
1770000_5823000,1770000.0,5823000.0,0
1775000_5823000,1775000.0,5823000.0,0
1780000_5823000,1780000.0,5823000.0,0
1785000_5823000,1785000.0,5823000.0,0
1790000_5823000,1790000.0,5823000.0,0
1795000_5823000,1795000.0,5823000.0,0
1800000_5823000,1800000.0,5823000.0,0
1805000_5823000,1805000.0,5823000.0,0
1810000_5823000,1810000.0,5823000.0,0
1815000_5823000,1815000.0,5823000.0,0
1820000_5823000,1820000.0,5823000.0,0
1825000_5823000,1825000.0,5823000.0,0
1830000_5823000,1830000.0,5823000.0,0
1835000_5823000,1835000.0,5823000.0,0
1840000_5823000,1840000.0,5823000.0,0
1845000_5823000,1845000.0,5823000.0,0
1850000_5823000,1850000.0,5823000.0,0
1855000_5823000,1855000.0,5823000.0,0
1860000_5823000,1860000.0,5823000.0,0
1865000_5823000,1865000.0,5823000.0,0
1870000_5823000,1870000.0,5823000.0,0
1875000_5823000,1875000.0,5823000.0,0
1885000_5823000,1885000.0,5823000.0,0
2035000_5823000,2035000.0,5823000.0,0
2040000_5823000,2040000.0,5823000.0,0
2045000_5823000,2045000.0,5823000.0,0
2050000_5823000,2050000.0,5823000.0,0
2055000_5823000,2055000.0,5823000.0,0
2060000_5823000,2060000.0,5823000.0,0
2065000_5823000,2065000.0,5823000.0,0
2070000_5823000,2070000.0,5823000.0,0
1760000_5828000,1760000.0,5828000.0,0
1765000_5828000,1765000.0,5828000.0,0
1770000_5828000,1770000.0,5828000.0,0
1775000_5828000,1775000.0,5828000.0,0
1780000_5828000,1780000.0,5828000.0,0
1785000_5828000,1785000.0,5828000.0,0
1790000_5828000,1790000.0,5828000.0,0
1795000_5828000,1795000.0,5828000.0,0
1800000_5828000,1800000.0,5828000.0,0
1805000_5828000,1805000.0,5828000.0,0
1810000_5828000,1810000.0,5828000.0,0
1815000_5828000,1815000.0,5828000.0,0
1820000_5828000,1820000.0,5828000.0,0
1825000_5828000,1825000.0,5828000.0,0
1830000_5828000,1830000.0,5828000.0,0
1835000_5828000,1835000.0,5828000.0,0
1840000_5828000,1840000.0,5828000.0,0
1845000_5828000,1845000.0,5828000.0,0
1850000_5828000,1850000.0,5828000.0,0
1855000_5828000,1855000.0,5828000.0,0
1860000_5828000,1860000.0,5828000.0,0
1865000_5828000,1865000.0,5828000.0,0
2040000_5828000,2040000.0,5828000.0,0
2045000_5828000,2045000.0,5828000.0,0
2050000_5828000,2050000.0,5828000.0,0
2055000_5828000,2055000.0,5828000.0,0
2060000_5828000,2060000.0,5828000.0,0
2065000_5828000,2065000.0,5828000.0,0
1760000_5833000,1760000.0,5833000.0,0
1765000_5833000,1765000.0,5833000.0,0
1770000_5833000,1770000.0,5833000.0,0
1775000_5833000,1775000.0,5833000.0,0
1780000_5833000,1780000.0,5833000.0,0
1785000_5833000,1785000.0,5833000.0,0
1790000_5833000,1790000.0,5833000.0,0
1795000_5833000,1795000.0,5833000.0,0
1800000_5833000,1800000.0,5833000.0,0
1805000_5833000,1805000.0,5833000.0,0
1810000_5833000,1810000.0,5833000.0,0
1815000_5833000,1815000.0,5833000.0,0
1820000_5833000,1820000.0,5833000.0,0
1825000_5833000,1825000.0,5833000.0,0
1830000_5833000,1830000.0,5833000.0,0
1835000_5833000,1835000.0,5833000.0,0
1840000_5833000,1840000.0,5833000.0,0
1845000_5833000,1845000.0,5833000.0,0
1850000_5833000,1850000.0,5833000.0,0
1855000_5833000,1855000.0,5833000.0,0
1860000_5833000,1860000.0,5833000.0,0
1875000_5833000,1875000.0,5833000.0,0
2060000_5833000,2060000.0,5833000.0,0
1760000_5838000,1760000.0,5838000.0,0
1765000_5838000,1765000.0,5838000.0,0
1770000_5838000,1770000.0,5838000.0,0
1775000_5838000,1775000.0,5838000.0,0
1780000_5838000,1780000.0,5838000.0,0
1785000_5838000,1785000.0,5838000.0,0
1790000_5838000,1790000.0,5838000.0,0
1795000_5838000,1795000.0,5838000.0,0
1800000_5838000,1800000.0,5838000.0,0
1805000_5838000,1805000.0,5838000.0,0
1810000_5838000,1810000.0,5838000.0,0
1815000_5838000,1815000.0,5838000.0,0
1820000_5838000,1820000.0,5838000.0,0
1825000_5838000,1825000.0,5838000.0,0
1830000_5838000,1830000.0,5838000.0,0
1835000_5838000,1835000.0,5838000.0,0
1840000_5838000,1840000.0,5838000.0,0
1845000_5838000,1845000.0,5838000.0,0
1850000_5838000,1850000.0,5838000.0,0
1855000_5838000,1855000.0,5838000.0,0
1870000_5838000,1870000.0,5838000.0,0
1760000_5843000,1760000.0,5843000.0,0
1765000_5843000,1765000.0,5843000.0,0
1770000_5843000,1770000.0,5843000.0,0
1775000_5843000,1775000.0,5843000.0,0
1780000_5843000,1780000.0,5843000.0,0
1785000_5843000,1785000.0,5843000.0,0
1790000_5843000,1790000.0,5843000.0,0
1795000_5843000,1795000.0,5843000.0,0
1800000_5843000,1800000.0,5843000.0,0
1805000_5843000,1805000.0,5843000.0,0
1810000_5843000,1810000.0,5843000.0,0
1815000_5843000,1815000.0,5843000.0,0
1820000_5843000,1820000.0,5843000.0,0
1825000_5843000,1825000.0,5843000.0,0
1830000_5843000,1830000.0,5843000.0,0
1835000_5843000,1835000.0,5843000.0,0
1840000_5843000,1840000.0,5843000.0,0
1845000_5843000,1845000.0,5843000.0,0
1850000_5843000,1850000.0,5843000.0,0
1855000_5843000,1855000.0,5843000.0,0
1860000_5843000,1860000.0,5843000.0,0
1755000_5848000,1755000.0,5848000.0,0
1760000_5848000,1760000.0,5848000.0,0
1765000_5848000,1765000.0,5848000.0,0
1770000_5848000,1770000.0,5848000.0,0
1775000_5848000,1775000.0,5848000.0,0
1780000_5848000,1780000.0,5848000.0,0
1785000_5848000,1785000.0,5848000.0,0
1790000_5848000,1790000.0,5848000.0,0
1795000_5848000,1795000.0,5848000.0,0
1800000_5848000,1800000.0,5848000.0,0
1805000_5848000,1805000.0,5848000.0,0
1810000_5848000,1810000.0,5848000.0,0
1815000_5848000,1815000.0,5848000.0,0
1820000_5848000,1820000.0,5848000.0,0
1825000_5848000,1825000.0,5848000.0,0
1830000_5848000,1830000.0,5848000.0,0
1835000_5848000,1835000.0,5848000.0,0
1840000_5848000,1840000.0,5848000.0,0
1845000_5848000,1845000.0,5848000.0,0
1850000_5848000,1850000.0,5848000.0,0
1855000_5848000,1855000.0,5848000.0,0
1865000_5848000,1865000.0,5848000.0,0
1755000_5853000,1755000.0,5853000.0,0
1760000_5853000,1760000.0,5853000.0,0
1765000_5853000,1765000.0,5853000.0,0
1770000_5853000,1770000.0,5853000.0,0
1775000_5853000,1775000.0,5853000.0,0
1780000_5853000,1780000.0,5853000.0,0
1785000_5853000,1785000.0,5853000.0,0
1790000_5853000,1790000.0,5853000.0,0
1795000_5853000,1795000.0,5853000.0,0
1800000_5853000,1800000.0,5853000.0,0
1805000_5853000,1805000.0,5853000.0,0
1810000_5853000,1810000.0,5853000.0,0
1815000_5853000,1815000.0,5853000.0,0
1820000_5853000,1820000.0,5853000.0,0
1825000_5853000,1825000.0,5853000.0,0
1830000_5853000,1830000.0,5853000.0,0
1835000_5853000,1835000.0,5853000.0,0
1840000_5853000,1840000.0,5853000.0,0
1845000_5853000,1845000.0,5853000.0,0
1850000_5853000,1850000.0,5853000.0,0
1855000_5853000,1855000.0,5853000.0,0
1860000_5853000,1860000.0,5853000.0,0
1755000_5858000,1755000.0,5858000.0,0
1760000_5858000,1760000.0,5858000.0,0
1765000_5858000,1765000.0,5858000.0,0
1770000_5858000,1770000.0,5858000.0,0
1775000_5858000,1775000.0,5858000.0,0
1780000_5858000,1780000.0,5858000.0,0
1785000_5858000,1785000.0,5858000.0,0
1790000_5858000,1790000.0,5858000.0,0
1795000_5858000,1795000.0,5858000.0,0
1800000_5858000,1800000.0,5858000.0,0
1805000_5858000,1805000.0,5858000.0,0
1810000_5858000,1810000.0,5858000.0,0
1815000_5858000,1815000.0,5858000.0,0
1820000_5858000,1820000.0,5858000.0,0
1825000_5858000,1825000.0,5858000.0,0
1830000_5858000,1830000.0,5858000.0,0
1835000_5858000,1835000.0,5858000.0,0
1840000_5858000,1840000.0,5858000.0,0
1845000_5858000,1845000.0,5858000.0,0
1850000_5858000,1850000.0,5858000.0,0
1855000_5858000,1855000.0,5858000.0,0
1860000_5858000,1860000.0,5858000.0,0
1755000_5863000,1755000.0,5863000.0,0
1760000_5863000,1760000.0,5863000.0,0
1765000_5863000,1765000.0,5863000.0,0
1770000_5863000,1770000.0,5863000.0,0
1775000_5863000,1775000.0,5863000.0,0
1780000_5863000,1780000.0,5863000.0,0
1785000_5863000,1785000.0,5863000.0,0
1790000_5863000,1790000.0,5863000.0,0
1795000_5863000,1795000.0,5863000.0,0
1800000_5863000,1800000.0,5863000.0,0
1805000_5863000,1805000.0,5863000.0,0
1810000_5863000,1810000.0,5863000.0,0
1815000_5863000,1815000.0,5863000.0,0
1820000_5863000,1820000.0,5863000.0,0
1825000_5863000,1825000.0,5863000.0,0
1830000_5863000,1830000.0,5863000.0,0
1835000_5863000,1835000.0,5863000.0,0
1840000_5863000,1840000.0,5863000.0,0
1845000_5863000,1845000.0,5863000.0,0
1850000_5863000,1850000.0,5863000.0,0
1855000_5863000,1855000.0,5863000.0,0
1860000_5863000,1860000.0,5863000.0,0
1750000_5868000,1750000.0,5868000.0,0
1755000_5868000,1755000.0,5868000.0,0
1760000_5868000,1760000.0,5868000.0,0
1765000_5868000,1765000.0,5868000.0,0
1770000_5868000,1770000.0,5868000.0,0
1775000_5868000,1775000.0,5868000.0,0
1780000_5868000,1780000.0,5868000.0,0
1785000_5868000,1785000.0,5868000.0,0
1790000_5868000,1790000.0,5868000.0,0
1795000_5868000,1795000.0,5868000.0,0
1800000_5868000,1800000.0,5868000.0,0
1805000_5868000,1805000.0,5868000.0,0
1810000_5868000,1810000.0,5868000.0,0
1815000_5868000,1815000.0,5868000.0,0
1820000_5868000,1820000.0,5868000.0,0
1825000_5868000,1825000.0,5868000.0,0
1830000_5868000,1830000.0,5868000.0,0
1835000_5868000,1835000.0,5868000.0,0
1840000_5868000,1840000.0,5868000.0,0
1845000_5868000,1845000.0,5868000.0,0
1850000_5868000,1850000.0,5868000.0,0
1855000_5868000,1855000.0,5868000.0,0
1890000_5868000,1890000.0,5868000.0,0
1750000_5873000,1750000.0,5873000.0,0
1755000_5873000,1755000.0,5873000.0,0
1760000_5873000,1760000.0,5873000.0,0
1765000_5873000,1765000.0,5873000.0,0
1770000_5873000,1770000.0,5873000.0,0
1775000_5873000,1775000.0,5873000.0,0
1780000_5873000,1780000.0,5873000.0,0
1785000_5873000,1785000.0,5873000.0,0
1790000_5873000,1790000.0,5873000.0,0
1795000_5873000,1795000.0,5873000.0,0
1800000_5873000,1800000.0,5873000.0,0
1805000_5873000,1805000.0,5873000.0,0
1810000_5873000,1810000.0,5873000.0,0
1815000_5873000,1815000.0,5873000.0,0
1820000_5873000,1820000.0,5873000.0,0
1825000_5873000,1825000.0,5873000.0,0
1830000_5873000,1830000.0,5873000.0,0
1835000_5873000,1835000.0,5873000.0,0
1840000_5873000,1840000.0,5873000.0,0
1845000_5873000,1845000.0,5873000.0,0
1850000_5873000,1850000.0,5873000.0,0
1855000_5873000,1855000.0,5873000.0,0
1745000_5878000,1745000.0,5878000.0,0
1750000_5878000,1750000.0,5878000.0,0
1755000_5878000,1755000.0,5878000.0,0
1760000_5878000,1760000.0,5878000.0,0
1765000_5878000,1765000.0,5878000.0,0
1770000_5878000,1770000.0,5878000.0,0
1775000_5878000,1775000.0,5878000.0,0
1780000_5878000,1780000.0,5878000.0,0
1785000_5878000,1785000.0,5878000.0,0
1790000_5878000,1790000.0,5878000.0,0
1795000_5878000,1795000.0,5878000.0,0
1800000_5878000,1800000.0,5878000.0,0
1805000_5878000,1805000.0,5878000.0,0
1810000_5878000,1810000.0,5878000.0,0
1815000_5878000,1815000.0,5878000.0,0
1820000_5878000,1820000.0,5878000.0,0
1825000_5878000,1825000.0,5878000.0,0
1830000_5878000,1830000.0,5878000.0,0
1835000_5878000,1835000.0,5878000.0,0
1840000_5878000,1840000.0,5878000.0,0
1845000_5878000,1845000.0,5878000.0,0
1850000_5878000,1850000.0,5878000.0,0
1855000_5878000,1855000.0,5878000.0,0
1745000_5883000,1745000.0,5883000.0,0
1755000_5883000,1755000.0,5883000.0,0
1760000_5883000,1760000.0,5883000.0,0
1765000_5883000,1765000.0,5883000.0,0
1770000_5883000,1770000.0,5883000.0,0
1775000_5883000,1775000.0,5883000.0,0
1780000_5883000,1780000.0,5883000.0,0
1785000_5883000,1785000.0,5883000.0,0
1790000_5883000,1790000.0,5883000.0,0
1795000_5883000,1795000.0,5883000.0,0
1800000_5883000,1800000.0,5883000.0,0
1805000_5883000,1805000.0,5883000.0,0
1825000_5883000,1825000.0,5883000.0,0
1830000_5883000,1830000.0,5883000.0,0
1835000_5883000,1835000.0,5883000.0,0
1840000_5883000,1840000.0,5883000.0,0
1845000_5883000,1845000.0,5883000.0,0
1850000_5883000,1850000.0,5883000.0,0
1855000_5883000,1855000.0,5883000.0,0
1745000_5888000,1745000.0,5888000.0,0
1755000_5888000,1755000.0,5888000.0,0
1760000_5888000,1760000.0,5888000.0,0
1765000_5888000,1765000.0,5888000.0,0
1770000_5888000,1770000.0,5888000.0,0
1775000_5888000,1775000.0,5888000.0,0
1780000_5888000,1780000.0,5888000.0,0
1785000_5888000,1785000.0,5888000.0,0
1790000_5888000,1790000.0,5888000.0,0
1795000_5888000,1795000.0,5888000.0,0
1800000_5888000,1800000.0,5888000.0,0
1825000_5888000,1825000.0,5888000.0,0
1830000_5888000,1830000.0,5888000.0,0
1835000_5888000,1835000.0,5888000.0,0
1840000_5888000,1840000.0,5888000.0,0
1845000_5888000,1845000.0,5888000.0,0
1850000_5888000,1850000.0,5888000.0,0
1740000_5893000,1740000.0,5893000.0,0
1745000_5893000,1745000.0,5893000.0,0
1760000_5893000,1760000.0,5893000.0,0
1765000_5893000,1765000.0,5893000.0,0
1775000_5893000,1775000.0,5893000.0,0
1780000_5893000,1780000.0,5893000.0,0
1785000_5893000,1785000.0,5893000.0,0
1790000_5893000,1790000.0,5893000.0,0
1795000_5893000,1795000.0,5893000.0,0
1800000_5893000,1800000.0,5893000.0,0
1825000_5893000,1825000.0,5893000.0,0
1830000_5893000,1830000.0,5893000.0,0
1835000_5893000,1835000.0,5893000.0,0
1840000_5893000,1840000.0,5893000.0,0
1845000_5893000,1845000.0,5893000.0,0
1850000_5893000,1850000.0,5893000.0,0
1855000_5893000,1855000.0,5893000.0,0
1740000_5898000,1740000.0,5898000.0,0
1745000_5898000,1745000.0,5898000.0,0
1770000_5898000,1770000.0,5898000.0,0
1775000_5898000,1775000.0,5898000.0,0
1780000_5898000,1780000.0,5898000.0,0
1785000_5898000,1785000.0,5898000.0,0
1790000_5898000,1790000.0,5898000.0,0
1795000_5898000,1795000.0,5898000.0,0
1800000_5898000,1800000.0,5898000.0,0
1825000_5898000,1825000.0,5898000.0,0
1830000_5898000,1830000.0,5898000.0,0
1835000_5898000,1835000.0,5898000.0,0
1840000_5898000,1840000.0,5898000.0,0
1845000_5898000,1845000.0,5898000.0,0
1850000_5898000,1850000.0,5898000.0,0
1855000_5898000,1855000.0,5898000.0,0
1735000_5903000,1735000.0,5903000.0,0
1740000_5903000,1740000.0,5903000.0,0
1760000_5903000,1760000.0,5903000.0,0
1765000_5903000,1765000.0,5903000.0,0
1770000_5903000,1770000.0,5903000.0,0
1775000_5903000,1775000.0,5903000.0,0
1780000_5903000,1780000.0,5903000.0,0
1785000_5903000,1785000.0,5903000.0,0
1790000_5903000,1790000.0,5903000.0,0
1795000_5903000,1795000.0,5903000.0,0
1800000_5903000,1800000.0,5903000.0,0
1825000_5903000,1825000.0,5903000.0,0
1830000_5903000,1830000.0,5903000.0,0
1835000_5903000,1835000.0,5903000.0,0
1840000_5903000,1840000.0,5903000.0,0
1845000_5903000,1845000.0,5903000.0,0
1850000_5903000,1850000.0,5903000.0,0
1735000_5908000,1735000.0,5908000.0,0
1740000_5908000,1740000.0,5908000.0,0
1745000_5908000,1745000.0,5908000.0,0
1755000_5908000,1755000.0,5908000.0,0
1760000_5908000,1760000.0,5908000.0,0
1765000_5908000,1765000.0,5908000.0,0
1770000_5908000,1770000.0,5908000.0,0
1775000_5908000,1775000.0,5908000.0,0
1780000_5908000,1780000.0,5908000.0,0
1790000_5908000,1790000.0,5908000.0,0
1795000_5908000,1795000.0,5908000.0,0
1825000_5908000,1825000.0,5908000.0,0
1830000_5908000,1830000.0,5908000.0,0
1835000_5908000,1835000.0,5908000.0,0
1840000_5908000,1840000.0,5908000.0,0
1845000_5908000,1845000.0,5908000.0,0
1850000_5908000,1850000.0,5908000.0,0
1730000_5913000,1730000.0,5913000.0,0
1735000_5913000,1735000.0,5913000.0,0
1740000_5913000,1740000.0,5913000.0,0
1745000_5913000,1745000.0,5913000.0,0
1750000_5913000,1750000.0,5913000.0,0
1755000_5913000,1755000.0,5913000.0,0
1760000_5913000,1760000.0,5913000.0,0
1765000_5913000,1765000.0,5913000.0,0
1770000_5913000,1770000.0,5913000.0,0
1780000_5913000,1780000.0,5913000.0,0
1785000_5913000,1785000.0,5913000.0,0
1820000_5913000,1820000.0,5913000.0,0
1825000_5913000,1825000.0,5913000.0,0
1830000_5913000,1830000.0,5913000.0,0
1835000_5913000,1835000.0,5913000.0,0
1840000_5913000,1840000.0,5913000.0,0
1845000_5913000,1845000.0,5913000.0,0
1850000_5913000,1850000.0,5913000.0,0
1730000_5918000,1730000.0,5918000.0,0
1735000_5918000,1735000.0,5918000.0,0
1740000_5918000,1740000.0,5918000.0,0
1745000_5918000,1745000.0,5918000.0,0
1755000_5918000,1755000.0,5918000.0,0
1760000_5918000,1760000.0,5918000.0,0
1765000_5918000,1765000.0,5918000.0,0
1770000_5918000,1770000.0,5918000.0,0
1795000_5918000,1795000.0,5918000.0,0
1820000_5918000,1820000.0,5918000.0,0
1825000_5918000,1825000.0,5918000.0,0
1830000_5918000,1830000.0,5918000.0,0
1835000_5918000,1835000.0,5918000.0,0
1845000_5918000,1845000.0,5918000.0,0
1850000_5918000,1850000.0,5918000.0,0
1730000_5923000,1730000.0,5923000.0,0
1735000_5923000,1735000.0,5923000.0,0
1740000_5923000,1740000.0,5923000.0,0
1745000_5923000,1745000.0,5923000.0,0
1760000_5923000,1760000.0,5923000.0,0
1785000_5923000,1785000.0,5923000.0,0
1790000_5923000,1790000.0,5923000.0,0
1820000_5923000,1820000.0,5923000.0,0
1825000_5923000,1825000.0,5923000.0,0
1830000_5923000,1830000.0,5923000.0,0
1835000_5923000,1835000.0,5923000.0,0
1840000_5923000,1840000.0,5923000.0,0
1725000_5928000,1725000.0,5928000.0,0
1730000_5928000,1730000.0,5928000.0,0
1735000_5928000,1735000.0,5928000.0,0
1740000_5928000,1740000.0,5928000.0,0
1745000_5928000,1745000.0,5928000.0,0
1750000_5928000,1750000.0,5928000.0,0
1755000_5928000,1755000.0,5928000.0,0
1765000_5928000,1765000.0,5928000.0,0
1770000_5928000,1770000.0,5928000.0,0
1790000_5928000,1790000.0,5928000.0,0
1795000_5928000,1795000.0,5928000.0,0
1820000_5928000,1820000.0,5928000.0,0
1825000_5928000,1825000.0,5928000.0,0
1830000_5928000,1830000.0,5928000.0,0
1835000_5928000,1835000.0,5928000.0,0
1840000_5928000,1840000.0,5928000.0,0
1845000_5928000,1845000.0,5928000.0,0
1725000_5933000,1725000.0,5933000.0,0
1730000_5933000,1730000.0,5933000.0,0
1735000_5933000,1735000.0,5933000.0,0
1740000_5933000,1740000.0,5933000.0,0
1745000_5933000,1745000.0,5933000.0,0
1750000_5933000,1750000.0,5933000.0,0
1755000_5933000,1755000.0,5933000.0,0
1820000_5933000,1820000.0,5933000.0,0
1825000_5933000,1825000.0,5933000.0,0
1830000_5933000,1830000.0,5933000.0,0
1845000_5933000,1845000.0,5933000.0,0
1720000_5938000,1720000.0,5938000.0,0
1725000_5938000,1725000.0,5938000.0,0
1730000_5938000,1730000.0,5938000.0,0
1735000_5938000,1735000.0,5938000.0,0
1740000_5938000,1740000.0,5938000.0,0
1745000_5938000,1745000.0,5938000.0,0
1750000_5938000,1750000.0,5938000.0,0
1755000_5938000,1755000.0,5938000.0,0
1820000_5938000,1820000.0,5938000.0,0
1825000_5938000,1825000.0,5938000.0,0
1720000_5943000,1720000.0,5943000.0,0
1725000_5943000,1725000.0,5943000.0,0
1730000_5943000,1730000.0,5943000.0,0
1735000_5943000,1735000.0,5943000.0,0
1740000_5943000,1740000.0,5943000.0,0
1745000_5943000,1745000.0,5943000.0,0
1750000_5943000,1750000.0,5943000.0,0
1820000_5943000,1820000.0,5943000.0,0
1825000_5943000,1825000.0,5943000.0,0
1830000_5943000,1830000.0,5943000.0,0
1850000_5943000,1850000.0,5943000.0,0
1715000_5948000,1715000.0,5948000.0,0
1720000_5948000,1720000.0,5948000.0,0
1730000_5948000,1730000.0,5948000.0,0
1735000_5948000,1735000.0,5948000.0,0
1740000_5948000,1740000.0,5948000.0,0
1745000_5948000,1745000.0,5948000.0,0
1750000_5948000,1750000.0,5948000.0,0
1820000_5948000,1820000.0,5948000.0,0
1825000_5948000,1825000.0,5948000.0,0
1715000_5953000,1715000.0,5953000.0,0
1720000_5953000,1720000.0,5953000.0,0
1730000_5953000,1730000.0,5953000.0,0
1735000_5953000,1735000.0,5953000.0,0
1740000_5953000,1740000.0,5953000.0,0
1745000_5953000,1745000.0,5953000.0,0
1750000_5953000,1750000.0,5953000.0,0
1810000_5953000,1810000.0,5953000.0,0
1815000_5953000,1815000.0,5953000.0,0
1820000_5953000,1820000.0,5953000.0,0
1825000_5953000,1825000.0,5953000.0,0
1710000_5958000,1710000.0,5958000.0,0
1715000_5958000,1715000.0,5958000.0,0
1730000_5958000,1730000.0,5958000.0,0
1735000_5958000,1735000.0,5958000.0,0
1740000_5958000,1740000.0,5958000.0,0
1745000_5958000,1745000.0,5958000.0,0
1750000_5958000,1750000.0,5958000.0,0
1760000_5958000,1760000.0,5958000.0,0
1810000_5958000,1810000.0,5958000.0,0
1815000_5958000,1815000.0,5958000.0,0
1705000_5963000,1705000.0,5963000.0,0
1710000_5963000,1710000.0,5963000.0,0
1730000_5963000,1730000.0,5963000.0,0
1735000_5963000,1735000.0,5963000.0,0
1740000_5963000,1740000.0,5963000.0,0
1745000_5963000,1745000.0,5963000.0,0
1750000_5963000,1750000.0,5963000.0,0
1730000_5968000,1730000.0,5968000.0,0
1735000_5968000,1735000.0,5968000.0,0
1740000_5968000,1740000.0,5968000.0,0
1745000_5968000,1745000.0,5968000.0,0
1750000_5968000,1750000.0,5968000.0,0
1755000_5968000,1755000.0,5968000.0,0
1765000_5968000,1765000.0,5968000.0,0
1695000_5973000,1695000.0,5973000.0,0
1700000_5973000,1700000.0,5973000.0,0
1715000_5973000,1715000.0,5973000.0,0
1720000_5973000,1720000.0,5973000.0,0
1730000_5973000,1730000.0,5973000.0,0
1735000_5973000,1735000.0,5973000.0,0
1740000_5973000,1740000.0,5973000.0,0
1745000_5973000,1745000.0,5973000.0,0
1750000_5973000,1750000.0,5973000.0,0
1760000_5973000,1760000.0,5973000.0,0
1765000_5973000,1765000.0,5973000.0,0
1695000_5978000,1695000.0,5978000.0,0
1700000_5978000,1700000.0,5978000.0,0
1705000_5978000,1705000.0,5978000.0,0
1715000_5978000,1715000.0,5978000.0,0
1720000_5978000,1720000.0,5978000.0,0
1725000_5978000,1725000.0,5978000.0,0
1730000_5978000,1730000.0,5978000.0,0
1735000_5978000,1735000.0,5978000.0,0
1740000_5978000,1740000.0,5978000.0,0
1745000_5978000,1745000.0,5978000.0,0
1750000_5978000,1750000.0,5978000.0,0
1755000_5978000,1755000.0,5978000.0,0
1825000_5978000,1825000.0,5978000.0,0
1695000_5983000,1695000.0,5983000.0,0
1700000_5983000,1700000.0,5983000.0,0
1720000_5983000,1720000.0,5983000.0,0
1730000_5983000,1730000.0,5983000.0,0
1735000_5983000,1735000.0,5983000.0,0
1740000_5983000,1740000.0,5983000.0,0
1745000_5983000,1745000.0,5983000.0,0
1750000_5983000,1750000.0,5983000.0,0
1755000_5983000,1755000.0,5983000.0,0
1760000_5983000,1760000.0,5983000.0,0
1820000_5983000,1820000.0,5983000.0,0
1825000_5983000,1825000.0,5983000.0,0
1690000_5988000,1690000.0,5988000.0,0
1695000_5988000,1695000.0,5988000.0,0
1710000_5988000,1710000.0,5988000.0,0
1720000_5988000,1720000.0,5988000.0,0
1725000_5988000,1725000.0,5988000.0,0
1730000_5988000,1730000.0,5988000.0,0
1735000_5988000,1735000.0,5988000.0,0
1740000_5988000,1740000.0,5988000.0,0
1745000_5988000,1745000.0,5988000.0,0
1750000_5988000,1750000.0,5988000.0,0
1815000_5988000,1815000.0,5988000.0,0
1820000_5988000,1820000.0,5988000.0,0
1690000_5993000,1690000.0,5993000.0,0
1695000_5993000,1695000.0,5993000.0,0
1705000_5993000,1705000.0,5993000.0,0
1720000_5993000,1720000.0,5993000.0,0
1725000_5993000,1725000.0,5993000.0,0
1730000_5993000,1730000.0,5993000.0,0
1735000_5993000,1735000.0,5993000.0,0
1740000_5993000,1740000.0,5993000.0,0
1745000_5993000,1745000.0,5993000.0,0
1750000_5993000,1750000.0,5993000.0,0
1785000_5993000,1785000.0,5993000.0,0
1810000_5993000,1810000.0,5993000.0,0
1815000_5993000,1815000.0,5993000.0,0
1820000_5993000,1820000.0,5993000.0,0
1685000_5998000,1685000.0,5998000.0,0
1690000_5998000,1690000.0,5998000.0,0
1695000_5998000,1695000.0,5998000.0,0
1700000_5998000,1700000.0,5998000.0,0
1705000_5998000,1705000.0,5998000.0,0
1715000_5998000,1715000.0,5998000.0,0
1720000_5998000,1720000.0,5998000.0,0
1730000_5998000,1730000.0,5998000.0,0
1735000_5998000,1735000.0,5998000.0,0
1740000_5998000,1740000.0,5998000.0,0
1745000_5998000,1745000.0,5998000.0,0
1810000_5998000,1810000.0,5998000.0,0
1815000_5998000,1815000.0,5998000.0,0
1680000_6003000,1680000.0,6003000.0,0
1685000_6003000,1685000.0,6003000.0,0
1690000_6003000,1690000.0,6003000.0,0
1695000_6003000,1695000.0,6003000.0,0
1700000_6003000,1700000.0,6003000.0,0
1705000_6003000,1705000.0,6003000.0,0
1710000_6003000,1710000.0,6003000.0,0
1715000_6003000,1715000.0,6003000.0,0
1720000_6003000,1720000.0,6003000.0,0
1725000_6003000,1725000.0,6003000.0,0
1730000_6003000,1730000.0,6003000.0,0
1735000_6003000,1735000.0,6003000.0,0
1740000_6003000,1740000.0,6003000.0,0
1745000_6003000,1745000.0,6003000.0,0
1815000_6003000,1815000.0,6003000.0,0
1680000_6008000,1680000.0,6008000.0,0
1685000_6008000,1685000.0,6008000.0,0
1690000_6008000,1690000.0,6008000.0,0
1695000_6008000,1695000.0,6008000.0,0
1700000_6008000,1700000.0,6008000.0,0
1705000_6008000,1705000.0,6008000.0,0
1710000_6008000,1710000.0,6008000.0,0
1715000_6008000,1715000.0,6008000.0,0
1720000_6008000,1720000.0,6008000.0,0
1725000_6008000,1725000.0,6008000.0,0
1730000_6008000,1730000.0,6008000.0,0
1735000_6008000,1735000.0,6008000.0,0
1740000_6008000,1740000.0,6008000.0,0
1675000_6013000,1675000.0,6013000.0,0
1680000_6013000,1680000.0,6013000.0,0
1685000_6013000,1685000.0,6013000.0,0
1690000_6013000,1690000.0,6013000.0,0
1695000_6013000,1695000.0,6013000.0,0
1700000_6013000,1700000.0,6013000.0,0
1705000_6013000,1705000.0,6013000.0,0
1710000_6013000,1710000.0,6013000.0,0
1715000_6013000,1715000.0,6013000.0,0
1720000_6013000,1720000.0,6013000.0,0
1725000_6013000,1725000.0,6013000.0,0
1730000_6013000,1730000.0,6013000.0,0
1735000_6013000,1735000.0,6013000.0,0
1670000_6018000,1670000.0,6018000.0,0
1675000_6018000,1675000.0,6018000.0,0
1680000_6018000,1680000.0,6018000.0,0
1685000_6018000,1685000.0,6018000.0,0
1690000_6018000,1690000.0,6018000.0,0
1695000_6018000,1695000.0,6018000.0,0
1700000_6018000,1700000.0,6018000.0,0
1705000_6018000,1705000.0,6018000.0,0
1710000_6018000,1710000.0,6018000.0,0
1715000_6018000,1715000.0,6018000.0,0
1720000_6018000,1720000.0,6018000.0,0
1725000_6018000,1725000.0,6018000.0,0
1730000_6018000,1730000.0,6018000.0,0
1670000_6023000,1670000.0,6023000.0,0
1675000_6023000,1675000.0,6023000.0,0
1680000_6023000,1680000.0,6023000.0,0
1685000_6023000,1685000.0,6023000.0,0
1690000_6023000,1690000.0,6023000.0,0
1695000_6023000,1695000.0,6023000.0,0
1700000_6023000,1700000.0,6023000.0,0
1705000_6023000,1705000.0,6023000.0,0
1710000_6023000,1710000.0,6023000.0,0
1715000_6023000,1715000.0,6023000.0,0
1720000_6023000,1720000.0,6023000.0,0
1725000_6023000,1725000.0,6023000.0,0
1730000_6023000,1730000.0,6023000.0,0
1665000_6028000,1665000.0,6028000.0,0
1670000_6028000,1670000.0,6028000.0,0
1675000_6028000,1675000.0,6028000.0,0
1680000_6028000,1680000.0,6028000.0,0
1685000_6028000,1685000.0,6028000.0,0
1690000_6028000,1690000.0,6028000.0,0
1695000_6028000,1695000.0,6028000.0,0
1700000_6028000,1700000.0,6028000.0,0
1705000_6028000,1705000.0,6028000.0,0
1710000_6028000,1710000.0,6028000.0,0
1715000_6028000,1715000.0,6028000.0,0
1720000_6028000,1720000.0,6028000.0,0
1725000_6028000,1725000.0,6028000.0,0
1730000_6028000,1730000.0,6028000.0,0
1660000_6033000,1660000.0,6033000.0,0
1665000_6033000,1665000.0,6033000.0,0
1670000_6033000,1670000.0,6033000.0,0
1675000_6033000,1675000.0,6033000.0,0
1680000_6033000,1680000.0,6033000.0,0
1685000_6033000,1685000.0,6033000.0,0
1690000_6033000,1690000.0,6033000.0,0
1695000_6033000,1695000.0,6033000.0,0
1700000_6033000,1700000.0,6033000.0,0
1705000_6033000,1705000.0,6033000.0,0
1710000_6033000,1710000.0,6033000.0,0
1715000_6033000,1715000.0,6033000.0,0
1720000_6033000,1720000.0,6033000.0,0
1725000_6033000,1725000.0,6033000.0,0
1730000_6033000,1730000.0,6033000.0,0
1735000_6033000,1735000.0,6033000.0,0
1740000_6033000,1740000.0,6033000.0,0
1655000_6038000,1655000.0,6038000.0,0
1660000_6038000,1660000.0,6038000.0,0
1665000_6038000,1665000.0,6038000.0,0
1670000_6038000,1670000.0,6038000.0,0
1675000_6038000,1675000.0,6038000.0,0
1680000_6038000,1680000.0,6038000.0,0
1685000_6038000,1685000.0,6038000.0,0
1690000_6038000,1690000.0,6038000.0,0
1695000_6038000,1695000.0,6038000.0,0
1700000_6038000,1700000.0,6038000.0,0
1705000_6038000,1705000.0,6038000.0,0
1710000_6038000,1710000.0,6038000.0,0
1715000_6038000,1715000.0,6038000.0,0
1720000_6038000,1720000.0,6038000.0,0
1730000_6038000,1730000.0,6038000.0,0
1735000_6038000,1735000.0,6038000.0,0
1740000_6038000,1740000.0,6038000.0,0
1655000_6043000,1655000.0,6043000.0,0
1660000_6043000,1660000.0,6043000.0,0
1665000_6043000,1665000.0,6043000.0,0
1670000_6043000,1670000.0,6043000.0,0
1675000_6043000,1675000.0,6043000.0,0
1680000_6043000,1680000.0,6043000.0,0
1685000_6043000,1685000.0,6043000.0,0
1690000_6043000,1690000.0,6043000.0,0
1695000_6043000,1695000.0,6043000.0,0
1700000_6043000,1700000.0,6043000.0,0
1705000_6043000,1705000.0,6043000.0,0
1710000_6043000,1710000.0,6043000.0,0
1715000_6043000,1715000.0,6043000.0,0
1720000_6043000,1720000.0,6043000.0,0
1725000_6043000,1725000.0,6043000.0,0
1730000_6043000,1730000.0,6043000.0,0
1735000_6043000,1735000.0,6043000.0,0
1740000_6043000,1740000.0,6043000.0,0
1650000_6048000,1650000.0,6048000.0,0
1655000_6048000,1655000.0,6048000.0,0
1660000_6048000,1660000.0,6048000.0,0
1665000_6048000,1665000.0,6048000.0,0
1670000_6048000,1670000.0,6048000.0,0
1675000_6048000,1675000.0,6048000.0,0
1680000_6048000,1680000.0,6048000.0,0
1685000_6048000,1685000.0,6048000.0,0
1690000_6048000,1690000.0,6048000.0,0
1695000_6048000,1695000.0,6048000.0,0
1700000_6048000,1700000.0,6048000.0,0
1705000_6048000,1705000.0,6048000.0,0
1710000_6048000,1710000.0,6048000.0,0
1715000_6048000,1715000.0,6048000.0,0
1720000_6048000,1720000.0,6048000.0,0
1725000_6048000,1725000.0,6048000.0,0
1730000_6048000,1730000.0,6048000.0,0
1735000_6048000,1735000.0,6048000.0,0
1645000_6053000,1645000.0,6053000.0,0
1650000_6053000,1650000.0,6053000.0,0
1655000_6053000,1655000.0,6053000.0,0
1660000_6053000,1660000.0,6053000.0,0
1665000_6053000,1665000.0,6053000.0,0
1670000_6053000,1670000.0,6053000.0,0
1675000_6053000,1675000.0,6053000.0,0
1680000_6053000,1680000.0,6053000.0,0
1685000_6053000,1685000.0,6053000.0,0
1690000_6053000,1690000.0,6053000.0,0
1695000_6053000,1695000.0,6053000.0,0
1700000_6053000,1700000.0,6053000.0,0
1705000_6053000,1705000.0,6053000.0,0
1710000_6053000,1710000.0,6053000.0,0
1715000_6053000,1715000.0,6053000.0,0
1720000_6053000,1720000.0,6053000.0,0
1725000_6053000,1725000.0,6053000.0,0
1730000_6053000,1730000.0,6053000.0,0
1735000_6053000,1735000.0,6053000.0,0
1640000_6058000,1640000.0,6058000.0,0
1645000_6058000,1645000.0,6058000.0,0
1650000_6058000,1650000.0,6058000.0,0
1655000_6058000,1655000.0,6058000.0,0
1660000_6058000,1660000.0,6058000.0,0
1665000_6058000,1665000.0,6058000.0,0
1670000_6058000,1670000.0,6058000.0,0
1675000_6058000,1675000.0,6058000.0,0
1680000_6058000,1680000.0,6058000.0,0
1685000_6058000,1685000.0,6058000.0,0
1690000_6058000,1690000.0,6058000.0,0
1695000_6058000,1695000.0,6058000.0,0
1700000_6058000,1700000.0,6058000.0,0
1705000_6058000,1705000.0,6058000.0,0
1710000_6058000,1710000.0,6058000.0,0
1715000_6058000,1715000.0,6058000.0,0
1720000_6058000,1720000.0,6058000.0,0
1725000_6058000,1725000.0,6058000.0,0
1730000_6058000,1730000.0,6058000.0,0
1735000_6058000,1735000.0,6058000.0,0
1740000_6058000,1740000.0,6058000.0,0
1640000_6063000,1640000.0,6063000.0,0
1645000_6063000,1645000.0,6063000.0,0
1650000_6063000,1650000.0,6063000.0,0
1655000_6063000,1655000.0,6063000.0,0
1660000_6063000,1660000.0,6063000.0,0
1665000_6063000,1665000.0,6063000.0,0
1670000_6063000,1670000.0,6063000.0,0
1675000_6063000,1675000.0,6063000.0,0
1680000_6063000,1680000.0,6063000.0,0
1685000_6063000,1685000.0,6063000.0,0
1690000_6063000,1690000.0,6063000.0,0
1695000_6063000,1695000.0,6063000.0,0
1700000_6063000,1700000.0,6063000.0,0
1705000_6063000,1705000.0,6063000.0,0
1710000_6063000,1710000.0,6063000.0,0
1715000_6063000,1715000.0,6063000.0,0
1720000_6063000,1720000.0,6063000.0,0
1725000_6063000,1725000.0,6063000.0,0
1730000_6063000,1730000.0,6063000.0,0
1735000_6063000,1735000.0,6063000.0,0
1640000_6068000,1640000.0,6068000.0,0
1645000_6068000,1645000.0,6068000.0,0
1650000_6068000,1650000.0,6068000.0,0
1655000_6068000,1655000.0,6068000.0,0
1660000_6068000,1660000.0,6068000.0,0
1665000_6068000,1665000.0,6068000.0,0
1670000_6068000,1670000.0,6068000.0,0
1675000_6068000,1675000.0,6068000.0,0
1680000_6068000,1680000.0,6068000.0,0
1685000_6068000,1685000.0,6068000.0,0
1690000_6068000,1690000.0,6068000.0,0
1695000_6068000,1695000.0,6068000.0,0
1700000_6068000,1700000.0,6068000.0,0
1705000_6068000,1705000.0,6068000.0,0
1710000_6068000,1710000.0,6068000.0,0
1715000_6068000,1715000.0,6068000.0,0
1720000_6068000,1720000.0,6068000.0,0
1725000_6068000,1725000.0,6068000.0,0
1730000_6068000,1730000.0,6068000.0,0
1630000_6073000,1630000.0,6073000.0,0
1640000_6073000,1640000.0,6073000.0,0
1645000_6073000,1645000.0,6073000.0,0
1650000_6073000,1650000.0,6073000.0,0
1655000_6073000,1655000.0,6073000.0,0
1660000_6073000,1660000.0,6073000.0,0
1665000_6073000,1665000.0,6073000.0,0
1670000_6073000,1670000.0,6073000.0,0
1675000_6073000,1675000.0,6073000.0,0
1680000_6073000,1680000.0,6073000.0,0
1685000_6073000,1685000.0,6073000.0,0
1690000_6073000,1690000.0,6073000.0,0
1695000_6073000,1695000.0,6073000.0,0
1700000_6073000,1700000.0,6073000.0,0
1705000_6073000,1705000.0,6073000.0,0
1710000_6073000,1710000.0,6073000.0,0
1715000_6073000,1715000.0,6073000.0,0
1720000_6073000,1720000.0,6073000.0,0
1725000_6073000,1725000.0,6073000.0,0
1730000_6073000,1730000.0,6073000.0,0
1630000_6078000,1630000.0,6078000.0,0
1645000_6078000,1645000.0,6078000.0,0
1650000_6078000,1650000.0,6078000.0,0
1655000_6078000,1655000.0,6078000.0,0
1660000_6078000,1660000.0,6078000.0,0
1665000_6078000,1665000.0,6078000.0,0
1670000_6078000,1670000.0,6078000.0,0
1675000_6078000,1675000.0,6078000.0,0
1680000_6078000,1680000.0,6078000.0,0
1685000_6078000,1685000.0,6078000.0,0
1690000_6078000,1690000.0,6078000.0,0
1695000_6078000,1695000.0,6078000.0,0
1700000_6078000,1700000.0,6078000.0,0
1705000_6078000,1705000.0,6078000.0,0
1710000_6078000,1710000.0,6078000.0,0
1715000_6078000,1715000.0,6078000.0,0
1720000_6078000,1720000.0,6078000.0,0
1625000_6083000,1625000.0,6083000.0,0
1630000_6083000,1630000.0,6083000.0,0
1650000_6083000,1650000.0,6083000.0,0
1655000_6083000,1655000.0,6083000.0,0
1660000_6083000,1660000.0,6083000.0,0
1665000_6083000,1665000.0,6083000.0,0
1670000_6083000,1670000.0,6083000.0,0
1675000_6083000,1675000.0,6083000.0,0
1680000_6083000,1680000.0,6083000.0,0
1685000_6083000,1685000.0,6083000.0,0
1690000_6083000,1690000.0,6083000.0,0
1695000_6083000,1695000.0,6083000.0,0
1700000_6083000,1700000.0,6083000.0,0
1705000_6083000,1705000.0,6083000.0,0
1710000_6083000,1710000.0,6083000.0,0
1715000_6083000,1715000.0,6083000.0,0
1720000_6083000,1720000.0,6083000.0,0
1620000_6088000,1620000.0,6088000.0,0
1625000_6088000,1625000.0,6088000.0,0
1630000_6088000,1630000.0,6088000.0,0
1635000_6088000,1635000.0,6088000.0,0
1640000_6088000,1640000.0,6088000.0,0
1645000_6088000,1645000.0,6088000.0,0
1655000_6088000,1655000.0,6088000.0,0
1660000_6088000,1660000.0,6088000.0,0
1665000_6088000,1665000.0,6088000.0,0
1670000_6088000,1670000.0,6088000.0,0
1675000_6088000,1675000.0,6088000.0,0
1680000_6088000,1680000.0,6088000.0,0
1685000_6088000,1685000.0,6088000.0,0
1690000_6088000,1690000.0,6088000.0,0
1695000_6088000,1695000.0,6088000.0,0
1700000_6088000,1700000.0,6088000.0,0
1705000_6088000,1705000.0,6088000.0,0
1710000_6088000,1710000.0,6088000.0,0
1715000_6088000,1715000.0,6088000.0,0
1615000_6093000,1615000.0,6093000.0,0
1620000_6093000,1620000.0,6093000.0,0
1625000_6093000,1625000.0,6093000.0,0
1630000_6093000,1630000.0,6093000.0,0
1635000_6093000,1635000.0,6093000.0,0
1640000_6093000,1640000.0,6093000.0,0
1645000_6093000,1645000.0,6093000.0,0
1650000_6093000,1650000.0,6093000.0,0
1655000_6093000,1655000.0,6093000.0,0
1660000_6093000,1660000.0,6093000.0,0
1665000_6093000,1665000.0,6093000.0,0
1670000_6093000,1670000.0,6093000.0,0
1675000_6093000,1675000.0,6093000.0,0
1680000_6093000,1680000.0,6093000.0,0
1685000_6093000,1685000.0,6093000.0,0
1690000_6093000,1690000.0,6093000.0,0
1695000_6093000,1695000.0,6093000.0,0
1700000_6093000,1700000.0,6093000.0,0
1705000_6093000,1705000.0,6093000.0,0
1710000_6093000,1710000.0,6093000.0,0
1715000_6093000,1715000.0,6093000.0,0
1615000_6098000,1615000.0,6098000.0,0
1620000_6098000,1620000.0,6098000.0,0
1625000_6098000,1625000.0,6098000.0,0
1630000_6098000,1630000.0,6098000.0,0
1635000_6098000,1635000.0,6098000.0,0
1640000_6098000,1640000.0,6098000.0,0
1645000_6098000,1645000.0,6098000.0,0
1650000_6098000,1650000.0,6098000.0,0
1655000_6098000,1655000.0,6098000.0,0
1660000_6098000,1660000.0,6098000.0,0
1665000_6098000,1665000.0,6098000.0,0
1670000_6098000,1670000.0,6098000.0,0
1675000_6098000,1675000.0,6098000.0,0
1680000_6098000,1680000.0,6098000.0,0
1685000_6098000,1685000.0,6098000.0,0
1690000_6098000,1690000.0,6098000.0,0
1695000_6098000,1695000.0,6098000.0,0
1715000_6098000,1715000.0,6098000.0,0
1720000_6098000,1720000.0,6098000.0,0
1610000_6103000,1610000.0,6103000.0,0
1615000_6103000,1615000.0,6103000.0,0
1620000_6103000,1620000.0,6103000.0,0
1625000_6103000,1625000.0,6103000.0,0
1630000_6103000,1630000.0,6103000.0,0
1635000_6103000,1635000.0,6103000.0,0
1640000_6103000,1640000.0,6103000.0,0
1645000_6103000,1645000.0,6103000.0,0
1650000_6103000,1650000.0,6103000.0,0
1655000_6103000,1655000.0,6103000.0,0
1660000_6103000,1660000.0,6103000.0,0
1665000_6103000,1665000.0,6103000.0,0
1670000_6103000,1670000.0,6103000.0,0
1675000_6103000,1675000.0,6103000.0,0
1680000_6103000,1680000.0,6103000.0,0
1685000_6103000,1685000.0,6103000.0,0
1690000_6103000,1690000.0,6103000.0,0
1695000_6103000,1695000.0,6103000.0,0
1700000_6103000,1700000.0,6103000.0,0
1615000_6108000,1615000.0,6108000.0,0
1620000_6108000,1620000.0,6108000.0,0
1625000_6108000,1625000.0,6108000.0,0
1630000_6108000,1630000.0,6108000.0,0
1635000_6108000,1635000.0,6108000.0,0
1640000_6108000,1640000.0,6108000.0,0
1645000_6108000,1645000.0,6108000.0,0
1650000_6108000,1650000.0,6108000.0,0
1655000_6108000,1655000.0,6108000.0,0
1660000_6108000,1660000.0,6108000.0,0
1665000_6108000,1665000.0,6108000.0,0
1670000_6108000,1670000.0,6108000.0,0
1675000_6108000,1675000.0,6108000.0,0
1680000_6108000,1680000.0,6108000.0,0
1685000_6108000,1685000.0,6108000.0,0
1690000_6108000,1690000.0,6108000.0,0
1700000_6108000,1700000.0,6108000.0,0
1620000_6113000,1620000.0,6113000.0,0
1625000_6113000,1625000.0,6113000.0,0
1630000_6113000,1630000.0,6113000.0,0
1635000_6113000,1635000.0,6113000.0,0
1640000_6113000,1640000.0,6113000.0,0
1645000_6113000,1645000.0,6113000.0,0
1650000_6113000,1650000.0,6113000.0,0
1655000_6113000,1655000.0,6113000.0,0
1660000_6113000,1660000.0,6113000.0,0
1665000_6113000,1665000.0,6113000.0,0
1670000_6113000,1670000.0,6113000.0,0
1675000_6113000,1675000.0,6113000.0,0
1680000_6113000,1680000.0,6113000.0,0
1685000_6113000,1685000.0,6113000.0,0
1690000_6113000,1690000.0,6113000.0,0
1695000_6113000,1695000.0,6113000.0,0
1620000_6118000,1620000.0,6118000.0,0
1625000_6118000,1625000.0,6118000.0,0
1630000_6118000,1630000.0,6118000.0,0
1635000_6118000,1635000.0,6118000.0,0
1640000_6118000,1640000.0,6118000.0,0
1645000_6118000,1645000.0,6118000.0,0
1650000_6118000,1650000.0,6118000.0,0
1655000_6118000,1655000.0,6118000.0,0
1660000_6118000,1660000.0,6118000.0,0
1665000_6118000,1665000.0,6118000.0,0
1670000_6118000,1670000.0,6118000.0,0
1675000_6118000,1675000.0,6118000.0,0
1680000_6118000,1680000.0,6118000.0,0
1685000_6118000,1685000.0,6118000.0,0
1620000_6123000,1620000.0,6123000.0,0
1625000_6123000,1625000.0,6123000.0,0
1630000_6123000,1630000.0,6123000.0,0
1635000_6123000,1635000.0,6123000.0,0
1640000_6123000,1640000.0,6123000.0,0
1645000_6123000,1645000.0,6123000.0,0
1650000_6123000,1650000.0,6123000.0,0
1655000_6123000,1655000.0,6123000.0,0
1660000_6123000,1660000.0,6123000.0,0
1665000_6123000,1665000.0,6123000.0,0
1670000_6123000,1670000.0,6123000.0,0
1675000_6123000,1675000.0,6123000.0,0
1680000_6123000,1680000.0,6123000.0,0
1615000_6128000,1615000.0,6128000.0,0
1620000_6128000,1620000.0,6128000.0,0
1625000_6128000,1625000.0,6128000.0,0
1630000_6128000,1630000.0,6128000.0,0
1635000_6128000,1635000.0,6128000.0,0
1640000_6128000,1640000.0,6128000.0,0
1655000_6128000,1655000.0,6128000.0,0
1660000_6128000,1660000.0,6128000.0,0
1615000_6133000,1615000.0,6133000.0,0
1620000_6133000,1620000.0,6133000.0,0
1635000_6133000,1635000.0,6133000.0,0
1650000_6133000,1650000.0,6133000.0,0
1655000_6133000,1655000.0,6133000.0,0
1610000_6138000,1610000.0,6138000.0,0
1615000_6138000,1615000.0,6138000.0,0
1620000_6138000,1620000.0,6138000.0,0
1625000_6138000,1625000.0,6138000.0,0
1630000_6138000,1630000.0,6138000.0,0
1605000_6143000,1605000.0,6143000.0,0
1610000_6143000,1610000.0,6143000.0,0
1615000_6143000,1615000.0,6143000.0,0
1635000_6143000,1635000.0,6143000.0,0
1640000_6143000,1640000.0,6143000.0,0
1605000_6148000,1605000.0,6148000.0,0
1610000_6148000,1610000.0,6148000.0,0
1600000_6153000,1600000.0,6153000.0,0
1605000_6153000,1605000.0,6153000.0,0
1610000_6153000,1610000.0,6153000.0,0
1595000_6158000,1595000.0,6158000.0,0
1600000_6158000,1600000.0,6158000.0,0
1605000_6158000,1605000.0,6158000.0,0
1590000_6163000,1590000.0,6163000.0,0
1595000_6163000,1595000.0,6163000.0,0
1600000_6163000,1600000.0,6163000.0,0
1590000_6168000,1590000.0,6168000.0,0
1595000_6168000,1595000.0,6168000.0,0
1600000_6168000,1600000.0,6168000.0,0
1585000_6173000,1585000.0,6173000.0,0
1590000_6173000,1590000.0,6173000.0,0
1600000_6173000,1600000.0,6173000.0,0
1580000_6178000,1580000.0,6178000.0,0
1585000_6178000,1585000.0,6178000.0,0
1575000_6183000,1575000.0,6183000.0,0
1580000_6183000,1580000.0,6183000.0,0
1585000_6183000,1585000.0,6183000.0,0
1590000_6183000,1590000.0,6183000.0,0
1595000_6183000,1595000.0,6183000.0,0
1600000_6183000,1600000.0,6183000.0,0
1575000_6188000,1575000.0,6188000.0,0
1585000_6188000,1585000.0,6188000.0,0
1590000_6188000,1590000.0,6188000.0,0
1595000_6188000,1595000.0,6188000.0,0
1600000_6188000,1600000.0,6188000.0,0
1600000_6193000,1600000.0,6193000.0,0
