siteId,Lon,Lat,Height
1790_5391,1789971.2195,5391175.8316,0
1791_5391,1790971.2195,5391175.8316,0
1792_5391,1791971.2195,5391175.8316,0
1793_5391,1792971.2195,5391175.8316,0
1787_5392,1786971.2195,5392175.8316,0
1788_5392,1787971.2195,5392175.8316,0
1789_5392,1788971.2195,5392175.8316,0
1790_5392,1789971.2195,5392175.8316,0
1791_5392,1790971.2195,5392175.8316,0
1792_5392,1791971.2195,5392175.8316,0
1793_5392,1792971.2195,5392175.8316,0
1794_5392,1793971.2195,5392175.8316,0
1787_5393,1786971.2195,5393175.8316,0
1788_5393,1787971.2195,5393175.8316,0
1789_5393,1788971.2195,5393175.8316,0
1790_5393,1789971.2195,5393175.8316,0
1791_5393,1790971.2195,5393175.8316,0
1792_5393,1791971.2195,5393175.8316,0
1793_5393,1792971.2195,5393175.8316,0
1794_5393,1793971.2195,5393175.8316,0
1795_5393,1794971.2195,5393175.8316,0
1796_5393,1795971.2195,5393175.8316,0
1786_5394,1785971.2195,5394175.8316,0
1787_5394,1786971.2195,5394175.8316,0
1788_5394,1787971.2195,5394175.8316,0
1789_5394,1788971.2195,5394175.8316,0
1790_5394,1789971.2195,5394175.8316,0
1791_5394,1790971.2195,5394175.8316,0
1792_5394,1791971.2195,5394175.8316,0
1793_5394,1792971.2195,5394175.8316,0
1794_5394,1793971.2195,5394175.8316,0
1795_5394,1794971.2195,5394175.8316,0
1796_5394,1795971.2195,5394175.8316,0
1786_5395,1785971.2195,5395175.8316,0
1787_5395,1786971.2195,5395175.8316,0
1788_5395,1787971.2195,5395175.8316,0
1789_5395,1788971.2195,5395175.8316,0
1790_5395,1789971.2195,5395175.8316,0
1791_5395,1790971.2195,5395175.8316,0
1792_5395,1791971.2195,5395175.8316,0
1793_5395,1792971.2195,5395175.8316,0
1794_5395,1793971.2195,5395175.8316,0
1795_5395,1794971.2195,5395175.8316,0
1796_5395,1795971.2195,5395175.8316,0
1797_5395,1796971.2195,5395175.8316,0
1798_5395,1797971.2195,5395175.8316,0
1786_5396,1785971.2195,5396175.8316,0
1787_5396,1786971.2195,5396175.8316,0
1788_5396,1787971.2195,5396175.8316,0
1789_5396,1788971.2195,5396175.8316,0
1790_5396,1789971.2195,5396175.8316,0
1791_5396,1790971.2195,5396175.8316,0
1792_5396,1791971.2195,5396175.8316,0
1793_5396,1792971.2195,5396175.8316,0
1794_5396,1793971.2195,5396175.8316,0
1795_5396,1794971.2195,5396175.8316,0
1796_5396,1795971.2195,5396175.8316,0
1797_5396,1796971.2195,5396175.8316,0
1798_5396,1797971.2195,5396175.8316,0
1799_5396,1798971.2195,5396175.8316,0
1800_5396,1799971.2195,5396175.8316,0
1801_5396,1800971.2195,5396175.8316,0
1802_5396,1801971.2195,5396175.8316,0
1803_5396,1802971.2195,5396175.8316,0
1804_5396,1803971.2195,5396175.8316,0
1786_5397,1785971.2195,5397175.8316,0
1787_5397,1786971.2195,5397175.8316,0
1788_5397,1787971.2195,5397175.8316,0
1789_5397,1788971.2195,5397175.8316,0
1790_5397,1789971.2195,5397175.8316,0
1791_5397,1790971.2195,5397175.8316,0
1792_5397,1791971.2195,5397175.8316,0
1793_5397,1792971.2195,5397175.8316,0
1794_5397,1793971.2195,5397175.8316,0
1795_5397,1794971.2195,5397175.8316,0
1796_5397,1795971.2195,5397175.8316,0
1797_5397,1796971.2195,5397175.8316,0
1798_5397,1797971.2195,5397175.8316,0
1799_5397,1798971.2195,5397175.8316,0
1800_5397,1799971.2195,5397175.8316,0
1801_5397,1800971.2195,5397175.8316,0
1802_5397,1801971.2195,5397175.8316,0
1803_5397,1802971.2195,5397175.8316,0
1804_5397,1803971.2195,5397175.8316,0
1805_5397,1804971.2195,5397175.8316,0
1785_5398,1784971.2195,5398175.8316,0
1786_5398,1785971.2195,5398175.8316,0
1787_5398,1786971.2195,5398175.8316,0
1788_5398,1787971.2195,5398175.8316,0
1789_5398,1788971.2195,5398175.8316,0
1790_5398,1789971.2195,5398175.8316,0
1791_5398,1790971.2195,5398175.8316,0
1792_5398,1791971.2195,5398175.8316,0
1793_5398,1792971.2195,5398175.8316,0
1794_5398,1793971.2195,5398175.8316,0
1795_5398,1794971.2195,5398175.8316,0
1796_5398,1795971.2195,5398175.8316,0
1797_5398,1796971.2195,5398175.8316,0
1798_5398,1797971.2195,5398175.8316,0
1799_5398,1798971.2195,5398175.8316,0
1800_5398,1799971.2195,5398175.8316,0
1801_5398,1800971.2195,5398175.8316,0
1802_5398,1801971.2195,5398175.8316,0
1803_5398,1802971.2195,5398175.8316,0
1804_5398,1803971.2195,5398175.8316,0
1805_5398,1804971.2195,5398175.8316,0
1806_5398,1805971.2195,5398175.8316,0
1785_5399,1784971.2195,5399175.8316,0
1786_5399,1785971.2195,5399175.8316,0
1787_5399,1786971.2195,5399175.8316,0
1788_5399,1787971.2195,5399175.8316,0
1789_5399,1788971.2195,5399175.8316,0
1790_5399,1789971.2195,5399175.8316,0
1791_5399,1790971.2195,5399175.8316,0
1792_5399,1791971.2195,5399175.8316,0
1793_5399,1792971.2195,5399175.8316,0
1794_5399,1793971.2195,5399175.8316,0
1795_5399,1794971.2195,5399175.8316,0
1796_5399,1795971.2195,5399175.8316,0
1797_5399,1796971.2195,5399175.8316,0
1798_5399,1797971.2195,5399175.8316,0
1799_5399,1798971.2195,5399175.8316,0
1800_5399,1799971.2195,5399175.8316,0
1801_5399,1800971.2195,5399175.8316,0
1802_5399,1801971.2195,5399175.8316,0
1803_5399,1802971.2195,5399175.8316,0
1804_5399,1803971.2195,5399175.8316,0
1805_5399,1804971.2195,5399175.8316,0
1806_5399,1805971.2195,5399175.8316,0
1807_5399,1806971.2195,5399175.8316,0
1784_5400,1783971.2195,5400175.8316,0
1785_5400,1784971.2195,5400175.8316,0
1786_5400,1785971.2195,5400175.8316,0
1787_5400,1786971.2195,5400175.8316,0
1788_5400,1787971.2195,5400175.8316,0
1789_5400,1788971.2195,5400175.8316,0
1790_5400,1789971.2195,5400175.8316,0
1791_5400,1790971.2195,5400175.8316,0
1792_5400,1791971.2195,5400175.8316,0
1793_5400,1792971.2195,5400175.8316,0
1794_5400,1793971.2195,5400175.8316,0
1795_5400,1794971.2195,5400175.8316,0
1796_5400,1795971.2195,5400175.8316,0
1797_5400,1796971.2195,5400175.8316,0
1798_5400,1797971.2195,5400175.8316,0
1799_5400,1798971.2195,5400175.8316,0
1800_5400,1799971.2195,5400175.8316,0
1801_5400,1800971.2195,5400175.8316,0
1802_5400,1801971.2195,5400175.8316,0
1803_5400,1802971.2195,5400175.8316,0
1804_5400,1803971.2195,5400175.8316,0
1805_5400,1804971.2195,5400175.8316,0
1806_5400,1805971.2195,5400175.8316,0
1807_5400,1806971.2195,5400175.8316,0
1808_5400,1807971.2195,5400175.8316,0
1784_5401,1783971.2195,5401175.8316,0
1785_5401,1784971.2195,5401175.8316,0
1786_5401,1785971.2195,5401175.8316,0
1787_5401,1786971.2195,5401175.8316,0
1788_5401,1787971.2195,5401175.8316,0
1789_5401,1788971.2195,5401175.8316,0
1790_5401,1789971.2195,5401175.8316,0
1791_5401,1790971.2195,5401175.8316,0
1792_5401,1791971.2195,5401175.8316,0
1793_5401,1792971.2195,5401175.8316,0
1794_5401,1793971.2195,5401175.8316,0
1795_5401,1794971.2195,5401175.8316,0
1796_5401,1795971.2195,5401175.8316,0
1797_5401,1796971.2195,5401175.8316,0
1798_5401,1797971.2195,5401175.8316,0
1799_5401,1798971.2195,5401175.8316,0
1800_5401,1799971.2195,5401175.8316,0
1801_5401,1800971.2195,5401175.8316,0
1802_5401,1801971.2195,5401175.8316,0
1803_5401,1802971.2195,5401175.8316,0
1804_5401,1803971.2195,5401175.8316,0
1805_5401,1804971.2195,5401175.8316,0
1806_5401,1805971.2195,5401175.8316,0
1807_5401,1806971.2195,5401175.8316,0
1808_5401,1807971.2195,5401175.8316,0
1809_5401,1808971.2195,5401175.8316,0
1784_5402,1783971.2195,5402175.8316,0
1785_5402,1784971.2195,5402175.8316,0
1786_5402,1785971.2195,5402175.8316,0
1787_5402,1786971.2195,5402175.8316,0
1788_5402,1787971.2195,5402175.8316,0
1789_5402,1788971.2195,5402175.8316,0
1790_5402,1789971.2195,5402175.8316,0
1791_5402,1790971.2195,5402175.8316,0
1792_5402,1791971.2195,5402175.8316,0
1793_5402,1792971.2195,5402175.8316,0
1794_5402,1793971.2195,5402175.8316,0
1795_5402,1794971.2195,5402175.8316,0
1796_5402,1795971.2195,5402175.8316,0
1797_5402,1796971.2195,5402175.8316,0
1798_5402,1797971.2195,5402175.8316,0
1799_5402,1798971.2195,5402175.8316,0
1800_5402,1799971.2195,5402175.8316,0
1801_5402,1800971.2195,5402175.8316,0
1802_5402,1801971.2195,5402175.8316,0
1803_5402,1802971.2195,5402175.8316,0
1804_5402,1803971.2195,5402175.8316,0
1805_5402,1804971.2195,5402175.8316,0
1806_5402,1805971.2195,5402175.8316,0
1807_5402,1806971.2195,5402175.8316,0
1808_5402,1807971.2195,5402175.8316,0
1809_5402,1808971.2195,5402175.8316,0
1810_5402,1809971.2195,5402175.8316,0
1811_5402,1810971.2195,5402175.8316,0
1785_5403,1784971.2195,5403175.8316,0
1786_5403,1785971.2195,5403175.8316,0
1787_5403,1786971.2195,5403175.8316,0
1788_5403,1787971.2195,5403175.8316,0
1789_5403,1788971.2195,5403175.8316,0
1790_5403,1789971.2195,5403175.8316,0
1791_5403,1790971.2195,5403175.8316,0
1792_5403,1791971.2195,5403175.8316,0
1793_5403,1792971.2195,5403175.8316,0
1794_5403,1793971.2195,5403175.8316,0
1795_5403,1794971.2195,5403175.8316,0
1796_5403,1795971.2195,5403175.8316,0
1797_5403,1796971.2195,5403175.8316,0
1798_5403,1797971.2195,5403175.8316,0
1799_5403,1798971.2195,5403175.8316,0
1800_5403,1799971.2195,5403175.8316,0
1801_5403,1800971.2195,5403175.8316,0
1802_5403,1801971.2195,5403175.8316,0
1803_5403,1802971.2195,5403175.8316,0
1804_5403,1803971.2195,5403175.8316,0
1805_5403,1804971.2195,5403175.8316,0
1806_5403,1805971.2195,5403175.8316,0
1807_5403,1806971.2195,5403175.8316,0
1808_5403,1807971.2195,5403175.8316,0
1809_5403,1808971.2195,5403175.8316,0
1810_5403,1809971.2195,5403175.8316,0
1811_5403,1810971.2195,5403175.8316,0
1812_5403,1811971.2195,5403175.8316,0
1813_5403,1812971.2195,5403175.8316,0
1785_5404,1784971.2195,5404175.8316,0
1786_5404,1785971.2195,5404175.8316,0
1787_5404,1786971.2195,5404175.8316,0
1788_5404,1787971.2195,5404175.8316,0
1789_5404,1788971.2195,5404175.8316,0
1790_5404,1789971.2195,5404175.8316,0
1791_5404,1790971.2195,5404175.8316,0
1792_5404,1791971.2195,5404175.8316,0
1793_5404,1792971.2195,5404175.8316,0
1794_5404,1793971.2195,5404175.8316,0
1795_5404,1794971.2195,5404175.8316,0
1796_5404,1795971.2195,5404175.8316,0
1797_5404,1796971.2195,5404175.8316,0
1798_5404,1797971.2195,5404175.8316,0
1799_5404,1798971.2195,5404175.8316,0
1800_5404,1799971.2195,5404175.8316,0
1801_5404,1800971.2195,5404175.8316,0
1802_5404,1801971.2195,5404175.8316,0
1803_5404,1802971.2195,5404175.8316,0
1804_5404,1803971.2195,5404175.8316,0
1805_5404,1804971.2195,5404175.8316,0
1806_5404,1805971.2195,5404175.8316,0
1807_5404,1806971.2195,5404175.8316,0
1808_5404,1807971.2195,5404175.8316,0
1809_5404,1808971.2195,5404175.8316,0
1810_5404,1809971.2195,5404175.8316,0
1811_5404,1810971.2195,5404175.8316,0
1812_5404,1811971.2195,5404175.8316,0
1813_5404,1812971.2195,5404175.8316,0
1814_5404,1813971.2195,5404175.8316,0
1815_5404,1814971.2195,5404175.8316,0
1816_5404,1815971.2195,5404175.8316,0
1785_5405,1784971.2195,5405175.8316,0
1786_5405,1785971.2195,5405175.8316,0
1787_5405,1786971.2195,5405175.8316,0
1788_5405,1787971.2195,5405175.8316,0
1789_5405,1788971.2195,5405175.8316,0
1790_5405,1789971.2195,5405175.8316,0
1791_5405,1790971.2195,5405175.8316,0
1792_5405,1791971.2195,5405175.8316,0
1793_5405,1792971.2195,5405175.8316,0
1794_5405,1793971.2195,5405175.8316,0
1795_5405,1794971.2195,5405175.8316,0
1796_5405,1795971.2195,5405175.8316,0
1797_5405,1796971.2195,5405175.8316,0
1798_5405,1797971.2195,5405175.8316,0
1799_5405,1798971.2195,5405175.8316,0
1800_5405,1799971.2195,5405175.8316,0
1801_5405,1800971.2195,5405175.8316,0
1802_5405,1801971.2195,5405175.8316,0
1803_5405,1802971.2195,5405175.8316,0
1804_5405,1803971.2195,5405175.8316,0
1805_5405,1804971.2195,5405175.8316,0
1806_5405,1805971.2195,5405175.8316,0
1807_5405,1806971.2195,5405175.8316,0
1808_5405,1807971.2195,5405175.8316,0
1809_5405,1808971.2195,5405175.8316,0
1810_5405,1809971.2195,5405175.8316,0
1811_5405,1810971.2195,5405175.8316,0
1812_5405,1811971.2195,5405175.8316,0
1813_5405,1812971.2195,5405175.8316,0
1814_5405,1813971.2195,5405175.8316,0
1815_5405,1814971.2195,5405175.8316,0
1816_5405,1815971.2195,5405175.8316,0
1817_5405,1816971.2195,5405175.8316,0
1785_5406,1784971.2195,5406175.8316,0
1786_5406,1785971.2195,5406175.8316,0
1787_5406,1786971.2195,5406175.8316,0
1788_5406,1787971.2195,5406175.8316,0
1789_5406,1788971.2195,5406175.8316,0
1790_5406,1789971.2195,5406175.8316,0
1791_5406,1790971.2195,5406175.8316,0
1792_5406,1791971.2195,5406175.8316,0
1793_5406,1792971.2195,5406175.8316,0
1794_5406,1793971.2195,5406175.8316,0
1795_5406,1794971.2195,5406175.8316,0
1796_5406,1795971.2195,5406175.8316,0
1797_5406,1796971.2195,5406175.8316,0
1798_5406,1797971.2195,5406175.8316,0
1799_5406,1798971.2195,5406175.8316,0
1800_5406,1799971.2195,5406175.8316,0
1801_5406,1800971.2195,5406175.8316,0
1802_5406,1801971.2195,5406175.8316,0
1803_5406,1802971.2195,5406175.8316,0
1804_5406,1803971.2195,5406175.8316,0
1805_5406,1804971.2195,5406175.8316,0
1806_5406,1805971.2195,5406175.8316,0
1807_5406,1806971.2195,5406175.8316,0
1808_5406,1807971.2195,5406175.8316,0
1809_5406,1808971.2195,5406175.8316,0
1810_5406,1809971.2195,5406175.8316,0
1811_5406,1810971.2195,5406175.8316,0
1812_5406,1811971.2195,5406175.8316,0
1813_5406,1812971.2195,5406175.8316,0
1814_5406,1813971.2195,5406175.8316,0
1815_5406,1814971.2195,5406175.8316,0
1816_5406,1815971.2195,5406175.8316,0
1817_5406,1816971.2195,5406175.8316,0
1786_5407,1785971.2195,5407175.8316,0
1787_5407,1786971.2195,5407175.8316,0
1788_5407,1787971.2195,5407175.8316,0
1789_5407,1788971.2195,5407175.8316,0
1790_5407,1789971.2195,5407175.8316,0
1791_5407,1790971.2195,5407175.8316,0
1792_5407,1791971.2195,5407175.8316,0
1793_5407,1792971.2195,5407175.8316,0
1794_5407,1793971.2195,5407175.8316,0
1795_5407,1794971.2195,5407175.8316,0
1796_5407,1795971.2195,5407175.8316,0
1797_5407,1796971.2195,5407175.8316,0
1798_5407,1797971.2195,5407175.8316,0
1799_5407,1798971.2195,5407175.8316,0
1800_5407,1799971.2195,5407175.8316,0
1801_5407,1800971.2195,5407175.8316,0
1802_5407,1801971.2195,5407175.8316,0
1803_5407,1802971.2195,5407175.8316,0
1804_5407,1803971.2195,5407175.8316,0
1805_5407,1804971.2195,5407175.8316,0
1806_5407,1805971.2195,5407175.8316,0
1807_5407,1806971.2195,5407175.8316,0
1808_5407,1807971.2195,5407175.8316,0
1809_5407,1808971.2195,5407175.8316,0
1810_5407,1809971.2195,5407175.8316,0
1811_5407,1810971.2195,5407175.8316,0
1812_5407,1811971.2195,5407175.8316,0
1813_5407,1812971.2195,5407175.8316,0
1814_5407,1813971.2195,5407175.8316,0
1815_5407,1814971.2195,5407175.8316,0
1816_5407,1815971.2195,5407175.8316,0
1817_5407,1816971.2195,5407175.8316,0
1818_5407,1817971.2195,5407175.8316,0
1819_5407,1818971.2195,5407175.8316,0
1786_5408,1785971.2195,5408175.8316,0
1787_5408,1786971.2195,5408175.8316,0
1788_5408,1787971.2195,5408175.8316,0
1789_5408,1788971.2195,5408175.8316,0
1790_5408,1789971.2195,5408175.8316,0
1791_5408,1790971.2195,5408175.8316,0
1792_5408,1791971.2195,5408175.8316,0
1793_5408,1792971.2195,5408175.8316,0
1794_5408,1793971.2195,5408175.8316,0
1795_5408,1794971.2195,5408175.8316,0
1796_5408,1795971.2195,5408175.8316,0
1797_5408,1796971.2195,5408175.8316,0
1798_5408,1797971.2195,5408175.8316,0
1799_5408,1798971.2195,5408175.8316,0
1800_5408,1799971.2195,5408175.8316,0
1801_5408,1800971.2195,5408175.8316,0
1802_5408,1801971.2195,5408175.8316,0
1803_5408,1802971.2195,5408175.8316,0
1804_5408,1803971.2195,5408175.8316,0
1805_5408,1804971.2195,5408175.8316,0
1806_5408,1805971.2195,5408175.8316,0
1807_5408,1806971.2195,5408175.8316,0
1808_5408,1807971.2195,5408175.8316,0
1809_5408,1808971.2195,5408175.8316,0
1810_5408,1809971.2195,5408175.8316,0
1811_5408,1810971.2195,5408175.8316,0
1812_5408,1811971.2195,5408175.8316,0
1813_5408,1812971.2195,5408175.8316,0
1814_5408,1813971.2195,5408175.8316,0
1815_5408,1814971.2195,5408175.8316,0
1816_5408,1815971.2195,5408175.8316,0
1817_5408,1816971.2195,5408175.8316,0
1818_5408,1817971.2195,5408175.8316,0
1819_5408,1818971.2195,5408175.8316,0
1820_5408,1819971.2195,5408175.8316,0
1786_5409,1785971.2195,5409175.8316,0
1787_5409,1786971.2195,5409175.8316,0
1788_5409,1787971.2195,5409175.8316,0
1789_5409,1788971.2195,5409175.8316,0
1790_5409,1789971.2195,5409175.8316,0
1791_5409,1790971.2195,5409175.8316,0
1792_5409,1791971.2195,5409175.8316,0
1793_5409,1792971.2195,5409175.8316,0
1794_5409,1793971.2195,5409175.8316,0
1795_5409,1794971.2195,5409175.8316,0
1796_5409,1795971.2195,5409175.8316,0
1797_5409,1796971.2195,5409175.8316,0
1798_5409,1797971.2195,5409175.8316,0
1799_5409,1798971.2195,5409175.8316,0
1800_5409,1799971.2195,5409175.8316,0
1801_5409,1800971.2195,5409175.8316,0
1802_5409,1801971.2195,5409175.8316,0
1803_5409,1802971.2195,5409175.8316,0
1804_5409,1803971.2195,5409175.8316,0
1805_5409,1804971.2195,5409175.8316,0
1806_5409,1805971.2195,5409175.8316,0
1807_5409,1806971.2195,5409175.8316,0
1808_5409,1807971.2195,5409175.8316,0
1809_5409,1808971.2195,5409175.8316,0
1810_5409,1809971.2195,5409175.8316,0
1811_5409,1810971.2195,5409175.8316,0
1812_5409,1811971.2195,5409175.8316,0
1813_5409,1812971.2195,5409175.8316,0
1814_5409,1813971.2195,5409175.8316,0
1815_5409,1814971.2195,5409175.8316,0
1816_5409,1815971.2195,5409175.8316,0
1817_5409,1816971.2195,5409175.8316,0
1818_5409,1817971.2195,5409175.8316,0
1819_5409,1818971.2195,5409175.8316,0
1820_5409,1819971.2195,5409175.8316,0
1821_5409,1820971.2195,5409175.8316,0
1786_5410,1785971.2195,5410175.8316,0
1787_5410,1786971.2195,5410175.8316,0
1788_5410,1787971.2195,5410175.8316,0
1789_5410,1788971.2195,5410175.8316,0
1790_5410,1789971.2195,5410175.8316,0
1791_5410,1790971.2195,5410175.8316,0
1792_5410,1791971.2195,5410175.8316,0
1793_5410,1792971.2195,5410175.8316,0
1794_5410,1793971.2195,5410175.8316,0
1795_5410,1794971.2195,5410175.8316,0
1796_5410,1795971.2195,5410175.8316,0
1797_5410,1796971.2195,5410175.8316,0
1798_5410,1797971.2195,5410175.8316,0
1799_5410,1798971.2195,5410175.8316,0
1800_5410,1799971.2195,5410175.8316,0
1801_5410,1800971.2195,5410175.8316,0
1802_5410,1801971.2195,5410175.8316,0
1803_5410,1802971.2195,5410175.8316,0
1804_5410,1803971.2195,5410175.8316,0
1805_5410,1804971.2195,5410175.8316,0
1806_5410,1805971.2195,5410175.8316,0
1807_5410,1806971.2195,5410175.8316,0
1808_5410,1807971.2195,5410175.8316,0
1809_5410,1808971.2195,5410175.8316,0
1810_5410,1809971.2195,5410175.8316,0
1811_5410,1810971.2195,5410175.8316,0
1812_5410,1811971.2195,5410175.8316,0
1813_5410,1812971.2195,5410175.8316,0
1814_5410,1813971.2195,5410175.8316,0
1815_5410,1814971.2195,5410175.8316,0
1816_5410,1815971.2195,5410175.8316,0
1817_5410,1816971.2195,5410175.8316,0
1818_5410,1817971.2195,5410175.8316,0
1819_5410,1818971.2195,5410175.8316,0
1820_5410,1819971.2195,5410175.8316,0
1821_5410,1820971.2195,5410175.8316,0
1822_5410,1821971.2195,5410175.8316,0
1760_5411,1759971.2195,5411175.8316,0
1786_5411,1785971.2195,5411175.8316,0
1787_5411,1786971.2195,5411175.8316,0
1788_5411,1787971.2195,5411175.8316,0
1789_5411,1788971.2195,5411175.8316,0
1790_5411,1789971.2195,5411175.8316,0
1791_5411,1790971.2195,5411175.8316,0
1792_5411,1791971.2195,5411175.8316,0
1793_5411,1792971.2195,5411175.8316,0
1794_5411,1793971.2195,5411175.8316,0
1795_5411,1794971.2195,5411175.8316,0
1796_5411,1795971.2195,5411175.8316,0
1797_5411,1796971.2195,5411175.8316,0
1798_5411,1797971.2195,5411175.8316,0
1799_5411,1798971.2195,5411175.8316,0
1800_5411,1799971.2195,5411175.8316,0
1801_5411,1800971.2195,5411175.8316,0
1802_5411,1801971.2195,5411175.8316,0
1803_5411,1802971.2195,5411175.8316,0
1804_5411,1803971.2195,5411175.8316,0
1805_5411,1804971.2195,5411175.8316,0
1806_5411,1805971.2195,5411175.8316,0
1807_5411,1806971.2195,5411175.8316,0
1808_5411,1807971.2195,5411175.8316,0
1809_5411,1808971.2195,5411175.8316,0
1810_5411,1809971.2195,5411175.8316,0
1811_5411,1810971.2195,5411175.8316,0
1812_5411,1811971.2195,5411175.8316,0
1813_5411,1812971.2195,5411175.8316,0
1814_5411,1813971.2195,5411175.8316,0
1815_5411,1814971.2195,5411175.8316,0
1816_5411,1815971.2195,5411175.8316,0
1817_5411,1816971.2195,5411175.8316,0
1818_5411,1817971.2195,5411175.8316,0
1819_5411,1818971.2195,5411175.8316,0
1820_5411,1819971.2195,5411175.8316,0
1821_5411,1820971.2195,5411175.8316,0
1822_5411,1821971.2195,5411175.8316,0
1823_5411,1822971.2195,5411175.8316,0
1760_5412,1759971.2195,5412175.8316,0
1761_5412,1760971.2195,5412175.8316,0
1762_5412,1761971.2195,5412175.8316,0
1784_5412,1783971.2195,5412175.8316,0
1785_5412,1784971.2195,5412175.8316,0
1786_5412,1785971.2195,5412175.8316,0
1787_5412,1786971.2195,5412175.8316,0
1788_5412,1787971.2195,5412175.8316,0
1789_5412,1788971.2195,5412175.8316,0
1790_5412,1789971.2195,5412175.8316,0
1791_5412,1790971.2195,5412175.8316,0
1792_5412,1791971.2195,5412175.8316,0
1793_5412,1792971.2195,5412175.8316,0
1794_5412,1793971.2195,5412175.8316,0
1795_5412,1794971.2195,5412175.8316,0
1796_5412,1795971.2195,5412175.8316,0
1797_5412,1796971.2195,5412175.8316,0
1798_5412,1797971.2195,5412175.8316,0
1799_5412,1798971.2195,5412175.8316,0
1800_5412,1799971.2195,5412175.8316,0
1801_5412,1800971.2195,5412175.8316,0
1802_5412,1801971.2195,5412175.8316,0
1803_5412,1802971.2195,5412175.8316,0
1804_5412,1803971.2195,5412175.8316,0
1805_5412,1804971.2195,5412175.8316,0
1806_5412,1805971.2195,5412175.8316,0
1807_5412,1806971.2195,5412175.8316,0
1808_5412,1807971.2195,5412175.8316,0
1809_5412,1808971.2195,5412175.8316,0
1810_5412,1809971.2195,5412175.8316,0
1811_5412,1810971.2195,5412175.8316,0
1812_5412,1811971.2195,5412175.8316,0
1813_5412,1812971.2195,5412175.8316,0
1814_5412,1813971.2195,5412175.8316,0
1815_5412,1814971.2195,5412175.8316,0
1816_5412,1815971.2195,5412175.8316,0
1817_5412,1816971.2195,5412175.8316,0
1818_5412,1817971.2195,5412175.8316,0
1819_5412,1818971.2195,5412175.8316,0
1820_5412,1819971.2195,5412175.8316,0
1821_5412,1820971.2195,5412175.8316,0
1822_5412,1821971.2195,5412175.8316,0
1823_5412,1822971.2195,5412175.8316,0
1824_5412,1823971.2195,5412175.8316,0
1759_5413,1758971.2195,5413175.8316,0
1760_5413,1759971.2195,5413175.8316,0
1761_5413,1760971.2195,5413175.8316,0
1762_5413,1761971.2195,5413175.8316,0
1763_5413,1762971.2195,5413175.8316,0
1783_5413,1782971.2195,5413175.8316,0
1784_5413,1783971.2195,5413175.8316,0
1785_5413,1784971.2195,5413175.8316,0
1786_5413,1785971.2195,5413175.8316,0
1787_5413,1786971.2195,5413175.8316,0
1788_5413,1787971.2195,5413175.8316,0
1789_5413,1788971.2195,5413175.8316,0
1790_5413,1789971.2195,5413175.8316,0
1791_5413,1790971.2195,5413175.8316,0
1792_5413,1791971.2195,5413175.8316,0
1793_5413,1792971.2195,5413175.8316,0
1794_5413,1793971.2195,5413175.8316,0
1795_5413,1794971.2195,5413175.8316,0
1796_5413,1795971.2195,5413175.8316,0
1797_5413,1796971.2195,5413175.8316,0
1798_5413,1797971.2195,5413175.8316,0
1799_5413,1798971.2195,5413175.8316,0
1800_5413,1799971.2195,5413175.8316,0
1801_5413,1800971.2195,5413175.8316,0
1802_5413,1801971.2195,5413175.8316,0
1803_5413,1802971.2195,5413175.8316,0
1804_5413,1803971.2195,5413175.8316,0
1805_5413,1804971.2195,5413175.8316,0
1806_5413,1805971.2195,5413175.8316,0
1807_5413,1806971.2195,5413175.8316,0
1808_5413,1807971.2195,5413175.8316,0
1809_5413,1808971.2195,5413175.8316,0
1810_5413,1809971.2195,5413175.8316,0
1811_5413,1810971.2195,5413175.8316,0
1812_5413,1811971.2195,5413175.8316,0
1813_5413,1812971.2195,5413175.8316,0
1814_5413,1813971.2195,5413175.8316,0
1815_5413,1814971.2195,5413175.8316,0
1816_5413,1815971.2195,5413175.8316,0
1817_5413,1816971.2195,5413175.8316,0
1818_5413,1817971.2195,5413175.8316,0
1819_5413,1818971.2195,5413175.8316,0
1820_5413,1819971.2195,5413175.8316,0
1821_5413,1820971.2195,5413175.8316,0
1822_5413,1821971.2195,5413175.8316,0
1823_5413,1822971.2195,5413175.8316,0
1824_5413,1823971.2195,5413175.8316,0
1825_5413,1824971.2195,5413175.8316,0
1826_5413,1825971.2195,5413175.8316,0
1827_5413,1826971.2195,5413175.8316,0
1757_5414,1756971.2195,5414175.8316,0
1758_5414,1757971.2195,5414175.8316,0
1759_5414,1758971.2195,5414175.8316,0
1760_5414,1759971.2195,5414175.8316,0
1761_5414,1760971.2195,5414175.8316,0
1762_5414,1761971.2195,5414175.8316,0
1763_5414,1762971.2195,5414175.8316,0
1764_5414,1763971.2195,5414175.8316,0
1781_5414,1780971.2195,5414175.8316,0
1782_5414,1781971.2195,5414175.8316,0
1783_5414,1782971.2195,5414175.8316,0
1784_5414,1783971.2195,5414175.8316,0
1785_5414,1784971.2195,5414175.8316,0
1786_5414,1785971.2195,5414175.8316,0
1787_5414,1786971.2195,5414175.8316,0
1788_5414,1787971.2195,5414175.8316,0
1789_5414,1788971.2195,5414175.8316,0
1790_5414,1789971.2195,5414175.8316,0
1791_5414,1790971.2195,5414175.8316,0
1792_5414,1791971.2195,5414175.8316,0
1793_5414,1792971.2195,5414175.8316,0
1794_5414,1793971.2195,5414175.8316,0
1795_5414,1794971.2195,5414175.8316,0
1796_5414,1795971.2195,5414175.8316,0
1797_5414,1796971.2195,5414175.8316,0
1798_5414,1797971.2195,5414175.8316,0
1799_5414,1798971.2195,5414175.8316,0
1800_5414,1799971.2195,5414175.8316,0
1801_5414,1800971.2195,5414175.8316,0
1802_5414,1801971.2195,5414175.8316,0
1803_5414,1802971.2195,5414175.8316,0
1804_5414,1803971.2195,5414175.8316,0
1805_5414,1804971.2195,5414175.8316,0
1806_5414,1805971.2195,5414175.8316,0
1807_5414,1806971.2195,5414175.8316,0
1808_5414,1807971.2195,5414175.8316,0
1809_5414,1808971.2195,5414175.8316,0
1810_5414,1809971.2195,5414175.8316,0
1811_5414,1810971.2195,5414175.8316,0
1812_5414,1811971.2195,5414175.8316,0
1813_5414,1812971.2195,5414175.8316,0
1814_5414,1813971.2195,5414175.8316,0
1815_5414,1814971.2195,5414175.8316,0
1816_5414,1815971.2195,5414175.8316,0
1817_5414,1816971.2195,5414175.8316,0
1818_5414,1817971.2195,5414175.8316,0
1819_5414,1818971.2195,5414175.8316,0
1820_5414,1819971.2195,5414175.8316,0
1821_5414,1820971.2195,5414175.8316,0
1822_5414,1821971.2195,5414175.8316,0
1823_5414,1822971.2195,5414175.8316,0
1824_5414,1823971.2195,5414175.8316,0
1825_5414,1824971.2195,5414175.8316,0
1826_5414,1825971.2195,5414175.8316,0
1827_5414,1826971.2195,5414175.8316,0
1828_5414,1827971.2195,5414175.8316,0
1829_5414,1828971.2195,5414175.8316,0
1757_5415,1756971.2195,5415175.8316,0
1758_5415,1757971.2195,5415175.8316,0
1759_5415,1758971.2195,5415175.8316,0
1760_5415,1759971.2195,5415175.8316,0
1761_5415,1760971.2195,5415175.8316,0
1762_5415,1761971.2195,5415175.8316,0
1763_5415,1762971.2195,5415175.8316,0
1764_5415,1763971.2195,5415175.8316,0
1765_5415,1764971.2195,5415175.8316,0
1780_5415,1779971.2195,5415175.8316,0
1781_5415,1780971.2195,5415175.8316,0
1782_5415,1781971.2195,5415175.8316,0
1783_5415,1782971.2195,5415175.8316,0
1784_5415,1783971.2195,5415175.8316,0
1785_5415,1784971.2195,5415175.8316,0
1786_5415,1785971.2195,5415175.8316,0
1787_5415,1786971.2195,5415175.8316,0
1788_5415,1787971.2195,5415175.8316,0
1789_5415,1788971.2195,5415175.8316,0
1790_5415,1789971.2195,5415175.8316,0
1791_5415,1790971.2195,5415175.8316,0
1792_5415,1791971.2195,5415175.8316,0
1793_5415,1792971.2195,5415175.8316,0
1794_5415,1793971.2195,5415175.8316,0
1795_5415,1794971.2195,5415175.8316,0
1796_5415,1795971.2195,5415175.8316,0
1797_5415,1796971.2195,5415175.8316,0
1798_5415,1797971.2195,5415175.8316,0
1799_5415,1798971.2195,5415175.8316,0
1800_5415,1799971.2195,5415175.8316,0
1801_5415,1800971.2195,5415175.8316,0
1802_5415,1801971.2195,5415175.8316,0
1803_5415,1802971.2195,5415175.8316,0
1804_5415,1803971.2195,5415175.8316,0
1805_5415,1804971.2195,5415175.8316,0
1806_5415,1805971.2195,5415175.8316,0
1807_5415,1806971.2195,5415175.8316,0
1808_5415,1807971.2195,5415175.8316,0
1809_5415,1808971.2195,5415175.8316,0
1810_5415,1809971.2195,5415175.8316,0
1811_5415,1810971.2195,5415175.8316,0
1812_5415,1811971.2195,5415175.8316,0
1813_5415,1812971.2195,5415175.8316,0
1814_5415,1813971.2195,5415175.8316,0
1815_5415,1814971.2195,5415175.8316,0
1816_5415,1815971.2195,5415175.8316,0
1817_5415,1816971.2195,5415175.8316,0
1818_5415,1817971.2195,5415175.8316,0
1819_5415,1818971.2195,5415175.8316,0
1820_5415,1819971.2195,5415175.8316,0
1821_5415,1820971.2195,5415175.8316,0
1822_5415,1821971.2195,5415175.8316,0
1823_5415,1822971.2195,5415175.8316,0
1824_5415,1823971.2195,5415175.8316,0
1825_5415,1824971.2195,5415175.8316,0
1826_5415,1825971.2195,5415175.8316,0
1827_5415,1826971.2195,5415175.8316,0
1828_5415,1827971.2195,5415175.8316,0
1829_5415,1828971.2195,5415175.8316,0
1830_5415,1829971.2195,5415175.8316,0
1757_5416,1756971.2195,5416175.8316,0
1758_5416,1757971.2195,5416175.8316,0
1759_5416,1758971.2195,5416175.8316,0
1760_5416,1759971.2195,5416175.8316,0
1761_5416,1760971.2195,5416175.8316,0
1762_5416,1761971.2195,5416175.8316,0
1763_5416,1762971.2195,5416175.8316,0
1764_5416,1763971.2195,5416175.8316,0
1765_5416,1764971.2195,5416175.8316,0
1766_5416,1765971.2195,5416175.8316,0
1767_5416,1766971.2195,5416175.8316,0
1768_5416,1767971.2195,5416175.8316,0
1777_5416,1776971.2195,5416175.8316,0
1780_5416,1779971.2195,5416175.8316,0
1781_5416,1780971.2195,5416175.8316,0
1782_5416,1781971.2195,5416175.8316,0
1783_5416,1782971.2195,5416175.8316,0
1784_5416,1783971.2195,5416175.8316,0
1785_5416,1784971.2195,5416175.8316,0
1786_5416,1785971.2195,5416175.8316,0
1787_5416,1786971.2195,5416175.8316,0
1788_5416,1787971.2195,5416175.8316,0
1789_5416,1788971.2195,5416175.8316,0
1790_5416,1789971.2195,5416175.8316,0
1791_5416,1790971.2195,5416175.8316,0
1792_5416,1791971.2195,5416175.8316,0
1793_5416,1792971.2195,5416175.8316,0
1794_5416,1793971.2195,5416175.8316,0
1795_5416,1794971.2195,5416175.8316,0
1796_5416,1795971.2195,5416175.8316,0
1797_5416,1796971.2195,5416175.8316,0
1798_5416,1797971.2195,5416175.8316,0
1799_5416,1798971.2195,5416175.8316,0
1800_5416,1799971.2195,5416175.8316,0
1801_5416,1800971.2195,5416175.8316,0
1802_5416,1801971.2195,5416175.8316,0
1803_5416,1802971.2195,5416175.8316,0
1804_5416,1803971.2195,5416175.8316,0
1805_5416,1804971.2195,5416175.8316,0
1806_5416,1805971.2195,5416175.8316,0
1807_5416,1806971.2195,5416175.8316,0
1808_5416,1807971.2195,5416175.8316,0
1809_5416,1808971.2195,5416175.8316,0
1810_5416,1809971.2195,5416175.8316,0
1811_5416,1810971.2195,5416175.8316,0
1812_5416,1811971.2195,5416175.8316,0
1813_5416,1812971.2195,5416175.8316,0
1814_5416,1813971.2195,5416175.8316,0
1815_5416,1814971.2195,5416175.8316,0
1816_5416,1815971.2195,5416175.8316,0
1817_5416,1816971.2195,5416175.8316,0
1818_5416,1817971.2195,5416175.8316,0
1819_5416,1818971.2195,5416175.8316,0
1820_5416,1819971.2195,5416175.8316,0
1821_5416,1820971.2195,5416175.8316,0
1822_5416,1821971.2195,5416175.8316,0
1823_5416,1822971.2195,5416175.8316,0
1824_5416,1823971.2195,5416175.8316,0
1825_5416,1824971.2195,5416175.8316,0
1826_5416,1825971.2195,5416175.8316,0
1827_5416,1826971.2195,5416175.8316,0
1828_5416,1827971.2195,5416175.8316,0
1829_5416,1828971.2195,5416175.8316,0
1830_5416,1829971.2195,5416175.8316,0
1831_5416,1830971.2195,5416175.8316,0
1757_5417,1756971.2195,5417175.8316,0
1758_5417,1757971.2195,5417175.8316,0
1759_5417,1758971.2195,5417175.8316,0
1760_5417,1759971.2195,5417175.8316,0
1761_5417,1760971.2195,5417175.8316,0
1762_5417,1761971.2195,5417175.8316,0
1763_5417,1762971.2195,5417175.8316,0
1764_5417,1763971.2195,5417175.8316,0
1765_5417,1764971.2195,5417175.8316,0
1766_5417,1765971.2195,5417175.8316,0
1767_5417,1766971.2195,5417175.8316,0
1768_5417,1767971.2195,5417175.8316,0
1769_5417,1768971.2195,5417175.8316,0
1770_5417,1769971.2195,5417175.8316,0
1774_5417,1773971.2195,5417175.8316,0
1775_5417,1774971.2195,5417175.8316,0
1776_5417,1775971.2195,5417175.8316,0
1780_5417,1779971.2195,5417175.8316,0
1781_5417,1780971.2195,5417175.8316,0
1782_5417,1781971.2195,5417175.8316,0
1783_5417,1782971.2195,5417175.8316,0
1784_5417,1783971.2195,5417175.8316,0
1785_5417,1784971.2195,5417175.8316,0
1786_5417,1785971.2195,5417175.8316,0
1787_5417,1786971.2195,5417175.8316,0
1788_5417,1787971.2195,5417175.8316,0
1789_5417,1788971.2195,5417175.8316,0
1790_5417,1789971.2195,5417175.8316,0
1791_5417,1790971.2195,5417175.8316,0
1792_5417,1791971.2195,5417175.8316,0
1793_5417,1792971.2195,5417175.8316,0
1794_5417,1793971.2195,5417175.8316,0
1795_5417,1794971.2195,5417175.8316,0
1796_5417,1795971.2195,5417175.8316,0
1797_5417,1796971.2195,5417175.8316,0
1798_5417,1797971.2195,5417175.8316,0
1799_5417,1798971.2195,5417175.8316,0
1800_5417,1799971.2195,5417175.8316,0
1801_5417,1800971.2195,5417175.8316,0
1802_5417,1801971.2195,5417175.8316,0
1803_5417,1802971.2195,5417175.8316,0
1804_5417,1803971.2195,5417175.8316,0
1805_5417,1804971.2195,5417175.8316,0
1806_5417,1805971.2195,5417175.8316,0
1807_5417,1806971.2195,5417175.8316,0
1808_5417,1807971.2195,5417175.8316,0
1809_5417,1808971.2195,5417175.8316,0
1810_5417,1809971.2195,5417175.8316,0
1811_5417,1810971.2195,5417175.8316,0
1812_5417,1811971.2195,5417175.8316,0
1813_5417,1812971.2195,5417175.8316,0
1814_5417,1813971.2195,5417175.8316,0
1815_5417,1814971.2195,5417175.8316,0
1816_5417,1815971.2195,5417175.8316,0
1817_5417,1816971.2195,5417175.8316,0
1818_5417,1817971.2195,5417175.8316,0
1819_5417,1818971.2195,5417175.8316,0
1820_5417,1819971.2195,5417175.8316,0
1821_5417,1820971.2195,5417175.8316,0
1822_5417,1821971.2195,5417175.8316,0
1823_5417,1822971.2195,5417175.8316,0
1824_5417,1823971.2195,5417175.8316,0
1825_5417,1824971.2195,5417175.8316,0
1826_5417,1825971.2195,5417175.8316,0
1827_5417,1826971.2195,5417175.8316,0
1828_5417,1827971.2195,5417175.8316,0
1829_5417,1828971.2195,5417175.8316,0
1830_5417,1829971.2195,5417175.8316,0
1831_5417,1830971.2195,5417175.8316,0
1832_5417,1831971.2195,5417175.8316,0
1833_5417,1832971.2195,5417175.8316,0
1834_5417,1833971.2195,5417175.8316,0
1756_5418,1755971.2195,5418175.8316,0
1757_5418,1756971.2195,5418175.8316,0
1758_5418,1757971.2195,5418175.8316,0
1759_5418,1758971.2195,5418175.8316,0
1760_5418,1759971.2195,5418175.8316,0
1761_5418,1760971.2195,5418175.8316,0
1762_5418,1761971.2195,5418175.8316,0
1763_5418,1762971.2195,5418175.8316,0
1764_5418,1763971.2195,5418175.8316,0
1765_5418,1764971.2195,5418175.8316,0
1766_5418,1765971.2195,5418175.8316,0
1767_5418,1766971.2195,5418175.8316,0
1768_5418,1767971.2195,5418175.8316,0
1769_5418,1768971.2195,5418175.8316,0
1770_5418,1769971.2195,5418175.8316,0
1771_5418,1770971.2195,5418175.8316,0
1772_5418,1771971.2195,5418175.8316,0
1773_5418,1772971.2195,5418175.8316,0
1774_5418,1773971.2195,5418175.8316,0
1775_5418,1774971.2195,5418175.8316,0
1776_5418,1775971.2195,5418175.8316,0
1777_5418,1776971.2195,5418175.8316,0
1778_5418,1777971.2195,5418175.8316,0
1779_5418,1778971.2195,5418175.8316,0
1780_5418,1779971.2195,5418175.8316,0
1781_5418,1780971.2195,5418175.8316,0
1782_5418,1781971.2195,5418175.8316,0
1783_5418,1782971.2195,5418175.8316,0
1784_5418,1783971.2195,5418175.8316,0
1785_5418,1784971.2195,5418175.8316,0
1786_5418,1785971.2195,5418175.8316,0
1787_5418,1786971.2195,5418175.8316,0
1788_5418,1787971.2195,5418175.8316,0
1789_5418,1788971.2195,5418175.8316,0
1790_5418,1789971.2195,5418175.8316,0
1791_5418,1790971.2195,5418175.8316,0
1792_5418,1791971.2195,5418175.8316,0
1793_5418,1792971.2195,5418175.8316,0
1794_5418,1793971.2195,5418175.8316,0
1795_5418,1794971.2195,5418175.8316,0
1796_5418,1795971.2195,5418175.8316,0
1797_5418,1796971.2195,5418175.8316,0
1798_5418,1797971.2195,5418175.8316,0
1799_5418,1798971.2195,5418175.8316,0
1800_5418,1799971.2195,5418175.8316,0
1801_5418,1800971.2195,5418175.8316,0
1802_5418,1801971.2195,5418175.8316,0
1803_5418,1802971.2195,5418175.8316,0
1804_5418,1803971.2195,5418175.8316,0
1805_5418,1804971.2195,5418175.8316,0
1806_5418,1805971.2195,5418175.8316,0
1807_5418,1806971.2195,5418175.8316,0
1808_5418,1807971.2195,5418175.8316,0
1809_5418,1808971.2195,5418175.8316,0
1810_5418,1809971.2195,5418175.8316,0
1811_5418,1810971.2195,5418175.8316,0
1812_5418,1811971.2195,5418175.8316,0
1813_5418,1812971.2195,5418175.8316,0
1814_5418,1813971.2195,5418175.8316,0
1815_5418,1814971.2195,5418175.8316,0
1816_5418,1815971.2195,5418175.8316,0
1817_5418,1816971.2195,5418175.8316,0
1818_5418,1817971.2195,5418175.8316,0
1819_5418,1818971.2195,5418175.8316,0
1820_5418,1819971.2195,5418175.8316,0
1821_5418,1820971.2195,5418175.8316,0
1822_5418,1821971.2195,5418175.8316,0
1823_5418,1822971.2195,5418175.8316,0
1824_5418,1823971.2195,5418175.8316,0
1825_5418,1824971.2195,5418175.8316,0
1826_5418,1825971.2195,5418175.8316,0
1827_5418,1826971.2195,5418175.8316,0
1828_5418,1827971.2195,5418175.8316,0
1829_5418,1828971.2195,5418175.8316,0
1830_5418,1829971.2195,5418175.8316,0
1831_5418,1830971.2195,5418175.8316,0
1832_5418,1831971.2195,5418175.8316,0
1833_5418,1832971.2195,5418175.8316,0
1834_5418,1833971.2195,5418175.8316,0
1835_5418,1834971.2195,5418175.8316,0
1755_5419,1754971.2195,5419175.8316,0
1756_5419,1755971.2195,5419175.8316,0
1757_5419,1756971.2195,5419175.8316,0
1758_5419,1757971.2195,5419175.8316,0
1759_5419,1758971.2195,5419175.8316,0
1760_5419,1759971.2195,5419175.8316,0
1761_5419,1760971.2195,5419175.8316,0
1762_5419,1761971.2195,5419175.8316,0
1763_5419,1762971.2195,5419175.8316,0
1764_5419,1763971.2195,5419175.8316,0
1765_5419,1764971.2195,5419175.8316,0
1766_5419,1765971.2195,5419175.8316,0
1767_5419,1766971.2195,5419175.8316,0
1768_5419,1767971.2195,5419175.8316,0
1769_5419,1768971.2195,5419175.8316,0
1770_5419,1769971.2195,5419175.8316,0
1771_5419,1770971.2195,5419175.8316,0
1772_5419,1771971.2195,5419175.8316,0
1773_5419,1772971.2195,5419175.8316,0
1774_5419,1773971.2195,5419175.8316,0
1775_5419,1774971.2195,5419175.8316,0
1776_5419,1775971.2195,5419175.8316,0
1777_5419,1776971.2195,5419175.8316,0
1778_5419,1777971.2195,5419175.8316,0
1779_5419,1778971.2195,5419175.8316,0
1780_5419,1779971.2195,5419175.8316,0
1781_5419,1780971.2195,5419175.8316,0
1782_5419,1781971.2195,5419175.8316,0
1783_5419,1782971.2195,5419175.8316,0
1784_5419,1783971.2195,5419175.8316,0
1785_5419,1784971.2195,5419175.8316,0
1786_5419,1785971.2195,5419175.8316,0
1787_5419,1786971.2195,5419175.8316,0
1788_5419,1787971.2195,5419175.8316,0
1789_5419,1788971.2195,5419175.8316,0
1790_5419,1789971.2195,5419175.8316,0
1791_5419,1790971.2195,5419175.8316,0
1792_5419,1791971.2195,5419175.8316,0
1793_5419,1792971.2195,5419175.8316,0
1794_5419,1793971.2195,5419175.8316,0
1795_5419,1794971.2195,5419175.8316,0
1796_5419,1795971.2195,5419175.8316,0
1797_5419,1796971.2195,5419175.8316,0
1798_5419,1797971.2195,5419175.8316,0
1799_5419,1798971.2195,5419175.8316,0
1800_5419,1799971.2195,5419175.8316,0
1801_5419,1800971.2195,5419175.8316,0
1802_5419,1801971.2195,5419175.8316,0
1803_5419,1802971.2195,5419175.8316,0
1804_5419,1803971.2195,5419175.8316,0
1805_5419,1804971.2195,5419175.8316,0
1806_5419,1805971.2195,5419175.8316,0
1807_5419,1806971.2195,5419175.8316,0
1808_5419,1807971.2195,5419175.8316,0
1809_5419,1808971.2195,5419175.8316,0
1810_5419,1809971.2195,5419175.8316,0
1811_5419,1810971.2195,5419175.8316,0
1812_5419,1811971.2195,5419175.8316,0
1813_5419,1812971.2195,5419175.8316,0
1814_5419,1813971.2195,5419175.8316,0
1815_5419,1814971.2195,5419175.8316,0
1816_5419,1815971.2195,5419175.8316,0
1817_5419,1816971.2195,5419175.8316,0
1818_5419,1817971.2195,5419175.8316,0
1819_5419,1818971.2195,5419175.8316,0
1820_5419,1819971.2195,5419175.8316,0
1821_5419,1820971.2195,5419175.8316,0
1822_5419,1821971.2195,5419175.8316,0
1823_5419,1822971.2195,5419175.8316,0
1824_5419,1823971.2195,5419175.8316,0
1825_5419,1824971.2195,5419175.8316,0
1826_5419,1825971.2195,5419175.8316,0
1827_5419,1826971.2195,5419175.8316,0
1828_5419,1827971.2195,5419175.8316,0
1829_5419,1828971.2195,5419175.8316,0
1830_5419,1829971.2195,5419175.8316,0
1831_5419,1830971.2195,5419175.8316,0
1832_5419,1831971.2195,5419175.8316,0
1833_5419,1832971.2195,5419175.8316,0
1834_5419,1833971.2195,5419175.8316,0
1835_5419,1834971.2195,5419175.8316,0
1836_5419,1835971.2195,5419175.8316,0
1744_5420,1743971.2195,5420175.8316,0
1755_5420,1754971.2195,5420175.8316,0
1756_5420,1755971.2195,5420175.8316,0
1757_5420,1756971.2195,5420175.8316,0
1758_5420,1757971.2195,5420175.8316,0
1759_5420,1758971.2195,5420175.8316,0
1760_5420,1759971.2195,5420175.8316,0
1761_5420,1760971.2195,5420175.8316,0
1762_5420,1761971.2195,5420175.8316,0
1763_5420,1762971.2195,5420175.8316,0
1764_5420,1763971.2195,5420175.8316,0
1765_5420,1764971.2195,5420175.8316,0
1766_5420,1765971.2195,5420175.8316,0
1767_5420,1766971.2195,5420175.8316,0
1768_5420,1767971.2195,5420175.8316,0
1769_5420,1768971.2195,5420175.8316,0
1770_5420,1769971.2195,5420175.8316,0
1771_5420,1770971.2195,5420175.8316,0
1772_5420,1771971.2195,5420175.8316,0
1773_5420,1772971.2195,5420175.8316,0
1774_5420,1773971.2195,5420175.8316,0
1775_5420,1774971.2195,5420175.8316,0
1776_5420,1775971.2195,5420175.8316,0
1777_5420,1776971.2195,5420175.8316,0
1778_5420,1777971.2195,5420175.8316,0
1779_5420,1778971.2195,5420175.8316,0
1780_5420,1779971.2195,5420175.8316,0
1781_5420,1780971.2195,5420175.8316,0
1782_5420,1781971.2195,5420175.8316,0
1783_5420,1782971.2195,5420175.8316,0
1784_5420,1783971.2195,5420175.8316,0
1785_5420,1784971.2195,5420175.8316,0
1786_5420,1785971.2195,5420175.8316,0
1787_5420,1786971.2195,5420175.8316,0
1788_5420,1787971.2195,5420175.8316,0
1789_5420,1788971.2195,5420175.8316,0
1790_5420,1789971.2195,5420175.8316,0
1791_5420,1790971.2195,5420175.8316,0
1792_5420,1791971.2195,5420175.8316,0
1793_5420,1792971.2195,5420175.8316,0
1794_5420,1793971.2195,5420175.8316,0
1795_5420,1794971.2195,5420175.8316,0
1796_5420,1795971.2195,5420175.8316,0
1797_5420,1796971.2195,5420175.8316,0
1798_5420,1797971.2195,5420175.8316,0
1799_5420,1798971.2195,5420175.8316,0
1800_5420,1799971.2195,5420175.8316,0
1801_5420,1800971.2195,5420175.8316,0
1802_5420,1801971.2195,5420175.8316,0
1803_5420,1802971.2195,5420175.8316,0
1804_5420,1803971.2195,5420175.8316,0
1805_5420,1804971.2195,5420175.8316,0
1806_5420,1805971.2195,5420175.8316,0
1807_5420,1806971.2195,5420175.8316,0
1808_5420,1807971.2195,5420175.8316,0
1809_5420,1808971.2195,5420175.8316,0
1810_5420,1809971.2195,5420175.8316,0
1811_5420,1810971.2195,5420175.8316,0
1812_5420,1811971.2195,5420175.8316,0
1813_5420,1812971.2195,5420175.8316,0
1814_5420,1813971.2195,5420175.8316,0
1815_5420,1814971.2195,5420175.8316,0
1816_5420,1815971.2195,5420175.8316,0
1817_5420,1816971.2195,5420175.8316,0
1818_5420,1817971.2195,5420175.8316,0
1819_5420,1818971.2195,5420175.8316,0
1820_5420,1819971.2195,5420175.8316,0
1821_5420,1820971.2195,5420175.8316,0
1822_5420,1821971.2195,5420175.8316,0
1823_5420,1822971.2195,5420175.8316,0
1824_5420,1823971.2195,5420175.8316,0
1825_5420,1824971.2195,5420175.8316,0
1826_5420,1825971.2195,5420175.8316,0
1827_5420,1826971.2195,5420175.8316,0
1828_5420,1827971.2195,5420175.8316,0
1829_5420,1828971.2195,5420175.8316,0
1830_5420,1829971.2195,5420175.8316,0
1831_5420,1830971.2195,5420175.8316,0
1832_5420,1831971.2195,5420175.8316,0
1833_5420,1832971.2195,5420175.8316,0
1834_5420,1833971.2195,5420175.8316,0
1835_5420,1834971.2195,5420175.8316,0
1836_5420,1835971.2195,5420175.8316,0
1837_5420,1836971.2195,5420175.8316,0
1742_5421,1741971.2195,5421175.8316,0
1743_5421,1742971.2195,5421175.8316,0
1744_5421,1743971.2195,5421175.8316,0
1745_5421,1744971.2195,5421175.8316,0
1756_5421,1755971.2195,5421175.8316,0
1757_5421,1756971.2195,5421175.8316,0
1758_5421,1757971.2195,5421175.8316,0
1759_5421,1758971.2195,5421175.8316,0
1760_5421,1759971.2195,5421175.8316,0
1761_5421,1760971.2195,5421175.8316,0
1762_5421,1761971.2195,5421175.8316,0
1763_5421,1762971.2195,5421175.8316,0
1764_5421,1763971.2195,5421175.8316,0
1765_5421,1764971.2195,5421175.8316,0
1766_5421,1765971.2195,5421175.8316,0
1767_5421,1766971.2195,5421175.8316,0
1768_5421,1767971.2195,5421175.8316,0
1769_5421,1768971.2195,5421175.8316,0
1770_5421,1769971.2195,5421175.8316,0
1771_5421,1770971.2195,5421175.8316,0
1772_5421,1771971.2195,5421175.8316,0
1773_5421,1772971.2195,5421175.8316,0
1774_5421,1773971.2195,5421175.8316,0
1775_5421,1774971.2195,5421175.8316,0
1776_5421,1775971.2195,5421175.8316,0
1777_5421,1776971.2195,5421175.8316,0
1778_5421,1777971.2195,5421175.8316,0
1779_5421,1778971.2195,5421175.8316,0
1780_5421,1779971.2195,5421175.8316,0
1781_5421,1780971.2195,5421175.8316,0
1782_5421,1781971.2195,5421175.8316,0
1783_5421,1782971.2195,5421175.8316,0
1784_5421,1783971.2195,5421175.8316,0
1785_5421,1784971.2195,5421175.8316,0
1786_5421,1785971.2195,5421175.8316,0
1787_5421,1786971.2195,5421175.8316,0
1788_5421,1787971.2195,5421175.8316,0
1789_5421,1788971.2195,5421175.8316,0
1790_5421,1789971.2195,5421175.8316,0
1791_5421,1790971.2195,5421175.8316,0
1792_5421,1791971.2195,5421175.8316,0
1793_5421,1792971.2195,5421175.8316,0
1794_5421,1793971.2195,5421175.8316,0
1795_5421,1794971.2195,5421175.8316,0
1796_5421,1795971.2195,5421175.8316,0
1797_5421,1796971.2195,5421175.8316,0
1798_5421,1797971.2195,5421175.8316,0
1799_5421,1798971.2195,5421175.8316,0
1800_5421,1799971.2195,5421175.8316,0
1801_5421,1800971.2195,5421175.8316,0
1802_5421,1801971.2195,5421175.8316,0
1803_5421,1802971.2195,5421175.8316,0
1804_5421,1803971.2195,5421175.8316,0
1805_5421,1804971.2195,5421175.8316,0
1806_5421,1805971.2195,5421175.8316,0
1807_5421,1806971.2195,5421175.8316,0
1808_5421,1807971.2195,5421175.8316,0
1809_5421,1808971.2195,5421175.8316,0
1810_5421,1809971.2195,5421175.8316,0
1811_5421,1810971.2195,5421175.8316,0
1812_5421,1811971.2195,5421175.8316,0
1813_5421,1812971.2195,5421175.8316,0
1814_5421,1813971.2195,5421175.8316,0
1815_5421,1814971.2195,5421175.8316,0
1816_5421,1815971.2195,5421175.8316,0
1817_5421,1816971.2195,5421175.8316,0
1818_5421,1817971.2195,5421175.8316,0
1819_5421,1818971.2195,5421175.8316,0
1820_5421,1819971.2195,5421175.8316,0
1821_5421,1820971.2195,5421175.8316,0
1822_5421,1821971.2195,5421175.8316,0
1823_5421,1822971.2195,5421175.8316,0
1824_5421,1823971.2195,5421175.8316,0
1825_5421,1824971.2195,5421175.8316,0
1826_5421,1825971.2195,5421175.8316,0
1827_5421,1826971.2195,5421175.8316,0
1828_5421,1827971.2195,5421175.8316,0
1829_5421,1828971.2195,5421175.8316,0
1830_5421,1829971.2195,5421175.8316,0
1831_5421,1830971.2195,5421175.8316,0
1832_5421,1831971.2195,5421175.8316,0
1833_5421,1832971.2195,5421175.8316,0
1834_5421,1833971.2195,5421175.8316,0
1835_5421,1834971.2195,5421175.8316,0
1836_5421,1835971.2195,5421175.8316,0
1837_5421,1836971.2195,5421175.8316,0
1838_5421,1837971.2195,5421175.8316,0
1739_5422,1738971.2195,5422175.8316,0
1740_5422,1739971.2195,5422175.8316,0
1741_5422,1740971.2195,5422175.8316,0
1742_5422,1741971.2195,5422175.8316,0
1743_5422,1742971.2195,5422175.8316,0
1744_5422,1743971.2195,5422175.8316,0
1745_5422,1744971.2195,5422175.8316,0
1746_5422,1745971.2195,5422175.8316,0
1747_5422,1746971.2195,5422175.8316,0
1748_5422,1747971.2195,5422175.8316,0
1749_5422,1748971.2195,5422175.8316,0
1750_5422,1749971.2195,5422175.8316,0
1752_5422,1751971.2195,5422175.8316,0
1756_5422,1755971.2195,5422175.8316,0
1757_5422,1756971.2195,5422175.8316,0
1758_5422,1757971.2195,5422175.8316,0
1759_5422,1758971.2195,5422175.8316,0
1760_5422,1759971.2195,5422175.8316,0
1761_5422,1760971.2195,5422175.8316,0
1762_5422,1761971.2195,5422175.8316,0
1763_5422,1762971.2195,5422175.8316,0
1764_5422,1763971.2195,5422175.8316,0
1765_5422,1764971.2195,5422175.8316,0
1766_5422,1765971.2195,5422175.8316,0
1767_5422,1766971.2195,5422175.8316,0
1768_5422,1767971.2195,5422175.8316,0
1769_5422,1768971.2195,5422175.8316,0
1770_5422,1769971.2195,5422175.8316,0
1771_5422,1770971.2195,5422175.8316,0
1772_5422,1771971.2195,5422175.8316,0
1773_5422,1772971.2195,5422175.8316,0
1774_5422,1773971.2195,5422175.8316,0
1775_5422,1774971.2195,5422175.8316,0
1776_5422,1775971.2195,5422175.8316,0
1777_5422,1776971.2195,5422175.8316,0
1778_5422,1777971.2195,5422175.8316,0
1779_5422,1778971.2195,5422175.8316,0
1780_5422,1779971.2195,5422175.8316,0
1781_5422,1780971.2195,5422175.8316,0
1782_5422,1781971.2195,5422175.8316,0
1783_5422,1782971.2195,5422175.8316,0
1784_5422,1783971.2195,5422175.8316,0
1785_5422,1784971.2195,5422175.8316,0
1786_5422,1785971.2195,5422175.8316,0
1787_5422,1786971.2195,5422175.8316,0
1788_5422,1787971.2195,5422175.8316,0
1789_5422,1788971.2195,5422175.8316,0
1790_5422,1789971.2195,5422175.8316,0
1791_5422,1790971.2195,5422175.8316,0
1792_5422,1791971.2195,5422175.8316,0
1793_5422,1792971.2195,5422175.8316,0
1794_5422,1793971.2195,5422175.8316,0
1795_5422,1794971.2195,5422175.8316,0
1796_5422,1795971.2195,5422175.8316,0
1797_5422,1796971.2195,5422175.8316,0
1798_5422,1797971.2195,5422175.8316,0
1799_5422,1798971.2195,5422175.8316,0
1800_5422,1799971.2195,5422175.8316,0
1801_5422,1800971.2195,5422175.8316,0
1802_5422,1801971.2195,5422175.8316,0
1803_5422,1802971.2195,5422175.8316,0
1804_5422,1803971.2195,5422175.8316,0
1805_5422,1804971.2195,5422175.8316,0
1806_5422,1805971.2195,5422175.8316,0
1807_5422,1806971.2195,5422175.8316,0
1808_5422,1807971.2195,5422175.8316,0
1809_5422,1808971.2195,5422175.8316,0
1810_5422,1809971.2195,5422175.8316,0
1811_5422,1810971.2195,5422175.8316,0
1812_5422,1811971.2195,5422175.8316,0
1813_5422,1812971.2195,5422175.8316,0
1814_5422,1813971.2195,5422175.8316,0
1815_5422,1814971.2195,5422175.8316,0
1816_5422,1815971.2195,5422175.8316,0
1817_5422,1816971.2195,5422175.8316,0
1818_5422,1817971.2195,5422175.8316,0
1819_5422,1818971.2195,5422175.8316,0
1820_5422,1819971.2195,5422175.8316,0
1821_5422,1820971.2195,5422175.8316,0
1822_5422,1821971.2195,5422175.8316,0
1823_5422,1822971.2195,5422175.8316,0
1824_5422,1823971.2195,5422175.8316,0
1825_5422,1824971.2195,5422175.8316,0
1826_5422,1825971.2195,5422175.8316,0
1827_5422,1826971.2195,5422175.8316,0
1828_5422,1827971.2195,5422175.8316,0
1829_5422,1828971.2195,5422175.8316,0
1830_5422,1829971.2195,5422175.8316,0
1831_5422,1830971.2195,5422175.8316,0
1832_5422,1831971.2195,5422175.8316,0
1833_5422,1832971.2195,5422175.8316,0
1834_5422,1833971.2195,5422175.8316,0
1835_5422,1834971.2195,5422175.8316,0
1836_5422,1835971.2195,5422175.8316,0
1837_5422,1836971.2195,5422175.8316,0
1838_5422,1837971.2195,5422175.8316,0
1839_5422,1838971.2195,5422175.8316,0
1739_5423,1738971.2195,5423175.8316,0
1740_5423,1739971.2195,5423175.8316,0
1741_5423,1740971.2195,5423175.8316,0
1742_5423,1741971.2195,5423175.8316,0
1743_5423,1742971.2195,5423175.8316,0
1744_5423,1743971.2195,5423175.8316,0
1745_5423,1744971.2195,5423175.8316,0
1746_5423,1745971.2195,5423175.8316,0
1747_5423,1746971.2195,5423175.8316,0
1748_5423,1747971.2195,5423175.8316,0
1749_5423,1748971.2195,5423175.8316,0
1750_5423,1749971.2195,5423175.8316,0
1751_5423,1750971.2195,5423175.8316,0
1752_5423,1751971.2195,5423175.8316,0
1753_5423,1752971.2195,5423175.8316,0
1757_5423,1756971.2195,5423175.8316,0
1758_5423,1757971.2195,5423175.8316,0
1759_5423,1758971.2195,5423175.8316,0
1760_5423,1759971.2195,5423175.8316,0
1761_5423,1760971.2195,5423175.8316,0
1762_5423,1761971.2195,5423175.8316,0
1763_5423,1762971.2195,5423175.8316,0
1764_5423,1763971.2195,5423175.8316,0
1765_5423,1764971.2195,5423175.8316,0
1766_5423,1765971.2195,5423175.8316,0
1767_5423,1766971.2195,5423175.8316,0
1768_5423,1767971.2195,5423175.8316,0
1769_5423,1768971.2195,5423175.8316,0
1770_5423,1769971.2195,5423175.8316,0
1771_5423,1770971.2195,5423175.8316,0
1772_5423,1771971.2195,5423175.8316,0
1773_5423,1772971.2195,5423175.8316,0
1774_5423,1773971.2195,5423175.8316,0
1775_5423,1774971.2195,5423175.8316,0
1776_5423,1775971.2195,5423175.8316,0
1777_5423,1776971.2195,5423175.8316,0
1778_5423,1777971.2195,5423175.8316,0
1779_5423,1778971.2195,5423175.8316,0
1780_5423,1779971.2195,5423175.8316,0
1781_5423,1780971.2195,5423175.8316,0
1782_5423,1781971.2195,5423175.8316,0
1783_5423,1782971.2195,5423175.8316,0
1784_5423,1783971.2195,5423175.8316,0
1785_5423,1784971.2195,5423175.8316,0
1786_5423,1785971.2195,5423175.8316,0
1787_5423,1786971.2195,5423175.8316,0
1788_5423,1787971.2195,5423175.8316,0
1789_5423,1788971.2195,5423175.8316,0
1790_5423,1789971.2195,5423175.8316,0
1791_5423,1790971.2195,5423175.8316,0
1792_5423,1791971.2195,5423175.8316,0
1793_5423,1792971.2195,5423175.8316,0
1794_5423,1793971.2195,5423175.8316,0
1795_5423,1794971.2195,5423175.8316,0
1796_5423,1795971.2195,5423175.8316,0
1797_5423,1796971.2195,5423175.8316,0
1798_5423,1797971.2195,5423175.8316,0
1799_5423,1798971.2195,5423175.8316,0
1800_5423,1799971.2195,5423175.8316,0
1801_5423,1800971.2195,5423175.8316,0
1802_5423,1801971.2195,5423175.8316,0
1803_5423,1802971.2195,5423175.8316,0
1804_5423,1803971.2195,5423175.8316,0
1805_5423,1804971.2195,5423175.8316,0
1806_5423,1805971.2195,5423175.8316,0
1807_5423,1806971.2195,5423175.8316,0
1808_5423,1807971.2195,5423175.8316,0
1809_5423,1808971.2195,5423175.8316,0
1810_5423,1809971.2195,5423175.8316,0
1811_5423,1810971.2195,5423175.8316,0
1812_5423,1811971.2195,5423175.8316,0
1813_5423,1812971.2195,5423175.8316,0
1814_5423,1813971.2195,5423175.8316,0
1815_5423,1814971.2195,5423175.8316,0
1816_5423,1815971.2195,5423175.8316,0
1817_5423,1816971.2195,5423175.8316,0
1818_5423,1817971.2195,5423175.8316,0
1819_5423,1818971.2195,5423175.8316,0
1820_5423,1819971.2195,5423175.8316,0
1821_5423,1820971.2195,5423175.8316,0
1822_5423,1821971.2195,5423175.8316,0
1823_5423,1822971.2195,5423175.8316,0
1824_5423,1823971.2195,5423175.8316,0
1825_5423,1824971.2195,5423175.8316,0
1826_5423,1825971.2195,5423175.8316,0
1827_5423,1826971.2195,5423175.8316,0
1828_5423,1827971.2195,5423175.8316,0
1829_5423,1828971.2195,5423175.8316,0
1830_5423,1829971.2195,5423175.8316,0
1831_5423,1830971.2195,5423175.8316,0
1832_5423,1831971.2195,5423175.8316,0
1833_5423,1832971.2195,5423175.8316,0
1834_5423,1833971.2195,5423175.8316,0
1835_5423,1834971.2195,5423175.8316,0
1836_5423,1835971.2195,5423175.8316,0
1837_5423,1836971.2195,5423175.8316,0
1838_5423,1837971.2195,5423175.8316,0
1839_5423,1838971.2195,5423175.8316,0
1738_5424,1737971.2195,5424175.8316,0
1739_5424,1738971.2195,5424175.8316,0
1740_5424,1739971.2195,5424175.8316,0
1741_5424,1740971.2195,5424175.8316,0
1742_5424,1741971.2195,5424175.8316,0
1743_5424,1742971.2195,5424175.8316,0
1744_5424,1743971.2195,5424175.8316,0
1745_5424,1744971.2195,5424175.8316,0
1746_5424,1745971.2195,5424175.8316,0
1747_5424,1746971.2195,5424175.8316,0
1748_5424,1747971.2195,5424175.8316,0
1749_5424,1748971.2195,5424175.8316,0
1750_5424,1749971.2195,5424175.8316,0
1751_5424,1750971.2195,5424175.8316,0
1752_5424,1751971.2195,5424175.8316,0
1753_5424,1752971.2195,5424175.8316,0
1757_5424,1756971.2195,5424175.8316,0
1758_5424,1757971.2195,5424175.8316,0
1759_5424,1758971.2195,5424175.8316,0
1760_5424,1759971.2195,5424175.8316,0
1761_5424,1760971.2195,5424175.8316,0
1762_5424,1761971.2195,5424175.8316,0
1763_5424,1762971.2195,5424175.8316,0
1764_5424,1763971.2195,5424175.8316,0
1765_5424,1764971.2195,5424175.8316,0
1766_5424,1765971.2195,5424175.8316,0
1767_5424,1766971.2195,5424175.8316,0
1768_5424,1767971.2195,5424175.8316,0
1769_5424,1768971.2195,5424175.8316,0
1770_5424,1769971.2195,5424175.8316,0
1771_5424,1770971.2195,5424175.8316,0
1772_5424,1771971.2195,5424175.8316,0
1773_5424,1772971.2195,5424175.8316,0
1774_5424,1773971.2195,5424175.8316,0
1775_5424,1774971.2195,5424175.8316,0
1776_5424,1775971.2195,5424175.8316,0
1777_5424,1776971.2195,5424175.8316,0
1778_5424,1777971.2195,5424175.8316,0
1779_5424,1778971.2195,5424175.8316,0
1780_5424,1779971.2195,5424175.8316,0
1781_5424,1780971.2195,5424175.8316,0
1782_5424,1781971.2195,5424175.8316,0
1783_5424,1782971.2195,5424175.8316,0
1784_5424,1783971.2195,5424175.8316,0
1785_5424,1784971.2195,5424175.8316,0
1786_5424,1785971.2195,5424175.8316,0
1787_5424,1786971.2195,5424175.8316,0
1788_5424,1787971.2195,5424175.8316,0
1789_5424,1788971.2195,5424175.8316,0
1790_5424,1789971.2195,5424175.8316,0
1791_5424,1790971.2195,5424175.8316,0
1792_5424,1791971.2195,5424175.8316,0
1793_5424,1792971.2195,5424175.8316,0
1794_5424,1793971.2195,5424175.8316,0
1795_5424,1794971.2195,5424175.8316,0
1796_5424,1795971.2195,5424175.8316,0
1797_5424,1796971.2195,5424175.8316,0
1798_5424,1797971.2195,5424175.8316,0
1799_5424,1798971.2195,5424175.8316,0
1800_5424,1799971.2195,5424175.8316,0
1801_5424,1800971.2195,5424175.8316,0
1802_5424,1801971.2195,5424175.8316,0
1803_5424,1802971.2195,5424175.8316,0
1804_5424,1803971.2195,5424175.8316,0
1805_5424,1804971.2195,5424175.8316,0
1806_5424,1805971.2195,5424175.8316,0
1807_5424,1806971.2195,5424175.8316,0
1808_5424,1807971.2195,5424175.8316,0
1809_5424,1808971.2195,5424175.8316,0
1810_5424,1809971.2195,5424175.8316,0
1811_5424,1810971.2195,5424175.8316,0
1812_5424,1811971.2195,5424175.8316,0
1813_5424,1812971.2195,5424175.8316,0
1814_5424,1813971.2195,5424175.8316,0
1815_5424,1814971.2195,5424175.8316,0
1816_5424,1815971.2195,5424175.8316,0
1817_5424,1816971.2195,5424175.8316,0
1818_5424,1817971.2195,5424175.8316,0
1819_5424,1818971.2195,5424175.8316,0
1820_5424,1819971.2195,5424175.8316,0
1821_5424,1820971.2195,5424175.8316,0
1822_5424,1821971.2195,5424175.8316,0
1823_5424,1822971.2195,5424175.8316,0
1824_5424,1823971.2195,5424175.8316,0
1825_5424,1824971.2195,5424175.8316,0
1826_5424,1825971.2195,5424175.8316,0
1827_5424,1826971.2195,5424175.8316,0
1828_5424,1827971.2195,5424175.8316,0
1829_5424,1828971.2195,5424175.8316,0
1830_5424,1829971.2195,5424175.8316,0
1831_5424,1830971.2195,5424175.8316,0
1832_5424,1831971.2195,5424175.8316,0
1833_5424,1832971.2195,5424175.8316,0
1834_5424,1833971.2195,5424175.8316,0
1835_5424,1834971.2195,5424175.8316,0
1836_5424,1835971.2195,5424175.8316,0
1837_5424,1836971.2195,5424175.8316,0
1838_5424,1837971.2195,5424175.8316,0
1839_5424,1838971.2195,5424175.8316,0
1840_5424,1839971.2195,5424175.8316,0
1737_5425,1736971.2195,5425175.8316,0
1738_5425,1737971.2195,5425175.8316,0
1739_5425,1738971.2195,5425175.8316,0
1740_5425,1739971.2195,5425175.8316,0
1741_5425,1740971.2195,5425175.8316,0
1742_5425,1741971.2195,5425175.8316,0
1743_5425,1742971.2195,5425175.8316,0
1744_5425,1743971.2195,5425175.8316,0
1745_5425,1744971.2195,5425175.8316,0
1746_5425,1745971.2195,5425175.8316,0
1747_5425,1746971.2195,5425175.8316,0
1748_5425,1747971.2195,5425175.8316,0
1749_5425,1748971.2195,5425175.8316,0
1750_5425,1749971.2195,5425175.8316,0
1752_5425,1751971.2195,5425175.8316,0
1753_5425,1752971.2195,5425175.8316,0
1758_5425,1757971.2195,5425175.8316,0
1759_5425,1758971.2195,5425175.8316,0
1760_5425,1759971.2195,5425175.8316,0
1761_5425,1760971.2195,5425175.8316,0
1762_5425,1761971.2195,5425175.8316,0
1763_5425,1762971.2195,5425175.8316,0
1764_5425,1763971.2195,5425175.8316,0
1765_5425,1764971.2195,5425175.8316,0
1766_5425,1765971.2195,5425175.8316,0
1767_5425,1766971.2195,5425175.8316,0
1768_5425,1767971.2195,5425175.8316,0
1769_5425,1768971.2195,5425175.8316,0
1770_5425,1769971.2195,5425175.8316,0
1771_5425,1770971.2195,5425175.8316,0
1772_5425,1771971.2195,5425175.8316,0
1773_5425,1772971.2195,5425175.8316,0
1774_5425,1773971.2195,5425175.8316,0
1775_5425,1774971.2195,5425175.8316,0
1776_5425,1775971.2195,5425175.8316,0
1777_5425,1776971.2195,5425175.8316,0
1778_5425,1777971.2195,5425175.8316,0
1779_5425,1778971.2195,5425175.8316,0
1780_5425,1779971.2195,5425175.8316,0
1781_5425,1780971.2195,5425175.8316,0
1782_5425,1781971.2195,5425175.8316,0
1783_5425,1782971.2195,5425175.8316,0
1784_5425,1783971.2195,5425175.8316,0
1785_5425,1784971.2195,5425175.8316,0
1786_5425,1785971.2195,5425175.8316,0
1787_5425,1786971.2195,5425175.8316,0
1788_5425,1787971.2195,5425175.8316,0
1789_5425,1788971.2195,5425175.8316,0
1790_5425,1789971.2195,5425175.8316,0
1791_5425,1790971.2195,5425175.8316,0
1792_5425,1791971.2195,5425175.8316,0
1793_5425,1792971.2195,5425175.8316,0
1794_5425,1793971.2195,5425175.8316,0
1795_5425,1794971.2195,5425175.8316,0
1796_5425,1795971.2195,5425175.8316,0
1797_5425,1796971.2195,5425175.8316,0
1798_5425,1797971.2195,5425175.8316,0
1799_5425,1798971.2195,5425175.8316,0
1800_5425,1799971.2195,5425175.8316,0
1801_5425,1800971.2195,5425175.8316,0
1802_5425,1801971.2195,5425175.8316,0
1803_5425,1802971.2195,5425175.8316,0
1804_5425,1803971.2195,5425175.8316,0
1805_5425,1804971.2195,5425175.8316,0
1806_5425,1805971.2195,5425175.8316,0
1807_5425,1806971.2195,5425175.8316,0
1808_5425,1807971.2195,5425175.8316,0
1809_5425,1808971.2195,5425175.8316,0
1810_5425,1809971.2195,5425175.8316,0
1811_5425,1810971.2195,5425175.8316,0
1812_5425,1811971.2195,5425175.8316,0
1813_5425,1812971.2195,5425175.8316,0
1814_5425,1813971.2195,5425175.8316,0
1815_5425,1814971.2195,5425175.8316,0
1816_5425,1815971.2195,5425175.8316,0
1817_5425,1816971.2195,5425175.8316,0
1818_5425,1817971.2195,5425175.8316,0
1819_5425,1818971.2195,5425175.8316,0
1820_5425,1819971.2195,5425175.8316,0
1821_5425,1820971.2195,5425175.8316,0
1822_5425,1821971.2195,5425175.8316,0
1823_5425,1822971.2195,5425175.8316,0
1824_5425,1823971.2195,5425175.8316,0
1825_5425,1824971.2195,5425175.8316,0
1826_5425,1825971.2195,5425175.8316,0
1827_5425,1826971.2195,5425175.8316,0
1828_5425,1827971.2195,5425175.8316,0
1829_5425,1828971.2195,5425175.8316,0
1830_5425,1829971.2195,5425175.8316,0
1831_5425,1830971.2195,5425175.8316,0
1832_5425,1831971.2195,5425175.8316,0
1833_5425,1832971.2195,5425175.8316,0
1834_5425,1833971.2195,5425175.8316,0
1835_5425,1834971.2195,5425175.8316,0
1836_5425,1835971.2195,5425175.8316,0
1837_5425,1836971.2195,5425175.8316,0
1838_5425,1837971.2195,5425175.8316,0
1839_5425,1838971.2195,5425175.8316,0
1840_5425,1839971.2195,5425175.8316,0
1737_5426,1736971.2195,5426175.8316,0
1738_5426,1737971.2195,5426175.8316,0
1739_5426,1738971.2195,5426175.8316,0
1740_5426,1739971.2195,5426175.8316,0
1741_5426,1740971.2195,5426175.8316,0
1742_5426,1741971.2195,5426175.8316,0
1743_5426,1742971.2195,5426175.8316,0
1744_5426,1743971.2195,5426175.8316,0
1745_5426,1744971.2195,5426175.8316,0
1746_5426,1745971.2195,5426175.8316,0
1747_5426,1746971.2195,5426175.8316,0
1748_5426,1747971.2195,5426175.8316,0
1749_5426,1748971.2195,5426175.8316,0
1750_5426,1749971.2195,5426175.8316,0
1751_5426,1750971.2195,5426175.8316,0
1753_5426,1752971.2195,5426175.8316,0
1759_5426,1758971.2195,5426175.8316,0
1760_5426,1759971.2195,5426175.8316,0
1761_5426,1760971.2195,5426175.8316,0
1762_5426,1761971.2195,5426175.8316,0
1763_5426,1762971.2195,5426175.8316,0
1764_5426,1763971.2195,5426175.8316,0
1765_5426,1764971.2195,5426175.8316,0
1766_5426,1765971.2195,5426175.8316,0
1767_5426,1766971.2195,5426175.8316,0
1768_5426,1767971.2195,5426175.8316,0
1769_5426,1768971.2195,5426175.8316,0
1770_5426,1769971.2195,5426175.8316,0
1771_5426,1770971.2195,5426175.8316,0
1772_5426,1771971.2195,5426175.8316,0
1773_5426,1772971.2195,5426175.8316,0
1774_5426,1773971.2195,5426175.8316,0
1775_5426,1774971.2195,5426175.8316,0
1776_5426,1775971.2195,5426175.8316,0
1777_5426,1776971.2195,5426175.8316,0
1778_5426,1777971.2195,5426175.8316,0
1779_5426,1778971.2195,5426175.8316,0
1780_5426,1779971.2195,5426175.8316,0
1781_5426,1780971.2195,5426175.8316,0
1782_5426,1781971.2195,5426175.8316,0
1783_5426,1782971.2195,5426175.8316,0
1784_5426,1783971.2195,5426175.8316,0
1785_5426,1784971.2195,5426175.8316,0
1786_5426,1785971.2195,5426175.8316,0
1787_5426,1786971.2195,5426175.8316,0
1788_5426,1787971.2195,5426175.8316,0
1789_5426,1788971.2195,5426175.8316,0
1790_5426,1789971.2195,5426175.8316,0
1791_5426,1790971.2195,5426175.8316,0
1792_5426,1791971.2195,5426175.8316,0
1793_5426,1792971.2195,5426175.8316,0
1794_5426,1793971.2195,5426175.8316,0
1795_5426,1794971.2195,5426175.8316,0
1796_5426,1795971.2195,5426175.8316,0
1797_5426,1796971.2195,5426175.8316,0
1798_5426,1797971.2195,5426175.8316,0
1799_5426,1798971.2195,5426175.8316,0
1800_5426,1799971.2195,5426175.8316,0
1801_5426,1800971.2195,5426175.8316,0
1802_5426,1801971.2195,5426175.8316,0
1803_5426,1802971.2195,5426175.8316,0
1804_5426,1803971.2195,5426175.8316,0
1805_5426,1804971.2195,5426175.8316,0
1806_5426,1805971.2195,5426175.8316,0
1807_5426,1806971.2195,5426175.8316,0
1808_5426,1807971.2195,5426175.8316,0
1809_5426,1808971.2195,5426175.8316,0
1810_5426,1809971.2195,5426175.8316,0
1811_5426,1810971.2195,5426175.8316,0
1812_5426,1811971.2195,5426175.8316,0
1813_5426,1812971.2195,5426175.8316,0
1814_5426,1813971.2195,5426175.8316,0
1815_5426,1814971.2195,5426175.8316,0
1816_5426,1815971.2195,5426175.8316,0
1817_5426,1816971.2195,5426175.8316,0
1818_5426,1817971.2195,5426175.8316,0
1819_5426,1818971.2195,5426175.8316,0
1820_5426,1819971.2195,5426175.8316,0
1821_5426,1820971.2195,5426175.8316,0
1822_5426,1821971.2195,5426175.8316,0
1823_5426,1822971.2195,5426175.8316,0
1824_5426,1823971.2195,5426175.8316,0
1825_5426,1824971.2195,5426175.8316,0
1826_5426,1825971.2195,5426175.8316,0
1827_5426,1826971.2195,5426175.8316,0
1828_5426,1827971.2195,5426175.8316,0
1829_5426,1828971.2195,5426175.8316,0
1830_5426,1829971.2195,5426175.8316,0
1831_5426,1830971.2195,5426175.8316,0
1832_5426,1831971.2195,5426175.8316,0
1833_5426,1832971.2195,5426175.8316,0
1834_5426,1833971.2195,5426175.8316,0
1835_5426,1834971.2195,5426175.8316,0
1836_5426,1835971.2195,5426175.8316,0
1837_5426,1836971.2195,5426175.8316,0
1838_5426,1837971.2195,5426175.8316,0
1839_5426,1838971.2195,5426175.8316,0
1840_5426,1839971.2195,5426175.8316,0
1841_5426,1840971.2195,5426175.8316,0
1737_5427,1736971.2195,5427175.8316,0
1738_5427,1737971.2195,5427175.8316,0
1739_5427,1738971.2195,5427175.8316,0
1740_5427,1739971.2195,5427175.8316,0
1741_5427,1740971.2195,5427175.8316,0
1742_5427,1741971.2195,5427175.8316,0
1743_5427,1742971.2195,5427175.8316,0
1744_5427,1743971.2195,5427175.8316,0
1745_5427,1744971.2195,5427175.8316,0
1746_5427,1745971.2195,5427175.8316,0
1747_5427,1746971.2195,5427175.8316,0
1748_5427,1747971.2195,5427175.8316,0
1749_5427,1748971.2195,5427175.8316,0
1750_5427,1749971.2195,5427175.8316,0
1751_5427,1750971.2195,5427175.8316,0
1753_5427,1752971.2195,5427175.8316,0
1759_5427,1758971.2195,5427175.8316,0
1760_5427,1759971.2195,5427175.8316,0
1761_5427,1760971.2195,5427175.8316,0
1762_5427,1761971.2195,5427175.8316,0
1763_5427,1762971.2195,5427175.8316,0
1764_5427,1763971.2195,5427175.8316,0
1765_5427,1764971.2195,5427175.8316,0
1766_5427,1765971.2195,5427175.8316,0
1767_5427,1766971.2195,5427175.8316,0
1768_5427,1767971.2195,5427175.8316,0
1769_5427,1768971.2195,5427175.8316,0
1770_5427,1769971.2195,5427175.8316,0
1771_5427,1770971.2195,5427175.8316,0
1772_5427,1771971.2195,5427175.8316,0
1773_5427,1772971.2195,5427175.8316,0
1774_5427,1773971.2195,5427175.8316,0
1775_5427,1774971.2195,5427175.8316,0
1776_5427,1775971.2195,5427175.8316,0
1777_5427,1776971.2195,5427175.8316,0
1778_5427,1777971.2195,5427175.8316,0
1779_5427,1778971.2195,5427175.8316,0
1780_5427,1779971.2195,5427175.8316,0
1781_5427,1780971.2195,5427175.8316,0
1782_5427,1781971.2195,5427175.8316,0
1783_5427,1782971.2195,5427175.8316,0
1784_5427,1783971.2195,5427175.8316,0
1785_5427,1784971.2195,5427175.8316,0
1786_5427,1785971.2195,5427175.8316,0
1787_5427,1786971.2195,5427175.8316,0
1788_5427,1787971.2195,5427175.8316,0
1789_5427,1788971.2195,5427175.8316,0
1790_5427,1789971.2195,5427175.8316,0
1791_5427,1790971.2195,5427175.8316,0
1792_5427,1791971.2195,5427175.8316,0
1793_5427,1792971.2195,5427175.8316,0
1794_5427,1793971.2195,5427175.8316,0
1795_5427,1794971.2195,5427175.8316,0
1796_5427,1795971.2195,5427175.8316,0
1797_5427,1796971.2195,5427175.8316,0
1798_5427,1797971.2195,5427175.8316,0
1799_5427,1798971.2195,5427175.8316,0
1800_5427,1799971.2195,5427175.8316,0
1801_5427,1800971.2195,5427175.8316,0
1802_5427,1801971.2195,5427175.8316,0
1803_5427,1802971.2195,5427175.8316,0
1804_5427,1803971.2195,5427175.8316,0
1805_5427,1804971.2195,5427175.8316,0
1806_5427,1805971.2195,5427175.8316,0
1807_5427,1806971.2195,5427175.8316,0
1808_5427,1807971.2195,5427175.8316,0
1809_5427,1808971.2195,5427175.8316,0
1810_5427,1809971.2195,5427175.8316,0
1811_5427,1810971.2195,5427175.8316,0
1812_5427,1811971.2195,5427175.8316,0
1813_5427,1812971.2195,5427175.8316,0
1814_5427,1813971.2195,5427175.8316,0
1815_5427,1814971.2195,5427175.8316,0
1816_5427,1815971.2195,5427175.8316,0
1817_5427,1816971.2195,5427175.8316,0
1818_5427,1817971.2195,5427175.8316,0
1819_5427,1818971.2195,5427175.8316,0
1820_5427,1819971.2195,5427175.8316,0
1821_5427,1820971.2195,5427175.8316,0
1822_5427,1821971.2195,5427175.8316,0
1823_5427,1822971.2195,5427175.8316,0
1824_5427,1823971.2195,5427175.8316,0
1825_5427,1824971.2195,5427175.8316,0
1826_5427,1825971.2195,5427175.8316,0
1827_5427,1826971.2195,5427175.8316,0
1828_5427,1827971.2195,5427175.8316,0
1829_5427,1828971.2195,5427175.8316,0
1830_5427,1829971.2195,5427175.8316,0
1831_5427,1830971.2195,5427175.8316,0
1832_5427,1831971.2195,5427175.8316,0
1833_5427,1832971.2195,5427175.8316,0
1834_5427,1833971.2195,5427175.8316,0
1835_5427,1834971.2195,5427175.8316,0
1836_5427,1835971.2195,5427175.8316,0
1837_5427,1836971.2195,5427175.8316,0
1838_5427,1837971.2195,5427175.8316,0
1839_5427,1838971.2195,5427175.8316,0
1840_5427,1839971.2195,5427175.8316,0
1841_5427,1840971.2195,5427175.8316,0
1842_5427,1841971.2195,5427175.8316,0
1736_5428,1735971.2195,5428175.8316,0
1737_5428,1736971.2195,5428175.8316,0
1738_5428,1737971.2195,5428175.8316,0
1739_5428,1738971.2195,5428175.8316,0
1740_5428,1739971.2195,5428175.8316,0
1741_5428,1740971.2195,5428175.8316,0
1742_5428,1741971.2195,5428175.8316,0
1743_5428,1742971.2195,5428175.8316,0
1744_5428,1743971.2195,5428175.8316,0
1745_5428,1744971.2195,5428175.8316,0
1746_5428,1745971.2195,5428175.8316,0
1747_5428,1746971.2195,5428175.8316,0
1748_5428,1747971.2195,5428175.8316,0
1749_5428,1748971.2195,5428175.8316,0
1760_5428,1759971.2195,5428175.8316,0
1761_5428,1760971.2195,5428175.8316,0
1762_5428,1761971.2195,5428175.8316,0
1763_5428,1762971.2195,5428175.8316,0
1764_5428,1763971.2195,5428175.8316,0
1765_5428,1764971.2195,5428175.8316,0
1766_5428,1765971.2195,5428175.8316,0
1767_5428,1766971.2195,5428175.8316,0
1768_5428,1767971.2195,5428175.8316,0
1769_5428,1768971.2195,5428175.8316,0
1770_5428,1769971.2195,5428175.8316,0
1771_5428,1770971.2195,5428175.8316,0
1772_5428,1771971.2195,5428175.8316,0
1773_5428,1772971.2195,5428175.8316,0
1774_5428,1773971.2195,5428175.8316,0
1775_5428,1774971.2195,5428175.8316,0
1776_5428,1775971.2195,5428175.8316,0
1777_5428,1776971.2195,5428175.8316,0
1778_5428,1777971.2195,5428175.8316,0
1779_5428,1778971.2195,5428175.8316,0
1780_5428,1779971.2195,5428175.8316,0
1781_5428,1780971.2195,5428175.8316,0
1782_5428,1781971.2195,5428175.8316,0
1783_5428,1782971.2195,5428175.8316,0
1784_5428,1783971.2195,5428175.8316,0
1785_5428,1784971.2195,5428175.8316,0
1786_5428,1785971.2195,5428175.8316,0
1787_5428,1786971.2195,5428175.8316,0
1788_5428,1787971.2195,5428175.8316,0
1789_5428,1788971.2195,5428175.8316,0
1790_5428,1789971.2195,5428175.8316,0
1791_5428,1790971.2195,5428175.8316,0
1792_5428,1791971.2195,5428175.8316,0
1793_5428,1792971.2195,5428175.8316,0
1794_5428,1793971.2195,5428175.8316,0
1795_5428,1794971.2195,5428175.8316,0
1796_5428,1795971.2195,5428175.8316,0
1797_5428,1796971.2195,5428175.8316,0
1798_5428,1797971.2195,5428175.8316,0
1799_5428,1798971.2195,5428175.8316,0
1800_5428,1799971.2195,5428175.8316,0
1801_5428,1800971.2195,5428175.8316,0
1802_5428,1801971.2195,5428175.8316,0
1803_5428,1802971.2195,5428175.8316,0
1804_5428,1803971.2195,5428175.8316,0
1805_5428,1804971.2195,5428175.8316,0
1806_5428,1805971.2195,5428175.8316,0
1807_5428,1806971.2195,5428175.8316,0
1808_5428,1807971.2195,5428175.8316,0
1809_5428,1808971.2195,5428175.8316,0
1810_5428,1809971.2195,5428175.8316,0
1811_5428,1810971.2195,5428175.8316,0
1812_5428,1811971.2195,5428175.8316,0
1813_5428,1812971.2195,5428175.8316,0
1814_5428,1813971.2195,5428175.8316,0
1815_5428,1814971.2195,5428175.8316,0
1816_5428,1815971.2195,5428175.8316,0
1817_5428,1816971.2195,5428175.8316,0
1818_5428,1817971.2195,5428175.8316,0
1819_5428,1818971.2195,5428175.8316,0
1820_5428,1819971.2195,5428175.8316,0
1821_5428,1820971.2195,5428175.8316,0
1822_5428,1821971.2195,5428175.8316,0
1823_5428,1822971.2195,5428175.8316,0
1824_5428,1823971.2195,5428175.8316,0
1825_5428,1824971.2195,5428175.8316,0
1826_5428,1825971.2195,5428175.8316,0
1827_5428,1826971.2195,5428175.8316,0
1828_5428,1827971.2195,5428175.8316,0
1829_5428,1828971.2195,5428175.8316,0
1830_5428,1829971.2195,5428175.8316,0
1831_5428,1830971.2195,5428175.8316,0
1832_5428,1831971.2195,5428175.8316,0
1833_5428,1832971.2195,5428175.8316,0
1834_5428,1833971.2195,5428175.8316,0
1835_5428,1834971.2195,5428175.8316,0
1836_5428,1835971.2195,5428175.8316,0
1837_5428,1836971.2195,5428175.8316,0
1838_5428,1837971.2195,5428175.8316,0
1839_5428,1838971.2195,5428175.8316,0
1840_5428,1839971.2195,5428175.8316,0
1841_5428,1840971.2195,5428175.8316,0
1842_5428,1841971.2195,5428175.8316,0
1843_5428,1842971.2195,5428175.8316,0
1736_5429,1735971.2195,5429175.8316,0
1737_5429,1736971.2195,5429175.8316,0
1738_5429,1737971.2195,5429175.8316,0
1739_5429,1738971.2195,5429175.8316,0
1740_5429,1739971.2195,5429175.8316,0
1741_5429,1740971.2195,5429175.8316,0
1742_5429,1741971.2195,5429175.8316,0
1743_5429,1742971.2195,5429175.8316,0
1744_5429,1743971.2195,5429175.8316,0
1745_5429,1744971.2195,5429175.8316,0
1746_5429,1745971.2195,5429175.8316,0
1747_5429,1746971.2195,5429175.8316,0
1748_5429,1747971.2195,5429175.8316,0
1749_5429,1748971.2195,5429175.8316,0
1760_5429,1759971.2195,5429175.8316,0
1761_5429,1760971.2195,5429175.8316,0
1762_5429,1761971.2195,5429175.8316,0
1763_5429,1762971.2195,5429175.8316,0
1764_5429,1763971.2195,5429175.8316,0
1765_5429,1764971.2195,5429175.8316,0
1766_5429,1765971.2195,5429175.8316,0
1767_5429,1766971.2195,5429175.8316,0
1768_5429,1767971.2195,5429175.8316,0
1769_5429,1768971.2195,5429175.8316,0
1770_5429,1769971.2195,5429175.8316,0
1771_5429,1770971.2195,5429175.8316,0
1772_5429,1771971.2195,5429175.8316,0
1773_5429,1772971.2195,5429175.8316,0
1774_5429,1773971.2195,5429175.8316,0
1775_5429,1774971.2195,5429175.8316,0
1776_5429,1775971.2195,5429175.8316,0
1777_5429,1776971.2195,5429175.8316,0
1778_5429,1777971.2195,5429175.8316,0
1779_5429,1778971.2195,5429175.8316,0
1780_5429,1779971.2195,5429175.8316,0
1781_5429,1780971.2195,5429175.8316,0
1782_5429,1781971.2195,5429175.8316,0
1783_5429,1782971.2195,5429175.8316,0
1784_5429,1783971.2195,5429175.8316,0
1785_5429,1784971.2195,5429175.8316,0
1786_5429,1785971.2195,5429175.8316,0
1787_5429,1786971.2195,5429175.8316,0
1788_5429,1787971.2195,5429175.8316,0
1789_5429,1788971.2195,5429175.8316,0
1790_5429,1789971.2195,5429175.8316,0
1791_5429,1790971.2195,5429175.8316,0
1792_5429,1791971.2195,5429175.8316,0
1793_5429,1792971.2195,5429175.8316,0
1794_5429,1793971.2195,5429175.8316,0
1795_5429,1794971.2195,5429175.8316,0
1796_5429,1795971.2195,5429175.8316,0
1797_5429,1796971.2195,5429175.8316,0
1798_5429,1797971.2195,5429175.8316,0
1799_5429,1798971.2195,5429175.8316,0
1800_5429,1799971.2195,5429175.8316,0
1801_5429,1800971.2195,5429175.8316,0
1802_5429,1801971.2195,5429175.8316,0
1803_5429,1802971.2195,5429175.8316,0
1804_5429,1803971.2195,5429175.8316,0
1805_5429,1804971.2195,5429175.8316,0
1806_5429,1805971.2195,5429175.8316,0
1807_5429,1806971.2195,5429175.8316,0
1808_5429,1807971.2195,5429175.8316,0
1809_5429,1808971.2195,5429175.8316,0
1810_5429,1809971.2195,5429175.8316,0
1811_5429,1810971.2195,5429175.8316,0
1812_5429,1811971.2195,5429175.8316,0
1813_5429,1812971.2195,5429175.8316,0
1814_5429,1813971.2195,5429175.8316,0
1815_5429,1814971.2195,5429175.8316,0
1816_5429,1815971.2195,5429175.8316,0
1817_5429,1816971.2195,5429175.8316,0
1818_5429,1817971.2195,5429175.8316,0
1819_5429,1818971.2195,5429175.8316,0
1820_5429,1819971.2195,5429175.8316,0
1821_5429,1820971.2195,5429175.8316,0
1822_5429,1821971.2195,5429175.8316,0
1823_5429,1822971.2195,5429175.8316,0
1824_5429,1823971.2195,5429175.8316,0
1825_5429,1824971.2195,5429175.8316,0
1826_5429,1825971.2195,5429175.8316,0
1827_5429,1826971.2195,5429175.8316,0
1828_5429,1827971.2195,5429175.8316,0
1829_5429,1828971.2195,5429175.8316,0
1830_5429,1829971.2195,5429175.8316,0
1831_5429,1830971.2195,5429175.8316,0
1832_5429,1831971.2195,5429175.8316,0
1833_5429,1832971.2195,5429175.8316,0
1834_5429,1833971.2195,5429175.8316,0
1835_5429,1834971.2195,5429175.8316,0
1836_5429,1835971.2195,5429175.8316,0
1837_5429,1836971.2195,5429175.8316,0
1838_5429,1837971.2195,5429175.8316,0
1839_5429,1838971.2195,5429175.8316,0
1840_5429,1839971.2195,5429175.8316,0
1841_5429,1840971.2195,5429175.8316,0
1842_5429,1841971.2195,5429175.8316,0
1843_5429,1842971.2195,5429175.8316,0
1844_5429,1843971.2195,5429175.8316,0
1845_5429,1844971.2195,5429175.8316,0
1736_5430,1735971.2195,5430175.8316,0
1737_5430,1736971.2195,5430175.8316,0
1738_5430,1737971.2195,5430175.8316,0
1739_5430,1738971.2195,5430175.8316,0
1740_5430,1739971.2195,5430175.8316,0
1741_5430,1740971.2195,5430175.8316,0
1742_5430,1741971.2195,5430175.8316,0
1743_5430,1742971.2195,5430175.8316,0
1744_5430,1743971.2195,5430175.8316,0
1745_5430,1744971.2195,5430175.8316,0
1746_5430,1745971.2195,5430175.8316,0
1747_5430,1746971.2195,5430175.8316,0
1748_5430,1747971.2195,5430175.8316,0
1749_5430,1748971.2195,5430175.8316,0
1760_5430,1759971.2195,5430175.8316,0
1761_5430,1760971.2195,5430175.8316,0
1762_5430,1761971.2195,5430175.8316,0
1763_5430,1762971.2195,5430175.8316,0
1764_5430,1763971.2195,5430175.8316,0
1765_5430,1764971.2195,5430175.8316,0
1766_5430,1765971.2195,5430175.8316,0
1767_5430,1766971.2195,5430175.8316,0
1768_5430,1767971.2195,5430175.8316,0
1769_5430,1768971.2195,5430175.8316,0
1770_5430,1769971.2195,5430175.8316,0
1771_5430,1770971.2195,5430175.8316,0
1772_5430,1771971.2195,5430175.8316,0
1773_5430,1772971.2195,5430175.8316,0
1774_5430,1773971.2195,5430175.8316,0
1775_5430,1774971.2195,5430175.8316,0
1776_5430,1775971.2195,5430175.8316,0
1777_5430,1776971.2195,5430175.8316,0
1778_5430,1777971.2195,5430175.8316,0
1779_5430,1778971.2195,5430175.8316,0
1780_5430,1779971.2195,5430175.8316,0
1781_5430,1780971.2195,5430175.8316,0
1782_5430,1781971.2195,5430175.8316,0
1783_5430,1782971.2195,5430175.8316,0
1784_5430,1783971.2195,5430175.8316,0
1785_5430,1784971.2195,5430175.8316,0
1786_5430,1785971.2195,5430175.8316,0
1787_5430,1786971.2195,5430175.8316,0
1788_5430,1787971.2195,5430175.8316,0
1789_5430,1788971.2195,5430175.8316,0
1790_5430,1789971.2195,5430175.8316,0
1791_5430,1790971.2195,5430175.8316,0
1792_5430,1791971.2195,5430175.8316,0
1793_5430,1792971.2195,5430175.8316,0
1794_5430,1793971.2195,5430175.8316,0
1795_5430,1794971.2195,5430175.8316,0
1796_5430,1795971.2195,5430175.8316,0
1797_5430,1796971.2195,5430175.8316,0
1798_5430,1797971.2195,5430175.8316,0
1799_5430,1798971.2195,5430175.8316,0
1800_5430,1799971.2195,5430175.8316,0
1801_5430,1800971.2195,5430175.8316,0
1802_5430,1801971.2195,5430175.8316,0
1803_5430,1802971.2195,5430175.8316,0
1804_5430,1803971.2195,5430175.8316,0
1805_5430,1804971.2195,5430175.8316,0
1806_5430,1805971.2195,5430175.8316,0
1807_5430,1806971.2195,5430175.8316,0
1808_5430,1807971.2195,5430175.8316,0
1809_5430,1808971.2195,5430175.8316,0
1810_5430,1809971.2195,5430175.8316,0
1811_5430,1810971.2195,5430175.8316,0
1812_5430,1811971.2195,5430175.8316,0
1813_5430,1812971.2195,5430175.8316,0
1814_5430,1813971.2195,5430175.8316,0
1815_5430,1814971.2195,5430175.8316,0
1816_5430,1815971.2195,5430175.8316,0
1817_5430,1816971.2195,5430175.8316,0
1818_5430,1817971.2195,5430175.8316,0
1819_5430,1818971.2195,5430175.8316,0
1820_5430,1819971.2195,5430175.8316,0
1821_5430,1820971.2195,5430175.8316,0
1822_5430,1821971.2195,5430175.8316,0
1823_5430,1822971.2195,5430175.8316,0
1824_5430,1823971.2195,5430175.8316,0
1825_5430,1824971.2195,5430175.8316,0
1826_5430,1825971.2195,5430175.8316,0
1827_5430,1826971.2195,5430175.8316,0
1828_5430,1827971.2195,5430175.8316,0
1829_5430,1828971.2195,5430175.8316,0
1830_5430,1829971.2195,5430175.8316,0
1831_5430,1830971.2195,5430175.8316,0
1832_5430,1831971.2195,5430175.8316,0
1833_5430,1832971.2195,5430175.8316,0
1834_5430,1833971.2195,5430175.8316,0
1835_5430,1834971.2195,5430175.8316,0
1836_5430,1835971.2195,5430175.8316,0
1837_5430,1836971.2195,5430175.8316,0
1838_5430,1837971.2195,5430175.8316,0
1839_5430,1838971.2195,5430175.8316,0
1840_5430,1839971.2195,5430175.8316,0
1841_5430,1840971.2195,5430175.8316,0
1842_5430,1841971.2195,5430175.8316,0
1843_5430,1842971.2195,5430175.8316,0
1844_5430,1843971.2195,5430175.8316,0
1845_5430,1844971.2195,5430175.8316,0
1846_5430,1845971.2195,5430175.8316,0
1847_5430,1846971.2195,5430175.8316,0
1848_5430,1847971.2195,5430175.8316,0
1737_5431,1736971.2195,5431175.8316,0
1738_5431,1737971.2195,5431175.8316,0
1739_5431,1738971.2195,5431175.8316,0
1740_5431,1739971.2195,5431175.8316,0
1741_5431,1740971.2195,5431175.8316,0
1742_5431,1741971.2195,5431175.8316,0
1743_5431,1742971.2195,5431175.8316,0
1744_5431,1743971.2195,5431175.8316,0
1745_5431,1744971.2195,5431175.8316,0
1746_5431,1745971.2195,5431175.8316,0
1747_5431,1746971.2195,5431175.8316,0
1748_5431,1747971.2195,5431175.8316,0
1749_5431,1748971.2195,5431175.8316,0
1750_5431,1749971.2195,5431175.8316,0
1760_5431,1759971.2195,5431175.8316,0
1761_5431,1760971.2195,5431175.8316,0
1762_5431,1761971.2195,5431175.8316,0
1763_5431,1762971.2195,5431175.8316,0
1764_5431,1763971.2195,5431175.8316,0
1765_5431,1764971.2195,5431175.8316,0
1766_5431,1765971.2195,5431175.8316,0
1767_5431,1766971.2195,5431175.8316,0
1768_5431,1767971.2195,5431175.8316,0
1769_5431,1768971.2195,5431175.8316,0
1770_5431,1769971.2195,5431175.8316,0
1771_5431,1770971.2195,5431175.8316,0
1772_5431,1771971.2195,5431175.8316,0
1773_5431,1772971.2195,5431175.8316,0
1774_5431,1773971.2195,5431175.8316,0
1775_5431,1774971.2195,5431175.8316,0
1776_5431,1775971.2195,5431175.8316,0
1777_5431,1776971.2195,5431175.8316,0
1778_5431,1777971.2195,5431175.8316,0
1779_5431,1778971.2195,5431175.8316,0
1780_5431,1779971.2195,5431175.8316,0
1781_5431,1780971.2195,5431175.8316,0
1782_5431,1781971.2195,5431175.8316,0
1783_5431,1782971.2195,5431175.8316,0
1784_5431,1783971.2195,5431175.8316,0
1785_5431,1784971.2195,5431175.8316,0
1786_5431,1785971.2195,5431175.8316,0
1787_5431,1786971.2195,5431175.8316,0
1788_5431,1787971.2195,5431175.8316,0
1789_5431,1788971.2195,5431175.8316,0
1790_5431,1789971.2195,5431175.8316,0
1791_5431,1790971.2195,5431175.8316,0
1792_5431,1791971.2195,5431175.8316,0
1793_5431,1792971.2195,5431175.8316,0
1794_5431,1793971.2195,5431175.8316,0
1795_5431,1794971.2195,5431175.8316,0
1796_5431,1795971.2195,5431175.8316,0
1797_5431,1796971.2195,5431175.8316,0
1798_5431,1797971.2195,5431175.8316,0
1799_5431,1798971.2195,5431175.8316,0
1800_5431,1799971.2195,5431175.8316,0
1801_5431,1800971.2195,5431175.8316,0
1802_5431,1801971.2195,5431175.8316,0
1803_5431,1802971.2195,5431175.8316,0
1804_5431,1803971.2195,5431175.8316,0
1805_5431,1804971.2195,5431175.8316,0
1806_5431,1805971.2195,5431175.8316,0
1807_5431,1806971.2195,5431175.8316,0
1808_5431,1807971.2195,5431175.8316,0
1809_5431,1808971.2195,5431175.8316,0
1810_5431,1809971.2195,5431175.8316,0
1811_5431,1810971.2195,5431175.8316,0
1812_5431,1811971.2195,5431175.8316,0
1813_5431,1812971.2195,5431175.8316,0
1814_5431,1813971.2195,5431175.8316,0
1815_5431,1814971.2195,5431175.8316,0
1816_5431,1815971.2195,5431175.8316,0
1817_5431,1816971.2195,5431175.8316,0
1818_5431,1817971.2195,5431175.8316,0
1819_5431,1818971.2195,5431175.8316,0
1820_5431,1819971.2195,5431175.8316,0
1821_5431,1820971.2195,5431175.8316,0
1822_5431,1821971.2195,5431175.8316,0
1823_5431,1822971.2195,5431175.8316,0
1824_5431,1823971.2195,5431175.8316,0
1825_5431,1824971.2195,5431175.8316,0
1826_5431,1825971.2195,5431175.8316,0
1827_5431,1826971.2195,5431175.8316,0
1828_5431,1827971.2195,5431175.8316,0
1829_5431,1828971.2195,5431175.8316,0
1830_5431,1829971.2195,5431175.8316,0
1831_5431,1830971.2195,5431175.8316,0
1832_5431,1831971.2195,5431175.8316,0
1833_5431,1832971.2195,5431175.8316,0
1834_5431,1833971.2195,5431175.8316,0
1835_5431,1834971.2195,5431175.8316,0
1836_5431,1835971.2195,5431175.8316,0
1837_5431,1836971.2195,5431175.8316,0
1838_5431,1837971.2195,5431175.8316,0
1839_5431,1838971.2195,5431175.8316,0
1840_5431,1839971.2195,5431175.8316,0
1841_5431,1840971.2195,5431175.8316,0
1842_5431,1841971.2195,5431175.8316,0
1843_5431,1842971.2195,5431175.8316,0
1844_5431,1843971.2195,5431175.8316,0
1845_5431,1844971.2195,5431175.8316,0
1846_5431,1845971.2195,5431175.8316,0
1847_5431,1846971.2195,5431175.8316,0
1848_5431,1847971.2195,5431175.8316,0
1737_5432,1736971.2195,5432175.8316,0
1738_5432,1737971.2195,5432175.8316,0
1739_5432,1738971.2195,5432175.8316,0
1740_5432,1739971.2195,5432175.8316,0
1741_5432,1740971.2195,5432175.8316,0
1742_5432,1741971.2195,5432175.8316,0
1743_5432,1742971.2195,5432175.8316,0
1744_5432,1743971.2195,5432175.8316,0
1745_5432,1744971.2195,5432175.8316,0
1746_5432,1745971.2195,5432175.8316,0
1747_5432,1746971.2195,5432175.8316,0
1748_5432,1747971.2195,5432175.8316,0
1749_5432,1748971.2195,5432175.8316,0
1750_5432,1749971.2195,5432175.8316,0
1751_5432,1750971.2195,5432175.8316,0
1752_5432,1751971.2195,5432175.8316,0
1760_5432,1759971.2195,5432175.8316,0
1761_5432,1760971.2195,5432175.8316,0
1762_5432,1761971.2195,5432175.8316,0
1763_5432,1762971.2195,5432175.8316,0
1764_5432,1763971.2195,5432175.8316,0
1765_5432,1764971.2195,5432175.8316,0
1766_5432,1765971.2195,5432175.8316,0
1767_5432,1766971.2195,5432175.8316,0
1768_5432,1767971.2195,5432175.8316,0
1769_5432,1768971.2195,5432175.8316,0
1770_5432,1769971.2195,5432175.8316,0
1771_5432,1770971.2195,5432175.8316,0
1772_5432,1771971.2195,5432175.8316,0
1773_5432,1772971.2195,5432175.8316,0
1774_5432,1773971.2195,5432175.8316,0
1775_5432,1774971.2195,5432175.8316,0
1776_5432,1775971.2195,5432175.8316,0
1777_5432,1776971.2195,5432175.8316,0
1778_5432,1777971.2195,5432175.8316,0
1779_5432,1778971.2195,5432175.8316,0
1780_5432,1779971.2195,5432175.8316,0
1781_5432,1780971.2195,5432175.8316,0
1782_5432,1781971.2195,5432175.8316,0
1783_5432,1782971.2195,5432175.8316,0
1784_5432,1783971.2195,5432175.8316,0
1785_5432,1784971.2195,5432175.8316,0
1786_5432,1785971.2195,5432175.8316,0
1787_5432,1786971.2195,5432175.8316,0
1788_5432,1787971.2195,5432175.8316,0
1789_5432,1788971.2195,5432175.8316,0
1790_5432,1789971.2195,5432175.8316,0
1791_5432,1790971.2195,5432175.8316,0
1792_5432,1791971.2195,5432175.8316,0
1793_5432,1792971.2195,5432175.8316,0
1794_5432,1793971.2195,5432175.8316,0
1795_5432,1794971.2195,5432175.8316,0
1796_5432,1795971.2195,5432175.8316,0
1797_5432,1796971.2195,5432175.8316,0
1798_5432,1797971.2195,5432175.8316,0
1799_5432,1798971.2195,5432175.8316,0
1800_5432,1799971.2195,5432175.8316,0
1801_5432,1800971.2195,5432175.8316,0
1802_5432,1801971.2195,5432175.8316,0
1803_5432,1802971.2195,5432175.8316,0
1804_5432,1803971.2195,5432175.8316,0
1805_5432,1804971.2195,5432175.8316,0
1806_5432,1805971.2195,5432175.8316,0
1807_5432,1806971.2195,5432175.8316,0
1808_5432,1807971.2195,5432175.8316,0
1809_5432,1808971.2195,5432175.8316,0
1810_5432,1809971.2195,5432175.8316,0
1811_5432,1810971.2195,5432175.8316,0
1812_5432,1811971.2195,5432175.8316,0
1813_5432,1812971.2195,5432175.8316,0
1814_5432,1813971.2195,5432175.8316,0
1815_5432,1814971.2195,5432175.8316,0
1816_5432,1815971.2195,5432175.8316,0
1817_5432,1816971.2195,5432175.8316,0
1818_5432,1817971.2195,5432175.8316,0
1819_5432,1818971.2195,5432175.8316,0
1820_5432,1819971.2195,5432175.8316,0
1821_5432,1820971.2195,5432175.8316,0
1822_5432,1821971.2195,5432175.8316,0
1823_5432,1822971.2195,5432175.8316,0
1824_5432,1823971.2195,5432175.8316,0
1825_5432,1824971.2195,5432175.8316,0
1826_5432,1825971.2195,5432175.8316,0
1827_5432,1826971.2195,5432175.8316,0
1828_5432,1827971.2195,5432175.8316,0
1829_5432,1828971.2195,5432175.8316,0
1830_5432,1829971.2195,5432175.8316,0
1831_5432,1830971.2195,5432175.8316,0
1832_5432,1831971.2195,5432175.8316,0
1833_5432,1832971.2195,5432175.8316,0
1834_5432,1833971.2195,5432175.8316,0
1835_5432,1834971.2195,5432175.8316,0
1836_5432,1835971.2195,5432175.8316,0
1837_5432,1836971.2195,5432175.8316,0
1838_5432,1837971.2195,5432175.8316,0
1839_5432,1838971.2195,5432175.8316,0
1840_5432,1839971.2195,5432175.8316,0
1841_5432,1840971.2195,5432175.8316,0
1842_5432,1841971.2195,5432175.8316,0
1843_5432,1842971.2195,5432175.8316,0
1844_5432,1843971.2195,5432175.8316,0
1845_5432,1844971.2195,5432175.8316,0
1846_5432,1845971.2195,5432175.8316,0
1847_5432,1846971.2195,5432175.8316,0
1848_5432,1847971.2195,5432175.8316,0
1849_5432,1848971.2195,5432175.8316,0
1738_5433,1737971.2195,5433175.8316,0
1739_5433,1738971.2195,5433175.8316,0
1741_5433,1740971.2195,5433175.8316,0
1742_5433,1741971.2195,5433175.8316,0
1743_5433,1742971.2195,5433175.8316,0
1744_5433,1743971.2195,5433175.8316,0
1745_5433,1744971.2195,5433175.8316,0
1746_5433,1745971.2195,5433175.8316,0
1747_5433,1746971.2195,5433175.8316,0
1748_5433,1747971.2195,5433175.8316,0
1749_5433,1748971.2195,5433175.8316,0
1750_5433,1749971.2195,5433175.8316,0
1751_5433,1750971.2195,5433175.8316,0
1752_5433,1751971.2195,5433175.8316,0
1753_5433,1752971.2195,5433175.8316,0
1759_5433,1758971.2195,5433175.8316,0
1760_5433,1759971.2195,5433175.8316,0
1761_5433,1760971.2195,5433175.8316,0
1762_5433,1761971.2195,5433175.8316,0
1763_5433,1762971.2195,5433175.8316,0
1764_5433,1763971.2195,5433175.8316,0
1765_5433,1764971.2195,5433175.8316,0
1766_5433,1765971.2195,5433175.8316,0
1767_5433,1766971.2195,5433175.8316,0
1768_5433,1767971.2195,5433175.8316,0
1769_5433,1768971.2195,5433175.8316,0
1770_5433,1769971.2195,5433175.8316,0
1771_5433,1770971.2195,5433175.8316,0
1772_5433,1771971.2195,5433175.8316,0
1773_5433,1772971.2195,5433175.8316,0
1774_5433,1773971.2195,5433175.8316,0
1775_5433,1774971.2195,5433175.8316,0
1776_5433,1775971.2195,5433175.8316,0
1777_5433,1776971.2195,5433175.8316,0
1778_5433,1777971.2195,5433175.8316,0
1779_5433,1778971.2195,5433175.8316,0
1780_5433,1779971.2195,5433175.8316,0
1781_5433,1780971.2195,5433175.8316,0
1782_5433,1781971.2195,5433175.8316,0
1783_5433,1782971.2195,5433175.8316,0
1784_5433,1783971.2195,5433175.8316,0
1785_5433,1784971.2195,5433175.8316,0
1786_5433,1785971.2195,5433175.8316,0
1787_5433,1786971.2195,5433175.8316,0
1788_5433,1787971.2195,5433175.8316,0
1789_5433,1788971.2195,5433175.8316,0
1790_5433,1789971.2195,5433175.8316,0
1791_5433,1790971.2195,5433175.8316,0
1792_5433,1791971.2195,5433175.8316,0
1793_5433,1792971.2195,5433175.8316,0
1794_5433,1793971.2195,5433175.8316,0
1795_5433,1794971.2195,5433175.8316,0
1796_5433,1795971.2195,5433175.8316,0
1797_5433,1796971.2195,5433175.8316,0
1798_5433,1797971.2195,5433175.8316,0
1799_5433,1798971.2195,5433175.8316,0
1800_5433,1799971.2195,5433175.8316,0
1801_5433,1800971.2195,5433175.8316,0
1802_5433,1801971.2195,5433175.8316,0
1803_5433,1802971.2195,5433175.8316,0
1804_5433,1803971.2195,5433175.8316,0
1805_5433,1804971.2195,5433175.8316,0
1806_5433,1805971.2195,5433175.8316,0
1807_5433,1806971.2195,5433175.8316,0
1808_5433,1807971.2195,5433175.8316,0
1809_5433,1808971.2195,5433175.8316,0
1810_5433,1809971.2195,5433175.8316,0
1811_5433,1810971.2195,5433175.8316,0
1812_5433,1811971.2195,5433175.8316,0
1813_5433,1812971.2195,5433175.8316,0
1814_5433,1813971.2195,5433175.8316,0
1815_5433,1814971.2195,5433175.8316,0
1816_5433,1815971.2195,5433175.8316,0
1817_5433,1816971.2195,5433175.8316,0
1818_5433,1817971.2195,5433175.8316,0
1819_5433,1818971.2195,5433175.8316,0
1820_5433,1819971.2195,5433175.8316,0
1821_5433,1820971.2195,5433175.8316,0
1822_5433,1821971.2195,5433175.8316,0
1823_5433,1822971.2195,5433175.8316,0
1824_5433,1823971.2195,5433175.8316,0
1825_5433,1824971.2195,5433175.8316,0
1826_5433,1825971.2195,5433175.8316,0
1827_5433,1826971.2195,5433175.8316,0
1828_5433,1827971.2195,5433175.8316,0
1829_5433,1828971.2195,5433175.8316,0
1830_5433,1829971.2195,5433175.8316,0
1831_5433,1830971.2195,5433175.8316,0
1832_5433,1831971.2195,5433175.8316,0
1833_5433,1832971.2195,5433175.8316,0
1834_5433,1833971.2195,5433175.8316,0
1835_5433,1834971.2195,5433175.8316,0
1836_5433,1835971.2195,5433175.8316,0
1837_5433,1836971.2195,5433175.8316,0
1838_5433,1837971.2195,5433175.8316,0
1839_5433,1838971.2195,5433175.8316,0
1840_5433,1839971.2195,5433175.8316,0
1841_5433,1840971.2195,5433175.8316,0
1842_5433,1841971.2195,5433175.8316,0
1843_5433,1842971.2195,5433175.8316,0
1844_5433,1843971.2195,5433175.8316,0
1845_5433,1844971.2195,5433175.8316,0
1846_5433,1845971.2195,5433175.8316,0
1847_5433,1846971.2195,5433175.8316,0
1848_5433,1847971.2195,5433175.8316,0
1849_5433,1848971.2195,5433175.8316,0
1850_5433,1849971.2195,5433175.8316,0
1742_5434,1741971.2195,5434175.8316,0
1743_5434,1742971.2195,5434175.8316,0
1744_5434,1743971.2195,5434175.8316,0
1745_5434,1744971.2195,5434175.8316,0
1746_5434,1745971.2195,5434175.8316,0
1747_5434,1746971.2195,5434175.8316,0
1748_5434,1747971.2195,5434175.8316,0
1749_5434,1748971.2195,5434175.8316,0
1750_5434,1749971.2195,5434175.8316,0
1751_5434,1750971.2195,5434175.8316,0
1752_5434,1751971.2195,5434175.8316,0
1753_5434,1752971.2195,5434175.8316,0
1754_5434,1753971.2195,5434175.8316,0
1758_5434,1757971.2195,5434175.8316,0
1759_5434,1758971.2195,5434175.8316,0
1760_5434,1759971.2195,5434175.8316,0
1761_5434,1760971.2195,5434175.8316,0
1762_5434,1761971.2195,5434175.8316,0
1763_5434,1762971.2195,5434175.8316,0
1764_5434,1763971.2195,5434175.8316,0
1765_5434,1764971.2195,5434175.8316,0
1766_5434,1765971.2195,5434175.8316,0
1767_5434,1766971.2195,5434175.8316,0
1768_5434,1767971.2195,5434175.8316,0
1769_5434,1768971.2195,5434175.8316,0
1770_5434,1769971.2195,5434175.8316,0
1771_5434,1770971.2195,5434175.8316,0
1772_5434,1771971.2195,5434175.8316,0
1773_5434,1772971.2195,5434175.8316,0
1774_5434,1773971.2195,5434175.8316,0
1775_5434,1774971.2195,5434175.8316,0
1776_5434,1775971.2195,5434175.8316,0
1777_5434,1776971.2195,5434175.8316,0
1778_5434,1777971.2195,5434175.8316,0
1779_5434,1778971.2195,5434175.8316,0
1780_5434,1779971.2195,5434175.8316,0
1781_5434,1780971.2195,5434175.8316,0
1782_5434,1781971.2195,5434175.8316,0
1783_5434,1782971.2195,5434175.8316,0
1784_5434,1783971.2195,5434175.8316,0
1785_5434,1784971.2195,5434175.8316,0
1786_5434,1785971.2195,5434175.8316,0
1787_5434,1786971.2195,5434175.8316,0
1788_5434,1787971.2195,5434175.8316,0
1789_5434,1788971.2195,5434175.8316,0
1790_5434,1789971.2195,5434175.8316,0
1791_5434,1790971.2195,5434175.8316,0
1792_5434,1791971.2195,5434175.8316,0
1793_5434,1792971.2195,5434175.8316,0
1794_5434,1793971.2195,5434175.8316,0
1795_5434,1794971.2195,5434175.8316,0
1796_5434,1795971.2195,5434175.8316,0
1797_5434,1796971.2195,5434175.8316,0
1798_5434,1797971.2195,5434175.8316,0
1799_5434,1798971.2195,5434175.8316,0
1800_5434,1799971.2195,5434175.8316,0
1801_5434,1800971.2195,5434175.8316,0
1802_5434,1801971.2195,5434175.8316,0
1803_5434,1802971.2195,5434175.8316,0
1804_5434,1803971.2195,5434175.8316,0
1805_5434,1804971.2195,5434175.8316,0
1806_5434,1805971.2195,5434175.8316,0
1807_5434,1806971.2195,5434175.8316,0
1808_5434,1807971.2195,5434175.8316,0
1809_5434,1808971.2195,5434175.8316,0
1810_5434,1809971.2195,5434175.8316,0
1811_5434,1810971.2195,5434175.8316,0
1812_5434,1811971.2195,5434175.8316,0
1813_5434,1812971.2195,5434175.8316,0
1814_5434,1813971.2195,5434175.8316,0
1815_5434,1814971.2195,5434175.8316,0
1816_5434,1815971.2195,5434175.8316,0
1817_5434,1816971.2195,5434175.8316,0
1818_5434,1817971.2195,5434175.8316,0
1819_5434,1818971.2195,5434175.8316,0
1820_5434,1819971.2195,5434175.8316,0
1821_5434,1820971.2195,5434175.8316,0
1822_5434,1821971.2195,5434175.8316,0
1823_5434,1822971.2195,5434175.8316,0
1824_5434,1823971.2195,5434175.8316,0
1825_5434,1824971.2195,5434175.8316,0
1826_5434,1825971.2195,5434175.8316,0
1827_5434,1826971.2195,5434175.8316,0
1828_5434,1827971.2195,5434175.8316,0
1829_5434,1828971.2195,5434175.8316,0
1830_5434,1829971.2195,5434175.8316,0
1831_5434,1830971.2195,5434175.8316,0
1832_5434,1831971.2195,5434175.8316,0
1833_5434,1832971.2195,5434175.8316,0
1834_5434,1833971.2195,5434175.8316,0
1835_5434,1834971.2195,5434175.8316,0
1836_5434,1835971.2195,5434175.8316,0
1837_5434,1836971.2195,5434175.8316,0
1838_5434,1837971.2195,5434175.8316,0
1839_5434,1838971.2195,5434175.8316,0
1840_5434,1839971.2195,5434175.8316,0
1841_5434,1840971.2195,5434175.8316,0
1842_5434,1841971.2195,5434175.8316,0
1843_5434,1842971.2195,5434175.8316,0
1844_5434,1843971.2195,5434175.8316,0
1845_5434,1844971.2195,5434175.8316,0
1846_5434,1845971.2195,5434175.8316,0
1847_5434,1846971.2195,5434175.8316,0
1848_5434,1847971.2195,5434175.8316,0
1849_5434,1848971.2195,5434175.8316,0
1850_5434,1849971.2195,5434175.8316,0
1742_5435,1741971.2195,5435175.8316,0
1743_5435,1742971.2195,5435175.8316,0
1744_5435,1743971.2195,5435175.8316,0
1745_5435,1744971.2195,5435175.8316,0
1746_5435,1745971.2195,5435175.8316,0
1747_5435,1746971.2195,5435175.8316,0
1748_5435,1747971.2195,5435175.8316,0
1749_5435,1748971.2195,5435175.8316,0
1750_5435,1749971.2195,5435175.8316,0
1751_5435,1750971.2195,5435175.8316,0
1752_5435,1751971.2195,5435175.8316,0
1753_5435,1752971.2195,5435175.8316,0
1754_5435,1753971.2195,5435175.8316,0
1755_5435,1754971.2195,5435175.8316,0
1756_5435,1755971.2195,5435175.8316,0
1757_5435,1756971.2195,5435175.8316,0
1758_5435,1757971.2195,5435175.8316,0
1759_5435,1758971.2195,5435175.8316,0
1760_5435,1759971.2195,5435175.8316,0
1761_5435,1760971.2195,5435175.8316,0
1762_5435,1761971.2195,5435175.8316,0
1763_5435,1762971.2195,5435175.8316,0
1764_5435,1763971.2195,5435175.8316,0
1765_5435,1764971.2195,5435175.8316,0
1766_5435,1765971.2195,5435175.8316,0
1767_5435,1766971.2195,5435175.8316,0
1768_5435,1767971.2195,5435175.8316,0
1769_5435,1768971.2195,5435175.8316,0
1770_5435,1769971.2195,5435175.8316,0
1771_5435,1770971.2195,5435175.8316,0
1772_5435,1771971.2195,5435175.8316,0
1773_5435,1772971.2195,5435175.8316,0
1774_5435,1773971.2195,5435175.8316,0
1775_5435,1774971.2195,5435175.8316,0
1776_5435,1775971.2195,5435175.8316,0
1777_5435,1776971.2195,5435175.8316,0
1778_5435,1777971.2195,5435175.8316,0
1779_5435,1778971.2195,5435175.8316,0
1780_5435,1779971.2195,5435175.8316,0
1781_5435,1780971.2195,5435175.8316,0
1782_5435,1781971.2195,5435175.8316,0
1783_5435,1782971.2195,5435175.8316,0
1784_5435,1783971.2195,5435175.8316,0
1785_5435,1784971.2195,5435175.8316,0
1786_5435,1785971.2195,5435175.8316,0
1787_5435,1786971.2195,5435175.8316,0
1788_5435,1787971.2195,5435175.8316,0
1789_5435,1788971.2195,5435175.8316,0
1790_5435,1789971.2195,5435175.8316,0
1791_5435,1790971.2195,5435175.8316,0
1792_5435,1791971.2195,5435175.8316,0
1793_5435,1792971.2195,5435175.8316,0
1794_5435,1793971.2195,5435175.8316,0
1795_5435,1794971.2195,5435175.8316,0
1796_5435,1795971.2195,5435175.8316,0
1797_5435,1796971.2195,5435175.8316,0
1798_5435,1797971.2195,5435175.8316,0
1799_5435,1798971.2195,5435175.8316,0
1800_5435,1799971.2195,5435175.8316,0
1801_5435,1800971.2195,5435175.8316,0
1802_5435,1801971.2195,5435175.8316,0
1803_5435,1802971.2195,5435175.8316,0
1804_5435,1803971.2195,5435175.8316,0
1805_5435,1804971.2195,5435175.8316,0
1806_5435,1805971.2195,5435175.8316,0
1807_5435,1806971.2195,5435175.8316,0
1808_5435,1807971.2195,5435175.8316,0
1809_5435,1808971.2195,5435175.8316,0
1810_5435,1809971.2195,5435175.8316,0
1811_5435,1810971.2195,5435175.8316,0
1812_5435,1811971.2195,5435175.8316,0
1813_5435,1812971.2195,5435175.8316,0
1814_5435,1813971.2195,5435175.8316,0
1815_5435,1814971.2195,5435175.8316,0
1816_5435,1815971.2195,5435175.8316,0
1817_5435,1816971.2195,5435175.8316,0
1818_5435,1817971.2195,5435175.8316,0
1819_5435,1818971.2195,5435175.8316,0
1820_5435,1819971.2195,5435175.8316,0
1821_5435,1820971.2195,5435175.8316,0
1822_5435,1821971.2195,5435175.8316,0
1823_5435,1822971.2195,5435175.8316,0
1824_5435,1823971.2195,5435175.8316,0
1825_5435,1824971.2195,5435175.8316,0
1826_5435,1825971.2195,5435175.8316,0
1827_5435,1826971.2195,5435175.8316,0
1828_5435,1827971.2195,5435175.8316,0
1829_5435,1828971.2195,5435175.8316,0
1830_5435,1829971.2195,5435175.8316,0
1831_5435,1830971.2195,5435175.8316,0
1832_5435,1831971.2195,5435175.8316,0
1833_5435,1832971.2195,5435175.8316,0
1834_5435,1833971.2195,5435175.8316,0
1835_5435,1834971.2195,5435175.8316,0
1836_5435,1835971.2195,5435175.8316,0
1837_5435,1836971.2195,5435175.8316,0
1838_5435,1837971.2195,5435175.8316,0
1839_5435,1838971.2195,5435175.8316,0
1840_5435,1839971.2195,5435175.8316,0
1841_5435,1840971.2195,5435175.8316,0
1842_5435,1841971.2195,5435175.8316,0
1843_5435,1842971.2195,5435175.8316,0
1844_5435,1843971.2195,5435175.8316,0
1845_5435,1844971.2195,5435175.8316,0
1846_5435,1845971.2195,5435175.8316,0
1847_5435,1846971.2195,5435175.8316,0
1848_5435,1847971.2195,5435175.8316,0
1849_5435,1848971.2195,5435175.8316,0
1850_5435,1849971.2195,5435175.8316,0
1744_5436,1743971.2195,5436175.8316,0
1745_5436,1744971.2195,5436175.8316,0
1746_5436,1745971.2195,5436175.8316,0
1747_5436,1746971.2195,5436175.8316,0
1748_5436,1747971.2195,5436175.8316,0
1749_5436,1748971.2195,5436175.8316,0
1750_5436,1749971.2195,5436175.8316,0
1751_5436,1750971.2195,5436175.8316,0
1752_5436,1751971.2195,5436175.8316,0
1753_5436,1752971.2195,5436175.8316,0
1754_5436,1753971.2195,5436175.8316,0
1755_5436,1754971.2195,5436175.8316,0
1756_5436,1755971.2195,5436175.8316,0
1757_5436,1756971.2195,5436175.8316,0
1758_5436,1757971.2195,5436175.8316,0
1759_5436,1758971.2195,5436175.8316,0
1760_5436,1759971.2195,5436175.8316,0
1761_5436,1760971.2195,5436175.8316,0
1762_5436,1761971.2195,5436175.8316,0
1763_5436,1762971.2195,5436175.8316,0
1764_5436,1763971.2195,5436175.8316,0
1765_5436,1764971.2195,5436175.8316,0
1766_5436,1765971.2195,5436175.8316,0
1767_5436,1766971.2195,5436175.8316,0
1768_5436,1767971.2195,5436175.8316,0
1769_5436,1768971.2195,5436175.8316,0
1770_5436,1769971.2195,5436175.8316,0
1771_5436,1770971.2195,5436175.8316,0
1772_5436,1771971.2195,5436175.8316,0
1773_5436,1772971.2195,5436175.8316,0
1774_5436,1773971.2195,5436175.8316,0
1775_5436,1774971.2195,5436175.8316,0
1776_5436,1775971.2195,5436175.8316,0
1777_5436,1776971.2195,5436175.8316,0
1778_5436,1777971.2195,5436175.8316,0
1779_5436,1778971.2195,5436175.8316,0
1780_5436,1779971.2195,5436175.8316,0
1781_5436,1780971.2195,5436175.8316,0
1782_5436,1781971.2195,5436175.8316,0
1783_5436,1782971.2195,5436175.8316,0
1784_5436,1783971.2195,5436175.8316,0
1785_5436,1784971.2195,5436175.8316,0
1786_5436,1785971.2195,5436175.8316,0
1787_5436,1786971.2195,5436175.8316,0
1788_5436,1787971.2195,5436175.8316,0
1789_5436,1788971.2195,5436175.8316,0
1790_5436,1789971.2195,5436175.8316,0
1791_5436,1790971.2195,5436175.8316,0
1792_5436,1791971.2195,5436175.8316,0
1793_5436,1792971.2195,5436175.8316,0
1794_5436,1793971.2195,5436175.8316,0
1795_5436,1794971.2195,5436175.8316,0
1796_5436,1795971.2195,5436175.8316,0
1797_5436,1796971.2195,5436175.8316,0
1798_5436,1797971.2195,5436175.8316,0
1799_5436,1798971.2195,5436175.8316,0
1800_5436,1799971.2195,5436175.8316,0
1801_5436,1800971.2195,5436175.8316,0
1802_5436,1801971.2195,5436175.8316,0
1803_5436,1802971.2195,5436175.8316,0
1804_5436,1803971.2195,5436175.8316,0
1805_5436,1804971.2195,5436175.8316,0
1806_5436,1805971.2195,5436175.8316,0
1807_5436,1806971.2195,5436175.8316,0
1808_5436,1807971.2195,5436175.8316,0
1809_5436,1808971.2195,5436175.8316,0
1810_5436,1809971.2195,5436175.8316,0
1811_5436,1810971.2195,5436175.8316,0
1812_5436,1811971.2195,5436175.8316,0
1813_5436,1812971.2195,5436175.8316,0
1814_5436,1813971.2195,5436175.8316,0
1815_5436,1814971.2195,5436175.8316,0
1816_5436,1815971.2195,5436175.8316,0
1817_5436,1816971.2195,5436175.8316,0
1818_5436,1817971.2195,5436175.8316,0
1819_5436,1818971.2195,5436175.8316,0
1820_5436,1819971.2195,5436175.8316,0
1821_5436,1820971.2195,5436175.8316,0
1822_5436,1821971.2195,5436175.8316,0
1823_5436,1822971.2195,5436175.8316,0
1824_5436,1823971.2195,5436175.8316,0
1825_5436,1824971.2195,5436175.8316,0
1826_5436,1825971.2195,5436175.8316,0
1827_5436,1826971.2195,5436175.8316,0
1828_5436,1827971.2195,5436175.8316,0
1829_5436,1828971.2195,5436175.8316,0
1830_5436,1829971.2195,5436175.8316,0
1831_5436,1830971.2195,5436175.8316,0
1832_5436,1831971.2195,5436175.8316,0
1833_5436,1832971.2195,5436175.8316,0
1834_5436,1833971.2195,5436175.8316,0
1835_5436,1834971.2195,5436175.8316,0
1836_5436,1835971.2195,5436175.8316,0
1837_5436,1836971.2195,5436175.8316,0
1838_5436,1837971.2195,5436175.8316,0
1839_5436,1838971.2195,5436175.8316,0
1840_5436,1839971.2195,5436175.8316,0
1841_5436,1840971.2195,5436175.8316,0
1842_5436,1841971.2195,5436175.8316,0
1843_5436,1842971.2195,5436175.8316,0
1844_5436,1843971.2195,5436175.8316,0
1845_5436,1844971.2195,5436175.8316,0
1846_5436,1845971.2195,5436175.8316,0
1847_5436,1846971.2195,5436175.8316,0
1848_5436,1847971.2195,5436175.8316,0
1849_5436,1848971.2195,5436175.8316,0
1850_5436,1849971.2195,5436175.8316,0
1851_5436,1850971.2195,5436175.8316,0
1745_5437,1744971.2195,5437175.8316,0
1746_5437,1745971.2195,5437175.8316,0
1747_5437,1746971.2195,5437175.8316,0
1748_5437,1747971.2195,5437175.8316,0
1749_5437,1748971.2195,5437175.8316,0
1750_5437,1749971.2195,5437175.8316,0
1751_5437,1750971.2195,5437175.8316,0
1752_5437,1751971.2195,5437175.8316,0
1753_5437,1752971.2195,5437175.8316,0
1754_5437,1753971.2195,5437175.8316,0
1755_5437,1754971.2195,5437175.8316,0
1756_5437,1755971.2195,5437175.8316,0
1757_5437,1756971.2195,5437175.8316,0
1758_5437,1757971.2195,5437175.8316,0
1759_5437,1758971.2195,5437175.8316,0
1760_5437,1759971.2195,5437175.8316,0
1761_5437,1760971.2195,5437175.8316,0
1762_5437,1761971.2195,5437175.8316,0
1763_5437,1762971.2195,5437175.8316,0
1764_5437,1763971.2195,5437175.8316,0
1765_5437,1764971.2195,5437175.8316,0
1766_5437,1765971.2195,5437175.8316,0
1767_5437,1766971.2195,5437175.8316,0
1768_5437,1767971.2195,5437175.8316,0
1769_5437,1768971.2195,5437175.8316,0
1770_5437,1769971.2195,5437175.8316,0
1771_5437,1770971.2195,5437175.8316,0
1772_5437,1771971.2195,5437175.8316,0
1773_5437,1772971.2195,5437175.8316,0
1774_5437,1773971.2195,5437175.8316,0
1775_5437,1774971.2195,5437175.8316,0
1776_5437,1775971.2195,5437175.8316,0
1777_5437,1776971.2195,5437175.8316,0
1778_5437,1777971.2195,5437175.8316,0
1779_5437,1778971.2195,5437175.8316,0
1780_5437,1779971.2195,5437175.8316,0
1781_5437,1780971.2195,5437175.8316,0
1782_5437,1781971.2195,5437175.8316,0
1783_5437,1782971.2195,5437175.8316,0
1784_5437,1783971.2195,5437175.8316,0
1785_5437,1784971.2195,5437175.8316,0
1786_5437,1785971.2195,5437175.8316,0
1787_5437,1786971.2195,5437175.8316,0
1788_5437,1787971.2195,5437175.8316,0
1789_5437,1788971.2195,5437175.8316,0
1790_5437,1789971.2195,5437175.8316,0
1791_5437,1790971.2195,5437175.8316,0
1792_5437,1791971.2195,5437175.8316,0
1793_5437,1792971.2195,5437175.8316,0
1794_5437,1793971.2195,5437175.8316,0
1795_5437,1794971.2195,5437175.8316,0
1796_5437,1795971.2195,5437175.8316,0
1797_5437,1796971.2195,5437175.8316,0
1798_5437,1797971.2195,5437175.8316,0
1799_5437,1798971.2195,5437175.8316,0
1800_5437,1799971.2195,5437175.8316,0
1801_5437,1800971.2195,5437175.8316,0
1802_5437,1801971.2195,5437175.8316,0
1803_5437,1802971.2195,5437175.8316,0
1804_5437,1803971.2195,5437175.8316,0
1805_5437,1804971.2195,5437175.8316,0
1806_5437,1805971.2195,5437175.8316,0
1807_5437,1806971.2195,5437175.8316,0
1808_5437,1807971.2195,5437175.8316,0
1809_5437,1808971.2195,5437175.8316,0
1810_5437,1809971.2195,5437175.8316,0
1811_5437,1810971.2195,5437175.8316,0
1812_5437,1811971.2195,5437175.8316,0
1813_5437,1812971.2195,5437175.8316,0
1814_5437,1813971.2195,5437175.8316,0
1815_5437,1814971.2195,5437175.8316,0
1816_5437,1815971.2195,5437175.8316,0
1817_5437,1816971.2195,5437175.8316,0
1818_5437,1817971.2195,5437175.8316,0
1819_5437,1818971.2195,5437175.8316,0
1820_5437,1819971.2195,5437175.8316,0
1821_5437,1820971.2195,5437175.8316,0
1822_5437,1821971.2195,5437175.8316,0
1823_5437,1822971.2195,5437175.8316,0
1824_5437,1823971.2195,5437175.8316,0
1825_5437,1824971.2195,5437175.8316,0
1826_5437,1825971.2195,5437175.8316,0
1827_5437,1826971.2195,5437175.8316,0
1828_5437,1827971.2195,5437175.8316,0
1829_5437,1828971.2195,5437175.8316,0
1830_5437,1829971.2195,5437175.8316,0
1831_5437,1830971.2195,5437175.8316,0
1832_5437,1831971.2195,5437175.8316,0
1833_5437,1832971.2195,5437175.8316,0
1834_5437,1833971.2195,5437175.8316,0
1835_5437,1834971.2195,5437175.8316,0
1836_5437,1835971.2195,5437175.8316,0
1837_5437,1836971.2195,5437175.8316,0
1838_5437,1837971.2195,5437175.8316,0
1839_5437,1838971.2195,5437175.8316,0
1840_5437,1839971.2195,5437175.8316,0
1841_5437,1840971.2195,5437175.8316,0
1842_5437,1841971.2195,5437175.8316,0
1843_5437,1842971.2195,5437175.8316,0
1844_5437,1843971.2195,5437175.8316,0
1845_5437,1844971.2195,5437175.8316,0
1846_5437,1845971.2195,5437175.8316,0
1847_5437,1846971.2195,5437175.8316,0
1848_5437,1847971.2195,5437175.8316,0
1849_5437,1848971.2195,5437175.8316,0
1850_5437,1849971.2195,5437175.8316,0
1851_5437,1850971.2195,5437175.8316,0
1745_5438,1744971.2195,5438175.8316,0
1746_5438,1745971.2195,5438175.8316,0
1747_5438,1746971.2195,5438175.8316,0
1748_5438,1747971.2195,5438175.8316,0
1749_5438,1748971.2195,5438175.8316,0
1750_5438,1749971.2195,5438175.8316,0
1751_5438,1750971.2195,5438175.8316,0
1752_5438,1751971.2195,5438175.8316,0
1753_5438,1752971.2195,5438175.8316,0
1754_5438,1753971.2195,5438175.8316,0
1755_5438,1754971.2195,5438175.8316,0
1756_5438,1755971.2195,5438175.8316,0
1757_5438,1756971.2195,5438175.8316,0
1758_5438,1757971.2195,5438175.8316,0
1759_5438,1758971.2195,5438175.8316,0
1760_5438,1759971.2195,5438175.8316,0
1761_5438,1760971.2195,5438175.8316,0
1762_5438,1761971.2195,5438175.8316,0
1763_5438,1762971.2195,5438175.8316,0
1764_5438,1763971.2195,5438175.8316,0
1765_5438,1764971.2195,5438175.8316,0
1766_5438,1765971.2195,5438175.8316,0
1767_5438,1766971.2195,5438175.8316,0
1768_5438,1767971.2195,5438175.8316,0
1769_5438,1768971.2195,5438175.8316,0
1770_5438,1769971.2195,5438175.8316,0
1771_5438,1770971.2195,5438175.8316,0
1772_5438,1771971.2195,5438175.8316,0
1773_5438,1772971.2195,5438175.8316,0
1774_5438,1773971.2195,5438175.8316,0
1775_5438,1774971.2195,5438175.8316,0
1776_5438,1775971.2195,5438175.8316,0
1777_5438,1776971.2195,5438175.8316,0
1778_5438,1777971.2195,5438175.8316,0
1779_5438,1778971.2195,5438175.8316,0
1780_5438,1779971.2195,5438175.8316,0
1781_5438,1780971.2195,5438175.8316,0
1782_5438,1781971.2195,5438175.8316,0
1783_5438,1782971.2195,5438175.8316,0
1784_5438,1783971.2195,5438175.8316,0
1785_5438,1784971.2195,5438175.8316,0
1786_5438,1785971.2195,5438175.8316,0
1787_5438,1786971.2195,5438175.8316,0
1788_5438,1787971.2195,5438175.8316,0
1789_5438,1788971.2195,5438175.8316,0
1790_5438,1789971.2195,5438175.8316,0
1791_5438,1790971.2195,5438175.8316,0
1792_5438,1791971.2195,5438175.8316,0
1793_5438,1792971.2195,5438175.8316,0
1794_5438,1793971.2195,5438175.8316,0
1795_5438,1794971.2195,5438175.8316,0
1796_5438,1795971.2195,5438175.8316,0
1797_5438,1796971.2195,5438175.8316,0
1798_5438,1797971.2195,5438175.8316,0
1799_5438,1798971.2195,5438175.8316,0
1800_5438,1799971.2195,5438175.8316,0
1801_5438,1800971.2195,5438175.8316,0
1802_5438,1801971.2195,5438175.8316,0
1803_5438,1802971.2195,5438175.8316,0
1804_5438,1803971.2195,5438175.8316,0
1805_5438,1804971.2195,5438175.8316,0
1806_5438,1805971.2195,5438175.8316,0
1807_5438,1806971.2195,5438175.8316,0
1808_5438,1807971.2195,5438175.8316,0
1809_5438,1808971.2195,5438175.8316,0
1810_5438,1809971.2195,5438175.8316,0
1811_5438,1810971.2195,5438175.8316,0
1812_5438,1811971.2195,5438175.8316,0
1813_5438,1812971.2195,5438175.8316,0
1814_5438,1813971.2195,5438175.8316,0
1815_5438,1814971.2195,5438175.8316,0
1816_5438,1815971.2195,5438175.8316,0
1817_5438,1816971.2195,5438175.8316,0
1818_5438,1817971.2195,5438175.8316,0
1819_5438,1818971.2195,5438175.8316,0
1820_5438,1819971.2195,5438175.8316,0
1821_5438,1820971.2195,5438175.8316,0
1822_5438,1821971.2195,5438175.8316,0
1823_5438,1822971.2195,5438175.8316,0
1824_5438,1823971.2195,5438175.8316,0
1825_5438,1824971.2195,5438175.8316,0
1826_5438,1825971.2195,5438175.8316,0
1827_5438,1826971.2195,5438175.8316,0
1828_5438,1827971.2195,5438175.8316,0
1829_5438,1828971.2195,5438175.8316,0
1830_5438,1829971.2195,5438175.8316,0
1831_5438,1830971.2195,5438175.8316,0
1832_5438,1831971.2195,5438175.8316,0
1833_5438,1832971.2195,5438175.8316,0
1834_5438,1833971.2195,5438175.8316,0
1835_5438,1834971.2195,5438175.8316,0
1836_5438,1835971.2195,5438175.8316,0
1837_5438,1836971.2195,5438175.8316,0
1838_5438,1837971.2195,5438175.8316,0
1839_5438,1838971.2195,5438175.8316,0
1840_5438,1839971.2195,5438175.8316,0
1841_5438,1840971.2195,5438175.8316,0
1842_5438,1841971.2195,5438175.8316,0
1843_5438,1842971.2195,5438175.8316,0
1844_5438,1843971.2195,5438175.8316,0
1845_5438,1844971.2195,5438175.8316,0
1846_5438,1845971.2195,5438175.8316,0
1847_5438,1846971.2195,5438175.8316,0
1848_5438,1847971.2195,5438175.8316,0
1849_5438,1848971.2195,5438175.8316,0
1850_5438,1849971.2195,5438175.8316,0
1851_5438,1850971.2195,5438175.8316,0
1852_5438,1851971.2195,5438175.8316,0
1746_5439,1745971.2195,5439175.8316,0
1747_5439,1746971.2195,5439175.8316,0
1748_5439,1747971.2195,5439175.8316,0
1749_5439,1748971.2195,5439175.8316,0
1750_5439,1749971.2195,5439175.8316,0
1751_5439,1750971.2195,5439175.8316,0
1752_5439,1751971.2195,5439175.8316,0
1753_5439,1752971.2195,5439175.8316,0
1754_5439,1753971.2195,5439175.8316,0
1755_5439,1754971.2195,5439175.8316,0
1756_5439,1755971.2195,5439175.8316,0
1757_5439,1756971.2195,5439175.8316,0
1758_5439,1757971.2195,5439175.8316,0
1759_5439,1758971.2195,5439175.8316,0
1760_5439,1759971.2195,5439175.8316,0
1761_5439,1760971.2195,5439175.8316,0
1762_5439,1761971.2195,5439175.8316,0
1763_5439,1762971.2195,5439175.8316,0
1764_5439,1763971.2195,5439175.8316,0
1765_5439,1764971.2195,5439175.8316,0
1766_5439,1765971.2195,5439175.8316,0
1767_5439,1766971.2195,5439175.8316,0
1768_5439,1767971.2195,5439175.8316,0
1769_5439,1768971.2195,5439175.8316,0
1770_5439,1769971.2195,5439175.8316,0
1771_5439,1770971.2195,5439175.8316,0
1772_5439,1771971.2195,5439175.8316,0
1773_5439,1772971.2195,5439175.8316,0
1774_5439,1773971.2195,5439175.8316,0
1775_5439,1774971.2195,5439175.8316,0
1776_5439,1775971.2195,5439175.8316,0
1777_5439,1776971.2195,5439175.8316,0
1778_5439,1777971.2195,5439175.8316,0
1779_5439,1778971.2195,5439175.8316,0
1780_5439,1779971.2195,5439175.8316,0
1781_5439,1780971.2195,5439175.8316,0
1782_5439,1781971.2195,5439175.8316,0
1783_5439,1782971.2195,5439175.8316,0
1784_5439,1783971.2195,5439175.8316,0
1785_5439,1784971.2195,5439175.8316,0
1786_5439,1785971.2195,5439175.8316,0
1787_5439,1786971.2195,5439175.8316,0
1788_5439,1787971.2195,5439175.8316,0
1789_5439,1788971.2195,5439175.8316,0
1790_5439,1789971.2195,5439175.8316,0
1791_5439,1790971.2195,5439175.8316,0
1792_5439,1791971.2195,5439175.8316,0
1793_5439,1792971.2195,5439175.8316,0
1794_5439,1793971.2195,5439175.8316,0
1795_5439,1794971.2195,5439175.8316,0
1796_5439,1795971.2195,5439175.8316,0
1797_5439,1796971.2195,5439175.8316,0
1798_5439,1797971.2195,5439175.8316,0
1799_5439,1798971.2195,5439175.8316,0
1800_5439,1799971.2195,5439175.8316,0
1801_5439,1800971.2195,5439175.8316,0
1802_5439,1801971.2195,5439175.8316,0
1803_5439,1802971.2195,5439175.8316,0
1804_5439,1803971.2195,5439175.8316,0
1805_5439,1804971.2195,5439175.8316,0
1806_5439,1805971.2195,5439175.8316,0
1807_5439,1806971.2195,5439175.8316,0
1808_5439,1807971.2195,5439175.8316,0
1809_5439,1808971.2195,5439175.8316,0
1810_5439,1809971.2195,5439175.8316,0
1811_5439,1810971.2195,5439175.8316,0
1812_5439,1811971.2195,5439175.8316,0
1813_5439,1812971.2195,5439175.8316,0
1814_5439,1813971.2195,5439175.8316,0
1815_5439,1814971.2195,5439175.8316,0
1816_5439,1815971.2195,5439175.8316,0
1817_5439,1816971.2195,5439175.8316,0
1818_5439,1817971.2195,5439175.8316,0
1819_5439,1818971.2195,5439175.8316,0
1820_5439,1819971.2195,5439175.8316,0
1821_5439,1820971.2195,5439175.8316,0
1822_5439,1821971.2195,5439175.8316,0
1823_5439,1822971.2195,5439175.8316,0
1824_5439,1823971.2195,5439175.8316,0
1825_5439,1824971.2195,5439175.8316,0
1826_5439,1825971.2195,5439175.8316,0
1827_5439,1826971.2195,5439175.8316,0
1828_5439,1827971.2195,5439175.8316,0
1829_5439,1828971.2195,5439175.8316,0
1830_5439,1829971.2195,5439175.8316,0
1831_5439,1830971.2195,5439175.8316,0
1832_5439,1831971.2195,5439175.8316,0
1833_5439,1832971.2195,5439175.8316,0
1834_5439,1833971.2195,5439175.8316,0
1835_5439,1834971.2195,5439175.8316,0
1836_5439,1835971.2195,5439175.8316,0
1837_5439,1836971.2195,5439175.8316,0
1838_5439,1837971.2195,5439175.8316,0
1839_5439,1838971.2195,5439175.8316,0
1840_5439,1839971.2195,5439175.8316,0
1841_5439,1840971.2195,5439175.8316,0
1842_5439,1841971.2195,5439175.8316,0
1843_5439,1842971.2195,5439175.8316,0
1844_5439,1843971.2195,5439175.8316,0
1845_5439,1844971.2195,5439175.8316,0
1846_5439,1845971.2195,5439175.8316,0
1847_5439,1846971.2195,5439175.8316,0
1848_5439,1847971.2195,5439175.8316,0
1849_5439,1848971.2195,5439175.8316,0
1850_5439,1849971.2195,5439175.8316,0
1851_5439,1850971.2195,5439175.8316,0
1852_5439,1851971.2195,5439175.8316,0
1853_5439,1852971.2195,5439175.8316,0
1746_5440,1745971.2195,5440175.8316,0
1747_5440,1746971.2195,5440175.8316,0
1748_5440,1747971.2195,5440175.8316,0
1749_5440,1748971.2195,5440175.8316,0
1750_5440,1749971.2195,5440175.8316,0
1751_5440,1750971.2195,5440175.8316,0
1752_5440,1751971.2195,5440175.8316,0
1753_5440,1752971.2195,5440175.8316,0
1754_5440,1753971.2195,5440175.8316,0
1755_5440,1754971.2195,5440175.8316,0
1756_5440,1755971.2195,5440175.8316,0
1757_5440,1756971.2195,5440175.8316,0
1758_5440,1757971.2195,5440175.8316,0
1759_5440,1758971.2195,5440175.8316,0
1760_5440,1759971.2195,5440175.8316,0
1761_5440,1760971.2195,5440175.8316,0
1762_5440,1761971.2195,5440175.8316,0
1763_5440,1762971.2195,5440175.8316,0
1764_5440,1763971.2195,5440175.8316,0
1765_5440,1764971.2195,5440175.8316,0
1766_5440,1765971.2195,5440175.8316,0
1767_5440,1766971.2195,5440175.8316,0
1768_5440,1767971.2195,5440175.8316,0
1769_5440,1768971.2195,5440175.8316,0
1770_5440,1769971.2195,5440175.8316,0
1771_5440,1770971.2195,5440175.8316,0
1772_5440,1771971.2195,5440175.8316,0
1773_5440,1772971.2195,5440175.8316,0
1774_5440,1773971.2195,5440175.8316,0
1775_5440,1774971.2195,5440175.8316,0
1776_5440,1775971.2195,5440175.8316,0
1777_5440,1776971.2195,5440175.8316,0
1778_5440,1777971.2195,5440175.8316,0
1779_5440,1778971.2195,5440175.8316,0
1780_5440,1779971.2195,5440175.8316,0
1781_5440,1780971.2195,5440175.8316,0
1782_5440,1781971.2195,5440175.8316,0
1783_5440,1782971.2195,5440175.8316,0
1784_5440,1783971.2195,5440175.8316,0
1785_5440,1784971.2195,5440175.8316,0
1786_5440,1785971.2195,5440175.8316,0
1787_5440,1786971.2195,5440175.8316,0
1788_5440,1787971.2195,5440175.8316,0
1789_5440,1788971.2195,5440175.8316,0
1790_5440,1789971.2195,5440175.8316,0
1791_5440,1790971.2195,5440175.8316,0
1792_5440,1791971.2195,5440175.8316,0
1793_5440,1792971.2195,5440175.8316,0
1794_5440,1793971.2195,5440175.8316,0
1795_5440,1794971.2195,5440175.8316,0
1796_5440,1795971.2195,5440175.8316,0
1797_5440,1796971.2195,5440175.8316,0
1798_5440,1797971.2195,5440175.8316,0
1799_5440,1798971.2195,5440175.8316,0
1800_5440,1799971.2195,5440175.8316,0
1801_5440,1800971.2195,5440175.8316,0
1802_5440,1801971.2195,5440175.8316,0
1803_5440,1802971.2195,5440175.8316,0
1804_5440,1803971.2195,5440175.8316,0
1805_5440,1804971.2195,5440175.8316,0
1806_5440,1805971.2195,5440175.8316,0
1807_5440,1806971.2195,5440175.8316,0
1808_5440,1807971.2195,5440175.8316,0
1809_5440,1808971.2195,5440175.8316,0
1810_5440,1809971.2195,5440175.8316,0
1811_5440,1810971.2195,5440175.8316,0
1812_5440,1811971.2195,5440175.8316,0
1813_5440,1812971.2195,5440175.8316,0
1814_5440,1813971.2195,5440175.8316,0
1815_5440,1814971.2195,5440175.8316,0
1816_5440,1815971.2195,5440175.8316,0
1817_5440,1816971.2195,5440175.8316,0
1818_5440,1817971.2195,5440175.8316,0
1819_5440,1818971.2195,5440175.8316,0
1820_5440,1819971.2195,5440175.8316,0
1821_5440,1820971.2195,5440175.8316,0
1822_5440,1821971.2195,5440175.8316,0
1823_5440,1822971.2195,5440175.8316,0
1824_5440,1823971.2195,5440175.8316,0
1825_5440,1824971.2195,5440175.8316,0
1826_5440,1825971.2195,5440175.8316,0
1827_5440,1826971.2195,5440175.8316,0
1828_5440,1827971.2195,5440175.8316,0
1829_5440,1828971.2195,5440175.8316,0
1830_5440,1829971.2195,5440175.8316,0
1831_5440,1830971.2195,5440175.8316,0
1832_5440,1831971.2195,5440175.8316,0
1833_5440,1832971.2195,5440175.8316,0
1834_5440,1833971.2195,5440175.8316,0
1835_5440,1834971.2195,5440175.8316,0
1836_5440,1835971.2195,5440175.8316,0
1837_5440,1836971.2195,5440175.8316,0
1838_5440,1837971.2195,5440175.8316,0
1839_5440,1838971.2195,5440175.8316,0
1840_5440,1839971.2195,5440175.8316,0
1841_5440,1840971.2195,5440175.8316,0
1842_5440,1841971.2195,5440175.8316,0
1843_5440,1842971.2195,5440175.8316,0
1844_5440,1843971.2195,5440175.8316,0
1845_5440,1844971.2195,5440175.8316,0
1846_5440,1845971.2195,5440175.8316,0
1847_5440,1846971.2195,5440175.8316,0
1848_5440,1847971.2195,5440175.8316,0
1849_5440,1848971.2195,5440175.8316,0
1850_5440,1849971.2195,5440175.8316,0
1851_5440,1850971.2195,5440175.8316,0
1852_5440,1851971.2195,5440175.8316,0
1853_5440,1852971.2195,5440175.8316,0
1854_5440,1853971.2195,5440175.8316,0
1748_5441,1747971.2195,5441175.8316,0
1749_5441,1748971.2195,5441175.8316,0
1750_5441,1749971.2195,5441175.8316,0
1751_5441,1750971.2195,5441175.8316,0
1752_5441,1751971.2195,5441175.8316,0
1753_5441,1752971.2195,5441175.8316,0
1754_5441,1753971.2195,5441175.8316,0
1755_5441,1754971.2195,5441175.8316,0
1756_5441,1755971.2195,5441175.8316,0
1757_5441,1756971.2195,5441175.8316,0
1758_5441,1757971.2195,5441175.8316,0
1759_5441,1758971.2195,5441175.8316,0
1760_5441,1759971.2195,5441175.8316,0
1761_5441,1760971.2195,5441175.8316,0
1762_5441,1761971.2195,5441175.8316,0
1763_5441,1762971.2195,5441175.8316,0
1764_5441,1763971.2195,5441175.8316,0
1765_5441,1764971.2195,5441175.8316,0
1766_5441,1765971.2195,5441175.8316,0
1767_5441,1766971.2195,5441175.8316,0
1768_5441,1767971.2195,5441175.8316,0
1769_5441,1768971.2195,5441175.8316,0
1770_5441,1769971.2195,5441175.8316,0
1771_5441,1770971.2195,5441175.8316,0
1772_5441,1771971.2195,5441175.8316,0
1773_5441,1772971.2195,5441175.8316,0
1774_5441,1773971.2195,5441175.8316,0
1775_5441,1774971.2195,5441175.8316,0
1776_5441,1775971.2195,5441175.8316,0
1777_5441,1776971.2195,5441175.8316,0
1778_5441,1777971.2195,5441175.8316,0
1779_5441,1778971.2195,5441175.8316,0
1780_5441,1779971.2195,5441175.8316,0
1781_5441,1780971.2195,5441175.8316,0
1782_5441,1781971.2195,5441175.8316,0
1783_5441,1782971.2195,5441175.8316,0
1784_5441,1783971.2195,5441175.8316,0
1785_5441,1784971.2195,5441175.8316,0
1786_5441,1785971.2195,5441175.8316,0
1787_5441,1786971.2195,5441175.8316,0
1788_5441,1787971.2195,5441175.8316,0
1789_5441,1788971.2195,5441175.8316,0
1790_5441,1789971.2195,5441175.8316,0
1791_5441,1790971.2195,5441175.8316,0
1792_5441,1791971.2195,5441175.8316,0
1793_5441,1792971.2195,5441175.8316,0
1794_5441,1793971.2195,5441175.8316,0
1795_5441,1794971.2195,5441175.8316,0
1796_5441,1795971.2195,5441175.8316,0
1797_5441,1796971.2195,5441175.8316,0
1798_5441,1797971.2195,5441175.8316,0
1799_5441,1798971.2195,5441175.8316,0
1800_5441,1799971.2195,5441175.8316,0
1801_5441,1800971.2195,5441175.8316,0
1802_5441,1801971.2195,5441175.8316,0
1803_5441,1802971.2195,5441175.8316,0
1804_5441,1803971.2195,5441175.8316,0
1805_5441,1804971.2195,5441175.8316,0
1806_5441,1805971.2195,5441175.8316,0
1807_5441,1806971.2195,5441175.8316,0
1808_5441,1807971.2195,5441175.8316,0
1809_5441,1808971.2195,5441175.8316,0
1810_5441,1809971.2195,5441175.8316,0
1811_5441,1810971.2195,5441175.8316,0
1812_5441,1811971.2195,5441175.8316,0
1813_5441,1812971.2195,5441175.8316,0
1814_5441,1813971.2195,5441175.8316,0
1815_5441,1814971.2195,5441175.8316,0
1816_5441,1815971.2195,5441175.8316,0
1817_5441,1816971.2195,5441175.8316,0
1818_5441,1817971.2195,5441175.8316,0
1819_5441,1818971.2195,5441175.8316,0
1820_5441,1819971.2195,5441175.8316,0
1821_5441,1820971.2195,5441175.8316,0
1822_5441,1821971.2195,5441175.8316,0
1823_5441,1822971.2195,5441175.8316,0
1824_5441,1823971.2195,5441175.8316,0
1825_5441,1824971.2195,5441175.8316,0
1826_5441,1825971.2195,5441175.8316,0
1827_5441,1826971.2195,5441175.8316,0
1828_5441,1827971.2195,5441175.8316,0
1829_5441,1828971.2195,5441175.8316,0
1830_5441,1829971.2195,5441175.8316,0
1831_5441,1830971.2195,5441175.8316,0
1832_5441,1831971.2195,5441175.8316,0
1833_5441,1832971.2195,5441175.8316,0
1834_5441,1833971.2195,5441175.8316,0
1835_5441,1834971.2195,5441175.8316,0
1836_5441,1835971.2195,5441175.8316,0
1837_5441,1836971.2195,5441175.8316,0
1838_5441,1837971.2195,5441175.8316,0
1839_5441,1838971.2195,5441175.8316,0
1840_5441,1839971.2195,5441175.8316,0
1841_5441,1840971.2195,5441175.8316,0
1842_5441,1841971.2195,5441175.8316,0
1843_5441,1842971.2195,5441175.8316,0
1844_5441,1843971.2195,5441175.8316,0
1845_5441,1844971.2195,5441175.8316,0
1846_5441,1845971.2195,5441175.8316,0
1847_5441,1846971.2195,5441175.8316,0
1848_5441,1847971.2195,5441175.8316,0
1849_5441,1848971.2195,5441175.8316,0
1850_5441,1849971.2195,5441175.8316,0
1851_5441,1850971.2195,5441175.8316,0
1852_5441,1851971.2195,5441175.8316,0
1853_5441,1852971.2195,5441175.8316,0
1854_5441,1853971.2195,5441175.8316,0
1855_5441,1854971.2195,5441175.8316,0
1749_5442,1748971.2195,5442175.8316,0
1750_5442,1749971.2195,5442175.8316,0
1751_5442,1750971.2195,5442175.8316,0
1752_5442,1751971.2195,5442175.8316,0
1753_5442,1752971.2195,5442175.8316,0
1754_5442,1753971.2195,5442175.8316,0
1755_5442,1754971.2195,5442175.8316,0
1756_5442,1755971.2195,5442175.8316,0
1757_5442,1756971.2195,5442175.8316,0
1758_5442,1757971.2195,5442175.8316,0
1759_5442,1758971.2195,5442175.8316,0
1760_5442,1759971.2195,5442175.8316,0
1761_5442,1760971.2195,5442175.8316,0
1762_5442,1761971.2195,5442175.8316,0
1763_5442,1762971.2195,5442175.8316,0
1764_5442,1763971.2195,5442175.8316,0
1765_5442,1764971.2195,5442175.8316,0
1766_5442,1765971.2195,5442175.8316,0
1767_5442,1766971.2195,5442175.8316,0
1768_5442,1767971.2195,5442175.8316,0
1769_5442,1768971.2195,5442175.8316,0
1770_5442,1769971.2195,5442175.8316,0
1771_5442,1770971.2195,5442175.8316,0
1772_5442,1771971.2195,5442175.8316,0
1773_5442,1772971.2195,5442175.8316,0
1774_5442,1773971.2195,5442175.8316,0
1775_5442,1774971.2195,5442175.8316,0
1776_5442,1775971.2195,5442175.8316,0
1777_5442,1776971.2195,5442175.8316,0
1778_5442,1777971.2195,5442175.8316,0
1779_5442,1778971.2195,5442175.8316,0
1780_5442,1779971.2195,5442175.8316,0
1781_5442,1780971.2195,5442175.8316,0
1782_5442,1781971.2195,5442175.8316,0
1783_5442,1782971.2195,5442175.8316,0
1784_5442,1783971.2195,5442175.8316,0
1785_5442,1784971.2195,5442175.8316,0
1786_5442,1785971.2195,5442175.8316,0
1787_5442,1786971.2195,5442175.8316,0
1788_5442,1787971.2195,5442175.8316,0
1789_5442,1788971.2195,5442175.8316,0
1790_5442,1789971.2195,5442175.8316,0
1791_5442,1790971.2195,5442175.8316,0
1792_5442,1791971.2195,5442175.8316,0
1793_5442,1792971.2195,5442175.8316,0
1794_5442,1793971.2195,5442175.8316,0
1795_5442,1794971.2195,5442175.8316,0
1796_5442,1795971.2195,5442175.8316,0
1797_5442,1796971.2195,5442175.8316,0
1798_5442,1797971.2195,5442175.8316,0
1799_5442,1798971.2195,5442175.8316,0
1800_5442,1799971.2195,5442175.8316,0
1801_5442,1800971.2195,5442175.8316,0
1802_5442,1801971.2195,5442175.8316,0
1803_5442,1802971.2195,5442175.8316,0
1804_5442,1803971.2195,5442175.8316,0
1805_5442,1804971.2195,5442175.8316,0
1806_5442,1805971.2195,5442175.8316,0
1807_5442,1806971.2195,5442175.8316,0
1808_5442,1807971.2195,5442175.8316,0
1809_5442,1808971.2195,5442175.8316,0
1810_5442,1809971.2195,5442175.8316,0
1811_5442,1810971.2195,5442175.8316,0
1812_5442,1811971.2195,5442175.8316,0
1813_5442,1812971.2195,5442175.8316,0
1814_5442,1813971.2195,5442175.8316,0
1815_5442,1814971.2195,5442175.8316,0
1816_5442,1815971.2195,5442175.8316,0
1817_5442,1816971.2195,5442175.8316,0
1818_5442,1817971.2195,5442175.8316,0
1819_5442,1818971.2195,5442175.8316,0
1820_5442,1819971.2195,5442175.8316,0
1821_5442,1820971.2195,5442175.8316,0
1822_5442,1821971.2195,5442175.8316,0
1823_5442,1822971.2195,5442175.8316,0
1824_5442,1823971.2195,5442175.8316,0
1825_5442,1824971.2195,5442175.8316,0
1826_5442,1825971.2195,5442175.8316,0
1827_5442,1826971.2195,5442175.8316,0
1828_5442,1827971.2195,5442175.8316,0
1829_5442,1828971.2195,5442175.8316,0
1830_5442,1829971.2195,5442175.8316,0
1831_5442,1830971.2195,5442175.8316,0
1832_5442,1831971.2195,5442175.8316,0
1833_5442,1832971.2195,5442175.8316,0
1834_5442,1833971.2195,5442175.8316,0
1835_5442,1834971.2195,5442175.8316,0
1836_5442,1835971.2195,5442175.8316,0
1837_5442,1836971.2195,5442175.8316,0
1838_5442,1837971.2195,5442175.8316,0
1839_5442,1838971.2195,5442175.8316,0
1840_5442,1839971.2195,5442175.8316,0
1841_5442,1840971.2195,5442175.8316,0
1842_5442,1841971.2195,5442175.8316,0
1843_5442,1842971.2195,5442175.8316,0
1844_5442,1843971.2195,5442175.8316,0
1845_5442,1844971.2195,5442175.8316,0
1846_5442,1845971.2195,5442175.8316,0
1847_5442,1846971.2195,5442175.8316,0
1848_5442,1847971.2195,5442175.8316,0
1849_5442,1848971.2195,5442175.8316,0
1850_5442,1849971.2195,5442175.8316,0
1851_5442,1850971.2195,5442175.8316,0
1852_5442,1851971.2195,5442175.8316,0
1853_5442,1852971.2195,5442175.8316,0
1854_5442,1853971.2195,5442175.8316,0
1855_5442,1854971.2195,5442175.8316,0
1856_5442,1855971.2195,5442175.8316,0
1857_5442,1856971.2195,5442175.8316,0
1749_5443,1748971.2195,5443175.8316,0
1750_5443,1749971.2195,5443175.8316,0
1751_5443,1750971.2195,5443175.8316,0
1752_5443,1751971.2195,5443175.8316,0
1753_5443,1752971.2195,5443175.8316,0
1754_5443,1753971.2195,5443175.8316,0
1755_5443,1754971.2195,5443175.8316,0
1756_5443,1755971.2195,5443175.8316,0
1757_5443,1756971.2195,5443175.8316,0
1758_5443,1757971.2195,5443175.8316,0
1759_5443,1758971.2195,5443175.8316,0
1760_5443,1759971.2195,5443175.8316,0
1761_5443,1760971.2195,5443175.8316,0
1762_5443,1761971.2195,5443175.8316,0
1763_5443,1762971.2195,5443175.8316,0
1764_5443,1763971.2195,5443175.8316,0
1765_5443,1764971.2195,5443175.8316,0
1766_5443,1765971.2195,5443175.8316,0
1767_5443,1766971.2195,5443175.8316,0
1768_5443,1767971.2195,5443175.8316,0
1769_5443,1768971.2195,5443175.8316,0
1770_5443,1769971.2195,5443175.8316,0
1771_5443,1770971.2195,5443175.8316,0
1772_5443,1771971.2195,5443175.8316,0
1773_5443,1772971.2195,5443175.8316,0
1774_5443,1773971.2195,5443175.8316,0
1775_5443,1774971.2195,5443175.8316,0
1776_5443,1775971.2195,5443175.8316,0
1777_5443,1776971.2195,5443175.8316,0
1778_5443,1777971.2195,5443175.8316,0
1779_5443,1778971.2195,5443175.8316,0
1780_5443,1779971.2195,5443175.8316,0
1781_5443,1780971.2195,5443175.8316,0
1782_5443,1781971.2195,5443175.8316,0
1783_5443,1782971.2195,5443175.8316,0
1784_5443,1783971.2195,5443175.8316,0
1785_5443,1784971.2195,5443175.8316,0
1786_5443,1785971.2195,5443175.8316,0
1787_5443,1786971.2195,5443175.8316,0
1788_5443,1787971.2195,5443175.8316,0
1789_5443,1788971.2195,5443175.8316,0
1790_5443,1789971.2195,5443175.8316,0
1791_5443,1790971.2195,5443175.8316,0
1792_5443,1791971.2195,5443175.8316,0
1793_5443,1792971.2195,5443175.8316,0
1794_5443,1793971.2195,5443175.8316,0
1795_5443,1794971.2195,5443175.8316,0
1796_5443,1795971.2195,5443175.8316,0
1797_5443,1796971.2195,5443175.8316,0
1798_5443,1797971.2195,5443175.8316,0
1799_5443,1798971.2195,5443175.8316,0
1800_5443,1799971.2195,5443175.8316,0
1801_5443,1800971.2195,5443175.8316,0
1802_5443,1801971.2195,5443175.8316,0
1803_5443,1802971.2195,5443175.8316,0
1804_5443,1803971.2195,5443175.8316,0
1805_5443,1804971.2195,5443175.8316,0
1806_5443,1805971.2195,5443175.8316,0
1807_5443,1806971.2195,5443175.8316,0
1808_5443,1807971.2195,5443175.8316,0
1809_5443,1808971.2195,5443175.8316,0
1810_5443,1809971.2195,5443175.8316,0
1811_5443,1810971.2195,5443175.8316,0
1812_5443,1811971.2195,5443175.8316,0
1813_5443,1812971.2195,5443175.8316,0
1814_5443,1813971.2195,5443175.8316,0
1815_5443,1814971.2195,5443175.8316,0
1816_5443,1815971.2195,5443175.8316,0
1817_5443,1816971.2195,5443175.8316,0
1818_5443,1817971.2195,5443175.8316,0
1819_5443,1818971.2195,5443175.8316,0
1820_5443,1819971.2195,5443175.8316,0
1821_5443,1820971.2195,5443175.8316,0
1822_5443,1821971.2195,5443175.8316,0
1823_5443,1822971.2195,5443175.8316,0
1824_5443,1823971.2195,5443175.8316,0
1825_5443,1824971.2195,5443175.8316,0
1826_5443,1825971.2195,5443175.8316,0
1827_5443,1826971.2195,5443175.8316,0
1828_5443,1827971.2195,5443175.8316,0
1829_5443,1828971.2195,5443175.8316,0
1830_5443,1829971.2195,5443175.8316,0
1831_5443,1830971.2195,5443175.8316,0
1832_5443,1831971.2195,5443175.8316,0
1833_5443,1832971.2195,5443175.8316,0
1834_5443,1833971.2195,5443175.8316,0
1835_5443,1834971.2195,5443175.8316,0
1836_5443,1835971.2195,5443175.8316,0
1837_5443,1836971.2195,5443175.8316,0
1838_5443,1837971.2195,5443175.8316,0
1839_5443,1838971.2195,5443175.8316,0
1840_5443,1839971.2195,5443175.8316,0
1841_5443,1840971.2195,5443175.8316,0
1842_5443,1841971.2195,5443175.8316,0
1843_5443,1842971.2195,5443175.8316,0
1844_5443,1843971.2195,5443175.8316,0
1845_5443,1844971.2195,5443175.8316,0
1846_5443,1845971.2195,5443175.8316,0
1847_5443,1846971.2195,5443175.8316,0
1848_5443,1847971.2195,5443175.8316,0
1849_5443,1848971.2195,5443175.8316,0
1850_5443,1849971.2195,5443175.8316,0
1851_5443,1850971.2195,5443175.8316,0
1852_5443,1851971.2195,5443175.8316,0
1853_5443,1852971.2195,5443175.8316,0
1854_5443,1853971.2195,5443175.8316,0
1855_5443,1854971.2195,5443175.8316,0
1856_5443,1855971.2195,5443175.8316,0
1857_5443,1856971.2195,5443175.8316,0
1750_5444,1749971.2195,5444175.8316,0
1751_5444,1750971.2195,5444175.8316,0
1752_5444,1751971.2195,5444175.8316,0
1753_5444,1752971.2195,5444175.8316,0
1754_5444,1753971.2195,5444175.8316,0
1755_5444,1754971.2195,5444175.8316,0
1756_5444,1755971.2195,5444175.8316,0
1757_5444,1756971.2195,5444175.8316,0
1758_5444,1757971.2195,5444175.8316,0
1759_5444,1758971.2195,5444175.8316,0
1760_5444,1759971.2195,5444175.8316,0
1761_5444,1760971.2195,5444175.8316,0
1762_5444,1761971.2195,5444175.8316,0
1763_5444,1762971.2195,5444175.8316,0
1764_5444,1763971.2195,5444175.8316,0
1765_5444,1764971.2195,5444175.8316,0
1766_5444,1765971.2195,5444175.8316,0
1767_5444,1766971.2195,5444175.8316,0
1768_5444,1767971.2195,5444175.8316,0
1769_5444,1768971.2195,5444175.8316,0
1770_5444,1769971.2195,5444175.8316,0
1771_5444,1770971.2195,5444175.8316,0
1772_5444,1771971.2195,5444175.8316,0
1773_5444,1772971.2195,5444175.8316,0
1774_5444,1773971.2195,5444175.8316,0
1775_5444,1774971.2195,5444175.8316,0
1776_5444,1775971.2195,5444175.8316,0
1777_5444,1776971.2195,5444175.8316,0
1778_5444,1777971.2195,5444175.8316,0
1779_5444,1778971.2195,5444175.8316,0
1780_5444,1779971.2195,5444175.8316,0
1781_5444,1780971.2195,5444175.8316,0
1782_5444,1781971.2195,5444175.8316,0
1783_5444,1782971.2195,5444175.8316,0
1784_5444,1783971.2195,5444175.8316,0
1785_5444,1784971.2195,5444175.8316,0
1786_5444,1785971.2195,5444175.8316,0
1787_5444,1786971.2195,5444175.8316,0
1788_5444,1787971.2195,5444175.8316,0
1789_5444,1788971.2195,5444175.8316,0
1790_5444,1789971.2195,5444175.8316,0
1791_5444,1790971.2195,5444175.8316,0
1792_5444,1791971.2195,5444175.8316,0
1793_5444,1792971.2195,5444175.8316,0
1794_5444,1793971.2195,5444175.8316,0
1795_5444,1794971.2195,5444175.8316,0
1796_5444,1795971.2195,5444175.8316,0
1797_5444,1796971.2195,5444175.8316,0
1798_5444,1797971.2195,5444175.8316,0
1799_5444,1798971.2195,5444175.8316,0
1800_5444,1799971.2195,5444175.8316,0
1801_5444,1800971.2195,5444175.8316,0
1802_5444,1801971.2195,5444175.8316,0
1803_5444,1802971.2195,5444175.8316,0
1804_5444,1803971.2195,5444175.8316,0
1805_5444,1804971.2195,5444175.8316,0
1806_5444,1805971.2195,5444175.8316,0
1807_5444,1806971.2195,5444175.8316,0
1808_5444,1807971.2195,5444175.8316,0
1809_5444,1808971.2195,5444175.8316,0
1810_5444,1809971.2195,5444175.8316,0
1811_5444,1810971.2195,5444175.8316,0
1812_5444,1811971.2195,5444175.8316,0
1813_5444,1812971.2195,5444175.8316,0
1814_5444,1813971.2195,5444175.8316,0
1815_5444,1814971.2195,5444175.8316,0
1816_5444,1815971.2195,5444175.8316,0
1817_5444,1816971.2195,5444175.8316,0
1818_5444,1817971.2195,5444175.8316,0
1819_5444,1818971.2195,5444175.8316,0
1820_5444,1819971.2195,5444175.8316,0
1821_5444,1820971.2195,5444175.8316,0
1822_5444,1821971.2195,5444175.8316,0
1823_5444,1822971.2195,5444175.8316,0
1824_5444,1823971.2195,5444175.8316,0
1825_5444,1824971.2195,5444175.8316,0
1826_5444,1825971.2195,5444175.8316,0
1827_5444,1826971.2195,5444175.8316,0
1828_5444,1827971.2195,5444175.8316,0
1829_5444,1828971.2195,5444175.8316,0
1830_5444,1829971.2195,5444175.8316,0
1831_5444,1830971.2195,5444175.8316,0
1832_5444,1831971.2195,5444175.8316,0
1833_5444,1832971.2195,5444175.8316,0
1834_5444,1833971.2195,5444175.8316,0
1835_5444,1834971.2195,5444175.8316,0
1836_5444,1835971.2195,5444175.8316,0
1837_5444,1836971.2195,5444175.8316,0
1838_5444,1837971.2195,5444175.8316,0
1839_5444,1838971.2195,5444175.8316,0
1840_5444,1839971.2195,5444175.8316,0
1841_5444,1840971.2195,5444175.8316,0
1842_5444,1841971.2195,5444175.8316,0
1843_5444,1842971.2195,5444175.8316,0
1844_5444,1843971.2195,5444175.8316,0
1845_5444,1844971.2195,5444175.8316,0
1846_5444,1845971.2195,5444175.8316,0
1847_5444,1846971.2195,5444175.8316,0
1848_5444,1847971.2195,5444175.8316,0
1849_5444,1848971.2195,5444175.8316,0
1850_5444,1849971.2195,5444175.8316,0
1851_5444,1850971.2195,5444175.8316,0
1852_5444,1851971.2195,5444175.8316,0
1853_5444,1852971.2195,5444175.8316,0
1854_5444,1853971.2195,5444175.8316,0
1855_5444,1854971.2195,5444175.8316,0
1856_5444,1855971.2195,5444175.8316,0
1857_5444,1856971.2195,5444175.8316,0
1751_5445,1750971.2195,5445175.8316,0
1752_5445,1751971.2195,5445175.8316,0
1753_5445,1752971.2195,5445175.8316,0
1754_5445,1753971.2195,5445175.8316,0
1755_5445,1754971.2195,5445175.8316,0
1756_5445,1755971.2195,5445175.8316,0
1757_5445,1756971.2195,5445175.8316,0
1758_5445,1757971.2195,5445175.8316,0
1759_5445,1758971.2195,5445175.8316,0
1760_5445,1759971.2195,5445175.8316,0
1761_5445,1760971.2195,5445175.8316,0
1762_5445,1761971.2195,5445175.8316,0
1763_5445,1762971.2195,5445175.8316,0
1764_5445,1763971.2195,5445175.8316,0
1765_5445,1764971.2195,5445175.8316,0
1766_5445,1765971.2195,5445175.8316,0
1767_5445,1766971.2195,5445175.8316,0
1768_5445,1767971.2195,5445175.8316,0
1769_5445,1768971.2195,5445175.8316,0
1770_5445,1769971.2195,5445175.8316,0
1771_5445,1770971.2195,5445175.8316,0
1772_5445,1771971.2195,5445175.8316,0
1773_5445,1772971.2195,5445175.8316,0
1774_5445,1773971.2195,5445175.8316,0
1775_5445,1774971.2195,5445175.8316,0
1776_5445,1775971.2195,5445175.8316,0
1777_5445,1776971.2195,5445175.8316,0
1778_5445,1777971.2195,5445175.8316,0
1779_5445,1778971.2195,5445175.8316,0
1780_5445,1779971.2195,5445175.8316,0
1781_5445,1780971.2195,5445175.8316,0
1782_5445,1781971.2195,5445175.8316,0
1783_5445,1782971.2195,5445175.8316,0
1784_5445,1783971.2195,5445175.8316,0
1785_5445,1784971.2195,5445175.8316,0
1786_5445,1785971.2195,5445175.8316,0
1787_5445,1786971.2195,5445175.8316,0
1788_5445,1787971.2195,5445175.8316,0
1789_5445,1788971.2195,5445175.8316,0
1790_5445,1789971.2195,5445175.8316,0
1791_5445,1790971.2195,5445175.8316,0
1792_5445,1791971.2195,5445175.8316,0
1793_5445,1792971.2195,5445175.8316,0
1794_5445,1793971.2195,5445175.8316,0
1795_5445,1794971.2195,5445175.8316,0
1796_5445,1795971.2195,5445175.8316,0
1797_5445,1796971.2195,5445175.8316,0
1798_5445,1797971.2195,5445175.8316,0
1799_5445,1798971.2195,5445175.8316,0
1800_5445,1799971.2195,5445175.8316,0
1801_5445,1800971.2195,5445175.8316,0
1802_5445,1801971.2195,5445175.8316,0
1803_5445,1802971.2195,5445175.8316,0
1804_5445,1803971.2195,5445175.8316,0
1805_5445,1804971.2195,5445175.8316,0
1806_5445,1805971.2195,5445175.8316,0
1807_5445,1806971.2195,5445175.8316,0
1808_5445,1807971.2195,5445175.8316,0
1809_5445,1808971.2195,5445175.8316,0
1810_5445,1809971.2195,5445175.8316,0
1811_5445,1810971.2195,5445175.8316,0
1812_5445,1811971.2195,5445175.8316,0
1813_5445,1812971.2195,5445175.8316,0
1814_5445,1813971.2195,5445175.8316,0
1815_5445,1814971.2195,5445175.8316,0
1816_5445,1815971.2195,5445175.8316,0
1817_5445,1816971.2195,5445175.8316,0
1818_5445,1817971.2195,5445175.8316,0
1819_5445,1818971.2195,5445175.8316,0
1820_5445,1819971.2195,5445175.8316,0
1821_5445,1820971.2195,5445175.8316,0
1822_5445,1821971.2195,5445175.8316,0
1823_5445,1822971.2195,5445175.8316,0
1824_5445,1823971.2195,5445175.8316,0
1825_5445,1824971.2195,5445175.8316,0
1826_5445,1825971.2195,5445175.8316,0
1827_5445,1826971.2195,5445175.8316,0
1828_5445,1827971.2195,5445175.8316,0
1829_5445,1828971.2195,5445175.8316,0
1830_5445,1829971.2195,5445175.8316,0
1831_5445,1830971.2195,5445175.8316,0
1832_5445,1831971.2195,5445175.8316,0
1833_5445,1832971.2195,5445175.8316,0
1834_5445,1833971.2195,5445175.8316,0
1835_5445,1834971.2195,5445175.8316,0
1836_5445,1835971.2195,5445175.8316,0
1837_5445,1836971.2195,5445175.8316,0
1838_5445,1837971.2195,5445175.8316,0
1839_5445,1838971.2195,5445175.8316,0
1840_5445,1839971.2195,5445175.8316,0
1841_5445,1840971.2195,5445175.8316,0
1842_5445,1841971.2195,5445175.8316,0
1843_5445,1842971.2195,5445175.8316,0
1844_5445,1843971.2195,5445175.8316,0
1845_5445,1844971.2195,5445175.8316,0
1846_5445,1845971.2195,5445175.8316,0
1847_5445,1846971.2195,5445175.8316,0
1848_5445,1847971.2195,5445175.8316,0
1849_5445,1848971.2195,5445175.8316,0
1850_5445,1849971.2195,5445175.8316,0
1851_5445,1850971.2195,5445175.8316,0
1852_5445,1851971.2195,5445175.8316,0
1853_5445,1852971.2195,5445175.8316,0
1854_5445,1853971.2195,5445175.8316,0
1855_5445,1854971.2195,5445175.8316,0
1856_5445,1855971.2195,5445175.8316,0
1857_5445,1856971.2195,5445175.8316,0
1752_5446,1751971.2195,5446175.8316,0
1753_5446,1752971.2195,5446175.8316,0
1754_5446,1753971.2195,5446175.8316,0
1756_5446,1755971.2195,5446175.8316,0
1757_5446,1756971.2195,5446175.8316,0
1758_5446,1757971.2195,5446175.8316,0
1759_5446,1758971.2195,5446175.8316,0
1760_5446,1759971.2195,5446175.8316,0
1761_5446,1760971.2195,5446175.8316,0
1762_5446,1761971.2195,5446175.8316,0
1763_5446,1762971.2195,5446175.8316,0
1764_5446,1763971.2195,5446175.8316,0
1765_5446,1764971.2195,5446175.8316,0
1766_5446,1765971.2195,5446175.8316,0
1767_5446,1766971.2195,5446175.8316,0
1768_5446,1767971.2195,5446175.8316,0
1769_5446,1768971.2195,5446175.8316,0
1770_5446,1769971.2195,5446175.8316,0
1771_5446,1770971.2195,5446175.8316,0
1772_5446,1771971.2195,5446175.8316,0
1773_5446,1772971.2195,5446175.8316,0
1774_5446,1773971.2195,5446175.8316,0
1775_5446,1774971.2195,5446175.8316,0
1776_5446,1775971.2195,5446175.8316,0
1777_5446,1776971.2195,5446175.8316,0
1778_5446,1777971.2195,5446175.8316,0
1779_5446,1778971.2195,5446175.8316,0
1780_5446,1779971.2195,5446175.8316,0
1781_5446,1780971.2195,5446175.8316,0
1782_5446,1781971.2195,5446175.8316,0
1783_5446,1782971.2195,5446175.8316,0
1784_5446,1783971.2195,5446175.8316,0
1785_5446,1784971.2195,5446175.8316,0
1786_5446,1785971.2195,5446175.8316,0
1787_5446,1786971.2195,5446175.8316,0
1788_5446,1787971.2195,5446175.8316,0
1789_5446,1788971.2195,5446175.8316,0
1790_5446,1789971.2195,5446175.8316,0
1791_5446,1790971.2195,5446175.8316,0
1792_5446,1791971.2195,5446175.8316,0
1793_5446,1792971.2195,5446175.8316,0
1794_5446,1793971.2195,5446175.8316,0
1795_5446,1794971.2195,5446175.8316,0
1796_5446,1795971.2195,5446175.8316,0
1797_5446,1796971.2195,5446175.8316,0
1798_5446,1797971.2195,5446175.8316,0
1799_5446,1798971.2195,5446175.8316,0
1800_5446,1799971.2195,5446175.8316,0
1801_5446,1800971.2195,5446175.8316,0
1802_5446,1801971.2195,5446175.8316,0
1803_5446,1802971.2195,5446175.8316,0
1804_5446,1803971.2195,5446175.8316,0
1805_5446,1804971.2195,5446175.8316,0
1806_5446,1805971.2195,5446175.8316,0
1807_5446,1806971.2195,5446175.8316,0
1808_5446,1807971.2195,5446175.8316,0
1809_5446,1808971.2195,5446175.8316,0
1810_5446,1809971.2195,5446175.8316,0
1811_5446,1810971.2195,5446175.8316,0
1812_5446,1811971.2195,5446175.8316,0
1813_5446,1812971.2195,5446175.8316,0
1814_5446,1813971.2195,5446175.8316,0
1815_5446,1814971.2195,5446175.8316,0
1816_5446,1815971.2195,5446175.8316,0
1817_5446,1816971.2195,5446175.8316,0
1818_5446,1817971.2195,5446175.8316,0
1819_5446,1818971.2195,5446175.8316,0
1820_5446,1819971.2195,5446175.8316,0
1821_5446,1820971.2195,5446175.8316,0
1822_5446,1821971.2195,5446175.8316,0
1823_5446,1822971.2195,5446175.8316,0
1824_5446,1823971.2195,5446175.8316,0
1825_5446,1824971.2195,5446175.8316,0
1826_5446,1825971.2195,5446175.8316,0
1827_5446,1826971.2195,5446175.8316,0
1828_5446,1827971.2195,5446175.8316,0
1829_5446,1828971.2195,5446175.8316,0
1830_5446,1829971.2195,5446175.8316,0
1831_5446,1830971.2195,5446175.8316,0
1832_5446,1831971.2195,5446175.8316,0
1833_5446,1832971.2195,5446175.8316,0
1834_5446,1833971.2195,5446175.8316,0
1835_5446,1834971.2195,5446175.8316,0
1836_5446,1835971.2195,5446175.8316,0
1837_5446,1836971.2195,5446175.8316,0
1838_5446,1837971.2195,5446175.8316,0
1839_5446,1838971.2195,5446175.8316,0
1840_5446,1839971.2195,5446175.8316,0
1841_5446,1840971.2195,5446175.8316,0
1842_5446,1841971.2195,5446175.8316,0
1843_5446,1842971.2195,5446175.8316,0
1844_5446,1843971.2195,5446175.8316,0
1845_5446,1844971.2195,5446175.8316,0
1846_5446,1845971.2195,5446175.8316,0
1847_5446,1846971.2195,5446175.8316,0
1848_5446,1847971.2195,5446175.8316,0
1849_5446,1848971.2195,5446175.8316,0
1850_5446,1849971.2195,5446175.8316,0
1851_5446,1850971.2195,5446175.8316,0
1852_5446,1851971.2195,5446175.8316,0
1853_5446,1852971.2195,5446175.8316,0
1854_5446,1853971.2195,5446175.8316,0
1855_5446,1854971.2195,5446175.8316,0
1856_5446,1855971.2195,5446175.8316,0
1857_5446,1856971.2195,5446175.8316,0
1752_5447,1751971.2195,5447175.8316,0
1753_5447,1752971.2195,5447175.8316,0
1754_5447,1753971.2195,5447175.8316,0
1755_5447,1754971.2195,5447175.8316,0
1757_5447,1756971.2195,5447175.8316,0
1758_5447,1757971.2195,5447175.8316,0
1759_5447,1758971.2195,5447175.8316,0
1760_5447,1759971.2195,5447175.8316,0
1761_5447,1760971.2195,5447175.8316,0
1762_5447,1761971.2195,5447175.8316,0
1763_5447,1762971.2195,5447175.8316,0
1764_5447,1763971.2195,5447175.8316,0
1765_5447,1764971.2195,5447175.8316,0
1766_5447,1765971.2195,5447175.8316,0
1767_5447,1766971.2195,5447175.8316,0
1768_5447,1767971.2195,5447175.8316,0
1769_5447,1768971.2195,5447175.8316,0
1770_5447,1769971.2195,5447175.8316,0
1771_5447,1770971.2195,5447175.8316,0
1772_5447,1771971.2195,5447175.8316,0
1773_5447,1772971.2195,5447175.8316,0
1774_5447,1773971.2195,5447175.8316,0
1775_5447,1774971.2195,5447175.8316,0
1776_5447,1775971.2195,5447175.8316,0
1777_5447,1776971.2195,5447175.8316,0
1778_5447,1777971.2195,5447175.8316,0
1779_5447,1778971.2195,5447175.8316,0
1780_5447,1779971.2195,5447175.8316,0
1781_5447,1780971.2195,5447175.8316,0
1782_5447,1781971.2195,5447175.8316,0
1783_5447,1782971.2195,5447175.8316,0
1784_5447,1783971.2195,5447175.8316,0
1785_5447,1784971.2195,5447175.8316,0
1786_5447,1785971.2195,5447175.8316,0
1787_5447,1786971.2195,5447175.8316,0
1788_5447,1787971.2195,5447175.8316,0
1789_5447,1788971.2195,5447175.8316,0
1790_5447,1789971.2195,5447175.8316,0
1791_5447,1790971.2195,5447175.8316,0
1792_5447,1791971.2195,5447175.8316,0
1793_5447,1792971.2195,5447175.8316,0
1794_5447,1793971.2195,5447175.8316,0
1795_5447,1794971.2195,5447175.8316,0
1796_5447,1795971.2195,5447175.8316,0
1797_5447,1796971.2195,5447175.8316,0
1798_5447,1797971.2195,5447175.8316,0
1799_5447,1798971.2195,5447175.8316,0
1800_5447,1799971.2195,5447175.8316,0
1801_5447,1800971.2195,5447175.8316,0
1802_5447,1801971.2195,5447175.8316,0
1803_5447,1802971.2195,5447175.8316,0
1804_5447,1803971.2195,5447175.8316,0
1805_5447,1804971.2195,5447175.8316,0
1806_5447,1805971.2195,5447175.8316,0
1807_5447,1806971.2195,5447175.8316,0
1808_5447,1807971.2195,5447175.8316,0
1809_5447,1808971.2195,5447175.8316,0
1810_5447,1809971.2195,5447175.8316,0
1811_5447,1810971.2195,5447175.8316,0
1812_5447,1811971.2195,5447175.8316,0
1813_5447,1812971.2195,5447175.8316,0
1814_5447,1813971.2195,5447175.8316,0
1815_5447,1814971.2195,5447175.8316,0
1816_5447,1815971.2195,5447175.8316,0
1817_5447,1816971.2195,5447175.8316,0
1818_5447,1817971.2195,5447175.8316,0
1819_5447,1818971.2195,5447175.8316,0
1820_5447,1819971.2195,5447175.8316,0
1821_5447,1820971.2195,5447175.8316,0
1822_5447,1821971.2195,5447175.8316,0
1823_5447,1822971.2195,5447175.8316,0
1824_5447,1823971.2195,5447175.8316,0
1825_5447,1824971.2195,5447175.8316,0
1826_5447,1825971.2195,5447175.8316,0
1827_5447,1826971.2195,5447175.8316,0
1828_5447,1827971.2195,5447175.8316,0
1829_5447,1828971.2195,5447175.8316,0
1830_5447,1829971.2195,5447175.8316,0
1831_5447,1830971.2195,5447175.8316,0
1832_5447,1831971.2195,5447175.8316,0
1833_5447,1832971.2195,5447175.8316,0
1834_5447,1833971.2195,5447175.8316,0
1835_5447,1834971.2195,5447175.8316,0
1836_5447,1835971.2195,5447175.8316,0
1837_5447,1836971.2195,5447175.8316,0
1838_5447,1837971.2195,5447175.8316,0
1839_5447,1838971.2195,5447175.8316,0
1840_5447,1839971.2195,5447175.8316,0
1841_5447,1840971.2195,5447175.8316,0
1842_5447,1841971.2195,5447175.8316,0
1843_5447,1842971.2195,5447175.8316,0
1844_5447,1843971.2195,5447175.8316,0
1845_5447,1844971.2195,5447175.8316,0
1846_5447,1845971.2195,5447175.8316,0
1847_5447,1846971.2195,5447175.8316,0
1848_5447,1847971.2195,5447175.8316,0
1849_5447,1848971.2195,5447175.8316,0
1850_5447,1849971.2195,5447175.8316,0
1851_5447,1850971.2195,5447175.8316,0
1852_5447,1851971.2195,5447175.8316,0
1853_5447,1852971.2195,5447175.8316,0
1854_5447,1853971.2195,5447175.8316,0
1855_5447,1854971.2195,5447175.8316,0
1856_5447,1855971.2195,5447175.8316,0
1857_5447,1856971.2195,5447175.8316,0
1858_5447,1857971.2195,5447175.8316,0
1755_5448,1754971.2195,5448175.8316,0
1756_5448,1755971.2195,5448175.8316,0
1757_5448,1756971.2195,5448175.8316,0
1761_5448,1760971.2195,5448175.8316,0
1762_5448,1761971.2195,5448175.8316,0
1763_5448,1762971.2195,5448175.8316,0
1764_5448,1763971.2195,5448175.8316,0
1765_5448,1764971.2195,5448175.8316,0
1766_5448,1765971.2195,5448175.8316,0
1767_5448,1766971.2195,5448175.8316,0
1768_5448,1767971.2195,5448175.8316,0
1769_5448,1768971.2195,5448175.8316,0
1770_5448,1769971.2195,5448175.8316,0
1771_5448,1770971.2195,5448175.8316,0
1772_5448,1771971.2195,5448175.8316,0
1773_5448,1772971.2195,5448175.8316,0
1774_5448,1773971.2195,5448175.8316,0
1775_5448,1774971.2195,5448175.8316,0
1776_5448,1775971.2195,5448175.8316,0
1777_5448,1776971.2195,5448175.8316,0
1778_5448,1777971.2195,5448175.8316,0
1779_5448,1778971.2195,5448175.8316,0
1780_5448,1779971.2195,5448175.8316,0
1781_5448,1780971.2195,5448175.8316,0
1782_5448,1781971.2195,5448175.8316,0
1783_5448,1782971.2195,5448175.8316,0
1784_5448,1783971.2195,5448175.8316,0
1785_5448,1784971.2195,5448175.8316,0
1786_5448,1785971.2195,5448175.8316,0
1787_5448,1786971.2195,5448175.8316,0
1788_5448,1787971.2195,5448175.8316,0
1789_5448,1788971.2195,5448175.8316,0
1790_5448,1789971.2195,5448175.8316,0
1791_5448,1790971.2195,5448175.8316,0
1792_5448,1791971.2195,5448175.8316,0
1793_5448,1792971.2195,5448175.8316,0
1794_5448,1793971.2195,5448175.8316,0
1795_5448,1794971.2195,5448175.8316,0
1796_5448,1795971.2195,5448175.8316,0
1797_5448,1796971.2195,5448175.8316,0
1798_5448,1797971.2195,5448175.8316,0
1799_5448,1798971.2195,5448175.8316,0
1800_5448,1799971.2195,5448175.8316,0
1801_5448,1800971.2195,5448175.8316,0
1802_5448,1801971.2195,5448175.8316,0
1803_5448,1802971.2195,5448175.8316,0
1804_5448,1803971.2195,5448175.8316,0
1805_5448,1804971.2195,5448175.8316,0
1806_5448,1805971.2195,5448175.8316,0
1807_5448,1806971.2195,5448175.8316,0
1808_5448,1807971.2195,5448175.8316,0
1809_5448,1808971.2195,5448175.8316,0
1810_5448,1809971.2195,5448175.8316,0
1811_5448,1810971.2195,5448175.8316,0
1812_5448,1811971.2195,5448175.8316,0
1813_5448,1812971.2195,5448175.8316,0
1814_5448,1813971.2195,5448175.8316,0
1815_5448,1814971.2195,5448175.8316,0
1816_5448,1815971.2195,5448175.8316,0
1817_5448,1816971.2195,5448175.8316,0
1818_5448,1817971.2195,5448175.8316,0
1819_5448,1818971.2195,5448175.8316,0
1820_5448,1819971.2195,5448175.8316,0
1821_5448,1820971.2195,5448175.8316,0
1822_5448,1821971.2195,5448175.8316,0
1823_5448,1822971.2195,5448175.8316,0
1824_5448,1823971.2195,5448175.8316,0
1825_5448,1824971.2195,5448175.8316,0
1826_5448,1825971.2195,5448175.8316,0
1827_5448,1826971.2195,5448175.8316,0
1828_5448,1827971.2195,5448175.8316,0
1829_5448,1828971.2195,5448175.8316,0
1830_5448,1829971.2195,5448175.8316,0
1831_5448,1830971.2195,5448175.8316,0
1832_5448,1831971.2195,5448175.8316,0
1833_5448,1832971.2195,5448175.8316,0
1834_5448,1833971.2195,5448175.8316,0
1835_5448,1834971.2195,5448175.8316,0
1836_5448,1835971.2195,5448175.8316,0
1837_5448,1836971.2195,5448175.8316,0
1838_5448,1837971.2195,5448175.8316,0
1839_5448,1838971.2195,5448175.8316,0
1840_5448,1839971.2195,5448175.8316,0
1841_5448,1840971.2195,5448175.8316,0
1842_5448,1841971.2195,5448175.8316,0
1843_5448,1842971.2195,5448175.8316,0
1844_5448,1843971.2195,5448175.8316,0
1845_5448,1844971.2195,5448175.8316,0
1846_5448,1845971.2195,5448175.8316,0
1847_5448,1846971.2195,5448175.8316,0
1848_5448,1847971.2195,5448175.8316,0
1849_5448,1848971.2195,5448175.8316,0
1850_5448,1849971.2195,5448175.8316,0
1851_5448,1850971.2195,5448175.8316,0
1852_5448,1851971.2195,5448175.8316,0
1853_5448,1852971.2195,5448175.8316,0
1854_5448,1853971.2195,5448175.8316,0
1855_5448,1854971.2195,5448175.8316,0
1856_5448,1855971.2195,5448175.8316,0
1857_5448,1856971.2195,5448175.8316,0
1858_5448,1857971.2195,5448175.8316,0
1859_5448,1858971.2195,5448175.8316,0
1749_5449,1748971.2195,5449175.8316,0
1755_5449,1754971.2195,5449175.8316,0
1756_5449,1755971.2195,5449175.8316,0
1757_5449,1756971.2195,5449175.8316,0
1760_5449,1759971.2195,5449175.8316,0
1761_5449,1760971.2195,5449175.8316,0
1762_5449,1761971.2195,5449175.8316,0
1763_5449,1762971.2195,5449175.8316,0
1764_5449,1763971.2195,5449175.8316,0
1765_5449,1764971.2195,5449175.8316,0
1766_5449,1765971.2195,5449175.8316,0
1767_5449,1766971.2195,5449175.8316,0
1768_5449,1767971.2195,5449175.8316,0
1769_5449,1768971.2195,5449175.8316,0
1770_5449,1769971.2195,5449175.8316,0
1771_5449,1770971.2195,5449175.8316,0
1772_5449,1771971.2195,5449175.8316,0
1773_5449,1772971.2195,5449175.8316,0
1774_5449,1773971.2195,5449175.8316,0
1775_5449,1774971.2195,5449175.8316,0
1776_5449,1775971.2195,5449175.8316,0
1777_5449,1776971.2195,5449175.8316,0
1778_5449,1777971.2195,5449175.8316,0
1779_5449,1778971.2195,5449175.8316,0
1780_5449,1779971.2195,5449175.8316,0
1781_5449,1780971.2195,5449175.8316,0
1782_5449,1781971.2195,5449175.8316,0
1783_5449,1782971.2195,5449175.8316,0
1784_5449,1783971.2195,5449175.8316,0
1785_5449,1784971.2195,5449175.8316,0
1786_5449,1785971.2195,5449175.8316,0
1787_5449,1786971.2195,5449175.8316,0
1788_5449,1787971.2195,5449175.8316,0
1789_5449,1788971.2195,5449175.8316,0
1790_5449,1789971.2195,5449175.8316,0
1791_5449,1790971.2195,5449175.8316,0
1792_5449,1791971.2195,5449175.8316,0
1793_5449,1792971.2195,5449175.8316,0
1794_5449,1793971.2195,5449175.8316,0
1795_5449,1794971.2195,5449175.8316,0
1796_5449,1795971.2195,5449175.8316,0
1797_5449,1796971.2195,5449175.8316,0
1798_5449,1797971.2195,5449175.8316,0
1799_5449,1798971.2195,5449175.8316,0
1800_5449,1799971.2195,5449175.8316,0
1801_5449,1800971.2195,5449175.8316,0
1802_5449,1801971.2195,5449175.8316,0
1803_5449,1802971.2195,5449175.8316,0
1804_5449,1803971.2195,5449175.8316,0
1805_5449,1804971.2195,5449175.8316,0
1806_5449,1805971.2195,5449175.8316,0
1807_5449,1806971.2195,5449175.8316,0
1808_5449,1807971.2195,5449175.8316,0
1809_5449,1808971.2195,5449175.8316,0
1810_5449,1809971.2195,5449175.8316,0
1811_5449,1810971.2195,5449175.8316,0
1812_5449,1811971.2195,5449175.8316,0
1813_5449,1812971.2195,5449175.8316,0
1814_5449,1813971.2195,5449175.8316,0
1815_5449,1814971.2195,5449175.8316,0
1816_5449,1815971.2195,5449175.8316,0
1817_5449,1816971.2195,5449175.8316,0
1818_5449,1817971.2195,5449175.8316,0
1819_5449,1818971.2195,5449175.8316,0
1820_5449,1819971.2195,5449175.8316,0
1821_5449,1820971.2195,5449175.8316,0
1822_5449,1821971.2195,5449175.8316,0
1823_5449,1822971.2195,5449175.8316,0
1824_5449,1823971.2195,5449175.8316,0
1825_5449,1824971.2195,5449175.8316,0
1826_5449,1825971.2195,5449175.8316,0
1827_5449,1826971.2195,5449175.8316,0
1828_5449,1827971.2195,5449175.8316,0
1829_5449,1828971.2195,5449175.8316,0
1830_5449,1829971.2195,5449175.8316,0
1831_5449,1830971.2195,5449175.8316,0
1832_5449,1831971.2195,5449175.8316,0
1833_5449,1832971.2195,5449175.8316,0
1834_5449,1833971.2195,5449175.8316,0
1835_5449,1834971.2195,5449175.8316,0
1836_5449,1835971.2195,5449175.8316,0
1837_5449,1836971.2195,5449175.8316,0
1838_5449,1837971.2195,5449175.8316,0
1839_5449,1838971.2195,5449175.8316,0
1840_5449,1839971.2195,5449175.8316,0
1841_5449,1840971.2195,5449175.8316,0
1842_5449,1841971.2195,5449175.8316,0
1843_5449,1842971.2195,5449175.8316,0
1844_5449,1843971.2195,5449175.8316,0
1845_5449,1844971.2195,5449175.8316,0
1846_5449,1845971.2195,5449175.8316,0
1847_5449,1846971.2195,5449175.8316,0
1848_5449,1847971.2195,5449175.8316,0
1849_5449,1848971.2195,5449175.8316,0
1850_5449,1849971.2195,5449175.8316,0
1851_5449,1850971.2195,5449175.8316,0
1852_5449,1851971.2195,5449175.8316,0
1853_5449,1852971.2195,5449175.8316,0
1854_5449,1853971.2195,5449175.8316,0
1855_5449,1854971.2195,5449175.8316,0
1856_5449,1855971.2195,5449175.8316,0
1857_5449,1856971.2195,5449175.8316,0
1858_5449,1857971.2195,5449175.8316,0
1859_5449,1858971.2195,5449175.8316,0
1750_5450,1749971.2195,5450175.8316,0
1757_5450,1756971.2195,5450175.8316,0
1758_5450,1757971.2195,5450175.8316,0
1759_5450,1758971.2195,5450175.8316,0
1760_5450,1759971.2195,5450175.8316,0
1761_5450,1760971.2195,5450175.8316,0
1762_5450,1761971.2195,5450175.8316,0
1763_5450,1762971.2195,5450175.8316,0
1764_5450,1763971.2195,5450175.8316,0
1765_5450,1764971.2195,5450175.8316,0
1766_5450,1765971.2195,5450175.8316,0
1767_5450,1766971.2195,5450175.8316,0
1768_5450,1767971.2195,5450175.8316,0
1769_5450,1768971.2195,5450175.8316,0
1770_5450,1769971.2195,5450175.8316,0
1771_5450,1770971.2195,5450175.8316,0
1772_5450,1771971.2195,5450175.8316,0
1773_5450,1772971.2195,5450175.8316,0
1774_5450,1773971.2195,5450175.8316,0
1775_5450,1774971.2195,5450175.8316,0
1776_5450,1775971.2195,5450175.8316,0
1777_5450,1776971.2195,5450175.8316,0
1778_5450,1777971.2195,5450175.8316,0
1779_5450,1778971.2195,5450175.8316,0
1780_5450,1779971.2195,5450175.8316,0
1781_5450,1780971.2195,5450175.8316,0
1782_5450,1781971.2195,5450175.8316,0
1783_5450,1782971.2195,5450175.8316,0
1784_5450,1783971.2195,5450175.8316,0
1785_5450,1784971.2195,5450175.8316,0
1786_5450,1785971.2195,5450175.8316,0
1787_5450,1786971.2195,5450175.8316,0
1788_5450,1787971.2195,5450175.8316,0
1789_5450,1788971.2195,5450175.8316,0
1790_5450,1789971.2195,5450175.8316,0
1791_5450,1790971.2195,5450175.8316,0
1792_5450,1791971.2195,5450175.8316,0
1793_5450,1792971.2195,5450175.8316,0
1794_5450,1793971.2195,5450175.8316,0
1795_5450,1794971.2195,5450175.8316,0
1796_5450,1795971.2195,5450175.8316,0
1797_5450,1796971.2195,5450175.8316,0
1798_5450,1797971.2195,5450175.8316,0
1799_5450,1798971.2195,5450175.8316,0
1800_5450,1799971.2195,5450175.8316,0
1801_5450,1800971.2195,5450175.8316,0
1802_5450,1801971.2195,5450175.8316,0
1803_5450,1802971.2195,5450175.8316,0
1804_5450,1803971.2195,5450175.8316,0
1805_5450,1804971.2195,5450175.8316,0
1806_5450,1805971.2195,5450175.8316,0
1807_5450,1806971.2195,5450175.8316,0
1808_5450,1807971.2195,5450175.8316,0
1809_5450,1808971.2195,5450175.8316,0
1810_5450,1809971.2195,5450175.8316,0
1811_5450,1810971.2195,5450175.8316,0
1812_5450,1811971.2195,5450175.8316,0
1813_5450,1812971.2195,5450175.8316,0
1814_5450,1813971.2195,5450175.8316,0
1815_5450,1814971.2195,5450175.8316,0
1816_5450,1815971.2195,5450175.8316,0
1817_5450,1816971.2195,5450175.8316,0
1818_5450,1817971.2195,5450175.8316,0
1819_5450,1818971.2195,5450175.8316,0
1820_5450,1819971.2195,5450175.8316,0
1821_5450,1820971.2195,5450175.8316,0
1822_5450,1821971.2195,5450175.8316,0
1823_5450,1822971.2195,5450175.8316,0
1824_5450,1823971.2195,5450175.8316,0
1825_5450,1824971.2195,5450175.8316,0
1826_5450,1825971.2195,5450175.8316,0
1827_5450,1826971.2195,5450175.8316,0
1828_5450,1827971.2195,5450175.8316,0
1829_5450,1828971.2195,5450175.8316,0
1830_5450,1829971.2195,5450175.8316,0
1831_5450,1830971.2195,5450175.8316,0
1832_5450,1831971.2195,5450175.8316,0
1833_5450,1832971.2195,5450175.8316,0
1834_5450,1833971.2195,5450175.8316,0
1835_5450,1834971.2195,5450175.8316,0
1836_5450,1835971.2195,5450175.8316,0
1837_5450,1836971.2195,5450175.8316,0
1838_5450,1837971.2195,5450175.8316,0
1839_5450,1838971.2195,5450175.8316,0
1840_5450,1839971.2195,5450175.8316,0
1841_5450,1840971.2195,5450175.8316,0
1842_5450,1841971.2195,5450175.8316,0
1843_5450,1842971.2195,5450175.8316,0
1844_5450,1843971.2195,5450175.8316,0
1845_5450,1844971.2195,5450175.8316,0
1846_5450,1845971.2195,5450175.8316,0
1847_5450,1846971.2195,5450175.8316,0
1848_5450,1847971.2195,5450175.8316,0
1849_5450,1848971.2195,5450175.8316,0
1850_5450,1849971.2195,5450175.8316,0
1851_5450,1850971.2195,5450175.8316,0
1852_5450,1851971.2195,5450175.8316,0
1853_5450,1852971.2195,5450175.8316,0
1854_5450,1853971.2195,5450175.8316,0
1855_5450,1854971.2195,5450175.8316,0
1856_5450,1855971.2195,5450175.8316,0
1857_5450,1856971.2195,5450175.8316,0
1858_5450,1857971.2195,5450175.8316,0
1859_5450,1858971.2195,5450175.8316,0
1860_5450,1859971.2195,5450175.8316,0
1757_5451,1756971.2195,5451175.8316,0
1758_5451,1757971.2195,5451175.8316,0
1759_5451,1758971.2195,5451175.8316,0
1760_5451,1759971.2195,5451175.8316,0
1761_5451,1760971.2195,5451175.8316,0
1762_5451,1761971.2195,5451175.8316,0
1763_5451,1762971.2195,5451175.8316,0
1764_5451,1763971.2195,5451175.8316,0
1765_5451,1764971.2195,5451175.8316,0
1766_5451,1765971.2195,5451175.8316,0
1767_5451,1766971.2195,5451175.8316,0
1768_5451,1767971.2195,5451175.8316,0
1769_5451,1768971.2195,5451175.8316,0
1770_5451,1769971.2195,5451175.8316,0
1771_5451,1770971.2195,5451175.8316,0
1772_5451,1771971.2195,5451175.8316,0
1773_5451,1772971.2195,5451175.8316,0
1774_5451,1773971.2195,5451175.8316,0
1775_5451,1774971.2195,5451175.8316,0
1776_5451,1775971.2195,5451175.8316,0
1777_5451,1776971.2195,5451175.8316,0
1778_5451,1777971.2195,5451175.8316,0
1779_5451,1778971.2195,5451175.8316,0
1780_5451,1779971.2195,5451175.8316,0
1781_5451,1780971.2195,5451175.8316,0
1782_5451,1781971.2195,5451175.8316,0
1783_5451,1782971.2195,5451175.8316,0
1784_5451,1783971.2195,5451175.8316,0
1785_5451,1784971.2195,5451175.8316,0
1786_5451,1785971.2195,5451175.8316,0
1787_5451,1786971.2195,5451175.8316,0
1788_5451,1787971.2195,5451175.8316,0
1789_5451,1788971.2195,5451175.8316,0
1790_5451,1789971.2195,5451175.8316,0
1791_5451,1790971.2195,5451175.8316,0
1792_5451,1791971.2195,5451175.8316,0
1793_5451,1792971.2195,5451175.8316,0
1794_5451,1793971.2195,5451175.8316,0
1795_5451,1794971.2195,5451175.8316,0
1796_5451,1795971.2195,5451175.8316,0
1797_5451,1796971.2195,5451175.8316,0
1798_5451,1797971.2195,5451175.8316,0
1799_5451,1798971.2195,5451175.8316,0
1800_5451,1799971.2195,5451175.8316,0
1801_5451,1800971.2195,5451175.8316,0
1802_5451,1801971.2195,5451175.8316,0
1803_5451,1802971.2195,5451175.8316,0
1804_5451,1803971.2195,5451175.8316,0
1805_5451,1804971.2195,5451175.8316,0
1806_5451,1805971.2195,5451175.8316,0
1807_5451,1806971.2195,5451175.8316,0
1808_5451,1807971.2195,5451175.8316,0
1809_5451,1808971.2195,5451175.8316,0
1810_5451,1809971.2195,5451175.8316,0
1811_5451,1810971.2195,5451175.8316,0
1812_5451,1811971.2195,5451175.8316,0
1813_5451,1812971.2195,5451175.8316,0
1814_5451,1813971.2195,5451175.8316,0
1815_5451,1814971.2195,5451175.8316,0
1816_5451,1815971.2195,5451175.8316,0
1817_5451,1816971.2195,5451175.8316,0
1818_5451,1817971.2195,5451175.8316,0
1819_5451,1818971.2195,5451175.8316,0
1820_5451,1819971.2195,5451175.8316,0
1821_5451,1820971.2195,5451175.8316,0
1822_5451,1821971.2195,5451175.8316,0
1823_5451,1822971.2195,5451175.8316,0
1824_5451,1823971.2195,5451175.8316,0
1825_5451,1824971.2195,5451175.8316,0
1826_5451,1825971.2195,5451175.8316,0
1827_5451,1826971.2195,5451175.8316,0
1828_5451,1827971.2195,5451175.8316,0
1829_5451,1828971.2195,5451175.8316,0
1830_5451,1829971.2195,5451175.8316,0
1831_5451,1830971.2195,5451175.8316,0
1832_5451,1831971.2195,5451175.8316,0
1833_5451,1832971.2195,5451175.8316,0
1834_5451,1833971.2195,5451175.8316,0
1835_5451,1834971.2195,5451175.8316,0
1836_5451,1835971.2195,5451175.8316,0
1837_5451,1836971.2195,5451175.8316,0
1838_5451,1837971.2195,5451175.8316,0
1839_5451,1838971.2195,5451175.8316,0
1840_5451,1839971.2195,5451175.8316,0
1841_5451,1840971.2195,5451175.8316,0
1842_5451,1841971.2195,5451175.8316,0
1843_5451,1842971.2195,5451175.8316,0
1844_5451,1843971.2195,5451175.8316,0
1845_5451,1844971.2195,5451175.8316,0
1846_5451,1845971.2195,5451175.8316,0
1847_5451,1846971.2195,5451175.8316,0
1848_5451,1847971.2195,5451175.8316,0
1849_5451,1848971.2195,5451175.8316,0
1850_5451,1849971.2195,5451175.8316,0
1851_5451,1850971.2195,5451175.8316,0
1852_5451,1851971.2195,5451175.8316,0
1853_5451,1852971.2195,5451175.8316,0
1854_5451,1853971.2195,5451175.8316,0
1855_5451,1854971.2195,5451175.8316,0
1856_5451,1855971.2195,5451175.8316,0
1857_5451,1856971.2195,5451175.8316,0
1858_5451,1857971.2195,5451175.8316,0
1859_5451,1858971.2195,5451175.8316,0
1860_5451,1859971.2195,5451175.8316,0
1756_5452,1755971.2195,5452175.8316,0
1757_5452,1756971.2195,5452175.8316,0
1758_5452,1757971.2195,5452175.8316,0
1759_5452,1758971.2195,5452175.8316,0
1760_5452,1759971.2195,5452175.8316,0
1761_5452,1760971.2195,5452175.8316,0
1762_5452,1761971.2195,5452175.8316,0
1763_5452,1762971.2195,5452175.8316,0
1764_5452,1763971.2195,5452175.8316,0
1765_5452,1764971.2195,5452175.8316,0
1766_5452,1765971.2195,5452175.8316,0
1767_5452,1766971.2195,5452175.8316,0
1768_5452,1767971.2195,5452175.8316,0
1769_5452,1768971.2195,5452175.8316,0
1770_5452,1769971.2195,5452175.8316,0
1771_5452,1770971.2195,5452175.8316,0
1772_5452,1771971.2195,5452175.8316,0
1773_5452,1772971.2195,5452175.8316,0
1774_5452,1773971.2195,5452175.8316,0
1775_5452,1774971.2195,5452175.8316,0
1776_5452,1775971.2195,5452175.8316,0
1777_5452,1776971.2195,5452175.8316,0
1778_5452,1777971.2195,5452175.8316,0
1779_5452,1778971.2195,5452175.8316,0
1780_5452,1779971.2195,5452175.8316,0
1781_5452,1780971.2195,5452175.8316,0
1782_5452,1781971.2195,5452175.8316,0
1783_5452,1782971.2195,5452175.8316,0
1784_5452,1783971.2195,5452175.8316,0
1785_5452,1784971.2195,5452175.8316,0
1786_5452,1785971.2195,5452175.8316,0
1787_5452,1786971.2195,5452175.8316,0
1788_5452,1787971.2195,5452175.8316,0
1789_5452,1788971.2195,5452175.8316,0
1790_5452,1789971.2195,5452175.8316,0
1791_5452,1790971.2195,5452175.8316,0
1792_5452,1791971.2195,5452175.8316,0
1793_5452,1792971.2195,5452175.8316,0
1794_5452,1793971.2195,5452175.8316,0
1795_5452,1794971.2195,5452175.8316,0
1796_5452,1795971.2195,5452175.8316,0
1797_5452,1796971.2195,5452175.8316,0
1798_5452,1797971.2195,5452175.8316,0
1799_5452,1798971.2195,5452175.8316,0
1800_5452,1799971.2195,5452175.8316,0
1801_5452,1800971.2195,5452175.8316,0
1802_5452,1801971.2195,5452175.8316,0
1803_5452,1802971.2195,5452175.8316,0
1804_5452,1803971.2195,5452175.8316,0
1805_5452,1804971.2195,5452175.8316,0
1806_5452,1805971.2195,5452175.8316,0
1807_5452,1806971.2195,5452175.8316,0
1808_5452,1807971.2195,5452175.8316,0
1809_5452,1808971.2195,5452175.8316,0
1810_5452,1809971.2195,5452175.8316,0
1811_5452,1810971.2195,5452175.8316,0
1812_5452,1811971.2195,5452175.8316,0
1813_5452,1812971.2195,5452175.8316,0
1814_5452,1813971.2195,5452175.8316,0
1815_5452,1814971.2195,5452175.8316,0
1816_5452,1815971.2195,5452175.8316,0
1817_5452,1816971.2195,5452175.8316,0
1818_5452,1817971.2195,5452175.8316,0
1819_5452,1818971.2195,5452175.8316,0
1820_5452,1819971.2195,5452175.8316,0
1821_5452,1820971.2195,5452175.8316,0
1822_5452,1821971.2195,5452175.8316,0
1823_5452,1822971.2195,5452175.8316,0
1824_5452,1823971.2195,5452175.8316,0
1825_5452,1824971.2195,5452175.8316,0
1826_5452,1825971.2195,5452175.8316,0
1827_5452,1826971.2195,5452175.8316,0
1828_5452,1827971.2195,5452175.8316,0
1829_5452,1828971.2195,5452175.8316,0
1830_5452,1829971.2195,5452175.8316,0
1831_5452,1830971.2195,5452175.8316,0
1832_5452,1831971.2195,5452175.8316,0
1833_5452,1832971.2195,5452175.8316,0
1834_5452,1833971.2195,5452175.8316,0
1835_5452,1834971.2195,5452175.8316,0
1836_5452,1835971.2195,5452175.8316,0
1837_5452,1836971.2195,5452175.8316,0
1838_5452,1837971.2195,5452175.8316,0
1839_5452,1838971.2195,5452175.8316,0
1840_5452,1839971.2195,5452175.8316,0
1841_5452,1840971.2195,5452175.8316,0
1842_5452,1841971.2195,5452175.8316,0
1843_5452,1842971.2195,5452175.8316,0
1844_5452,1843971.2195,5452175.8316,0
1845_5452,1844971.2195,5452175.8316,0
1846_5452,1845971.2195,5452175.8316,0
1847_5452,1846971.2195,5452175.8316,0
1848_5452,1847971.2195,5452175.8316,0
1849_5452,1848971.2195,5452175.8316,0
1850_5452,1849971.2195,5452175.8316,0
1851_5452,1850971.2195,5452175.8316,0
1852_5452,1851971.2195,5452175.8316,0
1853_5452,1852971.2195,5452175.8316,0
1854_5452,1853971.2195,5452175.8316,0
1855_5452,1854971.2195,5452175.8316,0
1856_5452,1855971.2195,5452175.8316,0
1857_5452,1856971.2195,5452175.8316,0
1858_5452,1857971.2195,5452175.8316,0
1859_5452,1858971.2195,5452175.8316,0
1860_5452,1859971.2195,5452175.8316,0
1755_5453,1754971.2195,5453175.8316,0
1756_5453,1755971.2195,5453175.8316,0
1757_5453,1756971.2195,5453175.8316,0
1758_5453,1757971.2195,5453175.8316,0
1759_5453,1758971.2195,5453175.8316,0
1760_5453,1759971.2195,5453175.8316,0
1761_5453,1760971.2195,5453175.8316,0
1762_5453,1761971.2195,5453175.8316,0
1763_5453,1762971.2195,5453175.8316,0
1764_5453,1763971.2195,5453175.8316,0
1765_5453,1764971.2195,5453175.8316,0
1766_5453,1765971.2195,5453175.8316,0
1767_5453,1766971.2195,5453175.8316,0
1768_5453,1767971.2195,5453175.8316,0
1769_5453,1768971.2195,5453175.8316,0
1770_5453,1769971.2195,5453175.8316,0
1771_5453,1770971.2195,5453175.8316,0
1772_5453,1771971.2195,5453175.8316,0
1773_5453,1772971.2195,5453175.8316,0
1774_5453,1773971.2195,5453175.8316,0
1775_5453,1774971.2195,5453175.8316,0
1776_5453,1775971.2195,5453175.8316,0
1777_5453,1776971.2195,5453175.8316,0
1778_5453,1777971.2195,5453175.8316,0
1779_5453,1778971.2195,5453175.8316,0
1780_5453,1779971.2195,5453175.8316,0
1781_5453,1780971.2195,5453175.8316,0
1782_5453,1781971.2195,5453175.8316,0
1783_5453,1782971.2195,5453175.8316,0
1784_5453,1783971.2195,5453175.8316,0
1785_5453,1784971.2195,5453175.8316,0
1786_5453,1785971.2195,5453175.8316,0
1787_5453,1786971.2195,5453175.8316,0
1788_5453,1787971.2195,5453175.8316,0
1789_5453,1788971.2195,5453175.8316,0
1790_5453,1789971.2195,5453175.8316,0
1791_5453,1790971.2195,5453175.8316,0
1792_5453,1791971.2195,5453175.8316,0
1793_5453,1792971.2195,5453175.8316,0
1794_5453,1793971.2195,5453175.8316,0
1795_5453,1794971.2195,5453175.8316,0
1796_5453,1795971.2195,5453175.8316,0
1797_5453,1796971.2195,5453175.8316,0
1798_5453,1797971.2195,5453175.8316,0
1799_5453,1798971.2195,5453175.8316,0
1800_5453,1799971.2195,5453175.8316,0
1801_5453,1800971.2195,5453175.8316,0
1802_5453,1801971.2195,5453175.8316,0
1803_5453,1802971.2195,5453175.8316,0
1804_5453,1803971.2195,5453175.8316,0
1805_5453,1804971.2195,5453175.8316,0
1806_5453,1805971.2195,5453175.8316,0
1807_5453,1806971.2195,5453175.8316,0
1808_5453,1807971.2195,5453175.8316,0
1809_5453,1808971.2195,5453175.8316,0
1810_5453,1809971.2195,5453175.8316,0
1811_5453,1810971.2195,5453175.8316,0
1812_5453,1811971.2195,5453175.8316,0
1813_5453,1812971.2195,5453175.8316,0
1814_5453,1813971.2195,5453175.8316,0
1815_5453,1814971.2195,5453175.8316,0
1816_5453,1815971.2195,5453175.8316,0
1817_5453,1816971.2195,5453175.8316,0
1818_5453,1817971.2195,5453175.8316,0
1819_5453,1818971.2195,5453175.8316,0
1820_5453,1819971.2195,5453175.8316,0
1821_5453,1820971.2195,5453175.8316,0
1822_5453,1821971.2195,5453175.8316,0
1823_5453,1822971.2195,5453175.8316,0
1824_5453,1823971.2195,5453175.8316,0
1825_5453,1824971.2195,5453175.8316,0
1826_5453,1825971.2195,5453175.8316,0
1827_5453,1826971.2195,5453175.8316,0
1828_5453,1827971.2195,5453175.8316,0
1829_5453,1828971.2195,5453175.8316,0
1830_5453,1829971.2195,5453175.8316,0
1831_5453,1830971.2195,5453175.8316,0
1832_5453,1831971.2195,5453175.8316,0
1833_5453,1832971.2195,5453175.8316,0
1834_5453,1833971.2195,5453175.8316,0
1835_5453,1834971.2195,5453175.8316,0
1836_5453,1835971.2195,5453175.8316,0
1837_5453,1836971.2195,5453175.8316,0
1838_5453,1837971.2195,5453175.8316,0
1839_5453,1838971.2195,5453175.8316,0
1840_5453,1839971.2195,5453175.8316,0
1841_5453,1840971.2195,5453175.8316,0
1842_5453,1841971.2195,5453175.8316,0
1843_5453,1842971.2195,5453175.8316,0
1844_5453,1843971.2195,5453175.8316,0
1845_5453,1844971.2195,5453175.8316,0
1846_5453,1845971.2195,5453175.8316,0
1847_5453,1846971.2195,5453175.8316,0
1848_5453,1847971.2195,5453175.8316,0
1849_5453,1848971.2195,5453175.8316,0
1850_5453,1849971.2195,5453175.8316,0
1851_5453,1850971.2195,5453175.8316,0
1852_5453,1851971.2195,5453175.8316,0
1853_5453,1852971.2195,5453175.8316,0
1854_5453,1853971.2195,5453175.8316,0
1855_5453,1854971.2195,5453175.8316,0
1856_5453,1855971.2195,5453175.8316,0
1857_5453,1856971.2195,5453175.8316,0
1858_5453,1857971.2195,5453175.8316,0
1859_5453,1858971.2195,5453175.8316,0
1860_5453,1859971.2195,5453175.8316,0
1756_5454,1755971.2195,5454175.8316,0
1757_5454,1756971.2195,5454175.8316,0
1758_5454,1757971.2195,5454175.8316,0
1759_5454,1758971.2195,5454175.8316,0
1760_5454,1759971.2195,5454175.8316,0
1761_5454,1760971.2195,5454175.8316,0
1762_5454,1761971.2195,5454175.8316,0
1763_5454,1762971.2195,5454175.8316,0
1764_5454,1763971.2195,5454175.8316,0
1765_5454,1764971.2195,5454175.8316,0
1766_5454,1765971.2195,5454175.8316,0
1767_5454,1766971.2195,5454175.8316,0
1768_5454,1767971.2195,5454175.8316,0
1769_5454,1768971.2195,5454175.8316,0
1770_5454,1769971.2195,5454175.8316,0
1771_5454,1770971.2195,5454175.8316,0
1772_5454,1771971.2195,5454175.8316,0
1773_5454,1772971.2195,5454175.8316,0
1774_5454,1773971.2195,5454175.8316,0
1775_5454,1774971.2195,5454175.8316,0
1776_5454,1775971.2195,5454175.8316,0
1777_5454,1776971.2195,5454175.8316,0
1778_5454,1777971.2195,5454175.8316,0
1779_5454,1778971.2195,5454175.8316,0
1780_5454,1779971.2195,5454175.8316,0
1781_5454,1780971.2195,5454175.8316,0
1782_5454,1781971.2195,5454175.8316,0
1783_5454,1782971.2195,5454175.8316,0
1784_5454,1783971.2195,5454175.8316,0
1785_5454,1784971.2195,5454175.8316,0
1786_5454,1785971.2195,5454175.8316,0
1787_5454,1786971.2195,5454175.8316,0
1788_5454,1787971.2195,5454175.8316,0
1789_5454,1788971.2195,5454175.8316,0
1790_5454,1789971.2195,5454175.8316,0
1791_5454,1790971.2195,5454175.8316,0
1792_5454,1791971.2195,5454175.8316,0
1793_5454,1792971.2195,5454175.8316,0
1794_5454,1793971.2195,5454175.8316,0
1795_5454,1794971.2195,5454175.8316,0
1796_5454,1795971.2195,5454175.8316,0
1797_5454,1796971.2195,5454175.8316,0
1798_5454,1797971.2195,5454175.8316,0
1799_5454,1798971.2195,5454175.8316,0
1800_5454,1799971.2195,5454175.8316,0
1801_5454,1800971.2195,5454175.8316,0
1802_5454,1801971.2195,5454175.8316,0
1803_5454,1802971.2195,5454175.8316,0
1804_5454,1803971.2195,5454175.8316,0
1805_5454,1804971.2195,5454175.8316,0
1806_5454,1805971.2195,5454175.8316,0
1807_5454,1806971.2195,5454175.8316,0
1808_5454,1807971.2195,5454175.8316,0
1809_5454,1808971.2195,5454175.8316,0
1810_5454,1809971.2195,5454175.8316,0
1811_5454,1810971.2195,5454175.8316,0
1812_5454,1811971.2195,5454175.8316,0
1813_5454,1812971.2195,5454175.8316,0
1814_5454,1813971.2195,5454175.8316,0
1815_5454,1814971.2195,5454175.8316,0
1816_5454,1815971.2195,5454175.8316,0
1817_5454,1816971.2195,5454175.8316,0
1818_5454,1817971.2195,5454175.8316,0
1819_5454,1818971.2195,5454175.8316,0
1820_5454,1819971.2195,5454175.8316,0
1821_5454,1820971.2195,5454175.8316,0
1822_5454,1821971.2195,5454175.8316,0
1823_5454,1822971.2195,5454175.8316,0
1824_5454,1823971.2195,5454175.8316,0
1825_5454,1824971.2195,5454175.8316,0
1826_5454,1825971.2195,5454175.8316,0
1827_5454,1826971.2195,5454175.8316,0
1828_5454,1827971.2195,5454175.8316,0
1829_5454,1828971.2195,5454175.8316,0
1830_5454,1829971.2195,5454175.8316,0
1831_5454,1830971.2195,5454175.8316,0
1832_5454,1831971.2195,5454175.8316,0
1833_5454,1832971.2195,5454175.8316,0
1834_5454,1833971.2195,5454175.8316,0
1835_5454,1834971.2195,5454175.8316,0
1836_5454,1835971.2195,5454175.8316,0
1837_5454,1836971.2195,5454175.8316,0
1838_5454,1837971.2195,5454175.8316,0
1839_5454,1838971.2195,5454175.8316,0
1840_5454,1839971.2195,5454175.8316,0
1841_5454,1840971.2195,5454175.8316,0
1842_5454,1841971.2195,5454175.8316,0
1843_5454,1842971.2195,5454175.8316,0
1844_5454,1843971.2195,5454175.8316,0
1845_5454,1844971.2195,5454175.8316,0
1846_5454,1845971.2195,5454175.8316,0
1847_5454,1846971.2195,5454175.8316,0
1848_5454,1847971.2195,5454175.8316,0
1849_5454,1848971.2195,5454175.8316,0
1850_5454,1849971.2195,5454175.8316,0
1851_5454,1850971.2195,5454175.8316,0
1852_5454,1851971.2195,5454175.8316,0
1853_5454,1852971.2195,5454175.8316,0
1854_5454,1853971.2195,5454175.8316,0
1855_5454,1854971.2195,5454175.8316,0
1856_5454,1855971.2195,5454175.8316,0
1857_5454,1856971.2195,5454175.8316,0
1858_5454,1857971.2195,5454175.8316,0
1859_5454,1858971.2195,5454175.8316,0
1860_5454,1859971.2195,5454175.8316,0
1861_5454,1860971.2195,5454175.8316,0
1757_5455,1756971.2195,5455175.8316,0
1758_5455,1757971.2195,5455175.8316,0
1759_5455,1758971.2195,5455175.8316,0
1760_5455,1759971.2195,5455175.8316,0
1761_5455,1760971.2195,5455175.8316,0
1762_5455,1761971.2195,5455175.8316,0
1763_5455,1762971.2195,5455175.8316,0
1764_5455,1763971.2195,5455175.8316,0
1765_5455,1764971.2195,5455175.8316,0
1766_5455,1765971.2195,5455175.8316,0
1767_5455,1766971.2195,5455175.8316,0
1768_5455,1767971.2195,5455175.8316,0
1769_5455,1768971.2195,5455175.8316,0
1770_5455,1769971.2195,5455175.8316,0
1771_5455,1770971.2195,5455175.8316,0
1772_5455,1771971.2195,5455175.8316,0
1773_5455,1772971.2195,5455175.8316,0
1774_5455,1773971.2195,5455175.8316,0
1775_5455,1774971.2195,5455175.8316,0
1776_5455,1775971.2195,5455175.8316,0
1777_5455,1776971.2195,5455175.8316,0
1778_5455,1777971.2195,5455175.8316,0
1779_5455,1778971.2195,5455175.8316,0
1780_5455,1779971.2195,5455175.8316,0
1781_5455,1780971.2195,5455175.8316,0
1782_5455,1781971.2195,5455175.8316,0
1783_5455,1782971.2195,5455175.8316,0
1784_5455,1783971.2195,5455175.8316,0
1785_5455,1784971.2195,5455175.8316,0
1786_5455,1785971.2195,5455175.8316,0
1787_5455,1786971.2195,5455175.8316,0
1788_5455,1787971.2195,5455175.8316,0
1789_5455,1788971.2195,5455175.8316,0
1790_5455,1789971.2195,5455175.8316,0
1791_5455,1790971.2195,5455175.8316,0
1792_5455,1791971.2195,5455175.8316,0
1793_5455,1792971.2195,5455175.8316,0
1794_5455,1793971.2195,5455175.8316,0
1795_5455,1794971.2195,5455175.8316,0
1796_5455,1795971.2195,5455175.8316,0
1797_5455,1796971.2195,5455175.8316,0
1798_5455,1797971.2195,5455175.8316,0
1799_5455,1798971.2195,5455175.8316,0
1800_5455,1799971.2195,5455175.8316,0
1801_5455,1800971.2195,5455175.8316,0
1802_5455,1801971.2195,5455175.8316,0
1803_5455,1802971.2195,5455175.8316,0
1804_5455,1803971.2195,5455175.8316,0
1805_5455,1804971.2195,5455175.8316,0
1806_5455,1805971.2195,5455175.8316,0
1807_5455,1806971.2195,5455175.8316,0
1808_5455,1807971.2195,5455175.8316,0
1809_5455,1808971.2195,5455175.8316,0
1810_5455,1809971.2195,5455175.8316,0
1811_5455,1810971.2195,5455175.8316,0
1812_5455,1811971.2195,5455175.8316,0
1813_5455,1812971.2195,5455175.8316,0
1814_5455,1813971.2195,5455175.8316,0
1815_5455,1814971.2195,5455175.8316,0
1816_5455,1815971.2195,5455175.8316,0
1817_5455,1816971.2195,5455175.8316,0
1818_5455,1817971.2195,5455175.8316,0
1819_5455,1818971.2195,5455175.8316,0
1820_5455,1819971.2195,5455175.8316,0
1821_5455,1820971.2195,5455175.8316,0
1822_5455,1821971.2195,5455175.8316,0
1823_5455,1822971.2195,5455175.8316,0
1824_5455,1823971.2195,5455175.8316,0
1825_5455,1824971.2195,5455175.8316,0
1826_5455,1825971.2195,5455175.8316,0
1827_5455,1826971.2195,5455175.8316,0
1828_5455,1827971.2195,5455175.8316,0
1829_5455,1828971.2195,5455175.8316,0
1830_5455,1829971.2195,5455175.8316,0
1831_5455,1830971.2195,5455175.8316,0
1832_5455,1831971.2195,5455175.8316,0
1833_5455,1832971.2195,5455175.8316,0
1834_5455,1833971.2195,5455175.8316,0
1835_5455,1834971.2195,5455175.8316,0
1836_5455,1835971.2195,5455175.8316,0
1837_5455,1836971.2195,5455175.8316,0
1838_5455,1837971.2195,5455175.8316,0
1839_5455,1838971.2195,5455175.8316,0
1840_5455,1839971.2195,5455175.8316,0
1841_5455,1840971.2195,5455175.8316,0
1842_5455,1841971.2195,5455175.8316,0
1843_5455,1842971.2195,5455175.8316,0
1844_5455,1843971.2195,5455175.8316,0
1845_5455,1844971.2195,5455175.8316,0
1846_5455,1845971.2195,5455175.8316,0
1847_5455,1846971.2195,5455175.8316,0
1848_5455,1847971.2195,5455175.8316,0
1849_5455,1848971.2195,5455175.8316,0
1850_5455,1849971.2195,5455175.8316,0
1851_5455,1850971.2195,5455175.8316,0
1852_5455,1851971.2195,5455175.8316,0
1853_5455,1852971.2195,5455175.8316,0
1854_5455,1853971.2195,5455175.8316,0
1855_5455,1854971.2195,5455175.8316,0
1856_5455,1855971.2195,5455175.8316,0
1857_5455,1856971.2195,5455175.8316,0
1858_5455,1857971.2195,5455175.8316,0
1859_5455,1858971.2195,5455175.8316,0
1860_5455,1859971.2195,5455175.8316,0
1861_5455,1860971.2195,5455175.8316,0
1758_5456,1757971.2195,5456175.8316,0
1759_5456,1758971.2195,5456175.8316,0
1760_5456,1759971.2195,5456175.8316,0
1761_5456,1760971.2195,5456175.8316,0
1762_5456,1761971.2195,5456175.8316,0
1763_5456,1762971.2195,5456175.8316,0
1764_5456,1763971.2195,5456175.8316,0
1765_5456,1764971.2195,5456175.8316,0
1766_5456,1765971.2195,5456175.8316,0
1767_5456,1766971.2195,5456175.8316,0
1768_5456,1767971.2195,5456175.8316,0
1769_5456,1768971.2195,5456175.8316,0
1770_5456,1769971.2195,5456175.8316,0
1771_5456,1770971.2195,5456175.8316,0
1772_5456,1771971.2195,5456175.8316,0
1773_5456,1772971.2195,5456175.8316,0
1774_5456,1773971.2195,5456175.8316,0
1775_5456,1774971.2195,5456175.8316,0
1776_5456,1775971.2195,5456175.8316,0
1777_5456,1776971.2195,5456175.8316,0
1778_5456,1777971.2195,5456175.8316,0
1779_5456,1778971.2195,5456175.8316,0
1780_5456,1779971.2195,5456175.8316,0
1781_5456,1780971.2195,5456175.8316,0
1782_5456,1781971.2195,5456175.8316,0
1783_5456,1782971.2195,5456175.8316,0
1784_5456,1783971.2195,5456175.8316,0
1785_5456,1784971.2195,5456175.8316,0
1786_5456,1785971.2195,5456175.8316,0
1787_5456,1786971.2195,5456175.8316,0
1788_5456,1787971.2195,5456175.8316,0
1789_5456,1788971.2195,5456175.8316,0
1790_5456,1789971.2195,5456175.8316,0
1791_5456,1790971.2195,5456175.8316,0
1792_5456,1791971.2195,5456175.8316,0
1793_5456,1792971.2195,5456175.8316,0
1794_5456,1793971.2195,5456175.8316,0
1795_5456,1794971.2195,5456175.8316,0
1796_5456,1795971.2195,5456175.8316,0
1797_5456,1796971.2195,5456175.8316,0
1798_5456,1797971.2195,5456175.8316,0
1799_5456,1798971.2195,5456175.8316,0
1800_5456,1799971.2195,5456175.8316,0
1801_5456,1800971.2195,5456175.8316,0
1802_5456,1801971.2195,5456175.8316,0
1803_5456,1802971.2195,5456175.8316,0
1804_5456,1803971.2195,5456175.8316,0
1805_5456,1804971.2195,5456175.8316,0
1806_5456,1805971.2195,5456175.8316,0
1807_5456,1806971.2195,5456175.8316,0
1808_5456,1807971.2195,5456175.8316,0
1809_5456,1808971.2195,5456175.8316,0
1810_5456,1809971.2195,5456175.8316,0
1811_5456,1810971.2195,5456175.8316,0
1812_5456,1811971.2195,5456175.8316,0
1813_5456,1812971.2195,5456175.8316,0
1814_5456,1813971.2195,5456175.8316,0
1815_5456,1814971.2195,5456175.8316,0
1816_5456,1815971.2195,5456175.8316,0
1817_5456,1816971.2195,5456175.8316,0
1818_5456,1817971.2195,5456175.8316,0
1819_5456,1818971.2195,5456175.8316,0
1820_5456,1819971.2195,5456175.8316,0
1821_5456,1820971.2195,5456175.8316,0
1822_5456,1821971.2195,5456175.8316,0
1823_5456,1822971.2195,5456175.8316,0
1824_5456,1823971.2195,5456175.8316,0
1825_5456,1824971.2195,5456175.8316,0
1826_5456,1825971.2195,5456175.8316,0
1827_5456,1826971.2195,5456175.8316,0
1828_5456,1827971.2195,5456175.8316,0
1829_5456,1828971.2195,5456175.8316,0
1830_5456,1829971.2195,5456175.8316,0
1831_5456,1830971.2195,5456175.8316,0
1832_5456,1831971.2195,5456175.8316,0
1833_5456,1832971.2195,5456175.8316,0
1834_5456,1833971.2195,5456175.8316,0
1835_5456,1834971.2195,5456175.8316,0
1836_5456,1835971.2195,5456175.8316,0
1837_5456,1836971.2195,5456175.8316,0
1838_5456,1837971.2195,5456175.8316,0
1839_5456,1838971.2195,5456175.8316,0
1840_5456,1839971.2195,5456175.8316,0
1841_5456,1840971.2195,5456175.8316,0
1842_5456,1841971.2195,5456175.8316,0
1843_5456,1842971.2195,5456175.8316,0
1844_5456,1843971.2195,5456175.8316,0
1845_5456,1844971.2195,5456175.8316,0
1846_5456,1845971.2195,5456175.8316,0
1847_5456,1846971.2195,5456175.8316,0
1848_5456,1847971.2195,5456175.8316,0
1849_5456,1848971.2195,5456175.8316,0
1850_5456,1849971.2195,5456175.8316,0
1851_5456,1850971.2195,5456175.8316,0
1852_5456,1851971.2195,5456175.8316,0
1853_5456,1852971.2195,5456175.8316,0
1854_5456,1853971.2195,5456175.8316,0
1855_5456,1854971.2195,5456175.8316,0
1856_5456,1855971.2195,5456175.8316,0
1857_5456,1856971.2195,5456175.8316,0
1858_5456,1857971.2195,5456175.8316,0
1859_5456,1858971.2195,5456175.8316,0
1860_5456,1859971.2195,5456175.8316,0
1861_5456,1860971.2195,5456175.8316,0
1862_5456,1861971.2195,5456175.8316,0
1761_5457,1760971.2195,5457175.8316,0
1762_5457,1761971.2195,5457175.8316,0
1763_5457,1762971.2195,5457175.8316,0
1764_5457,1763971.2195,5457175.8316,0
1765_5457,1764971.2195,5457175.8316,0
1766_5457,1765971.2195,5457175.8316,0
1767_5457,1766971.2195,5457175.8316,0
1768_5457,1767971.2195,5457175.8316,0
1769_5457,1768971.2195,5457175.8316,0
1770_5457,1769971.2195,5457175.8316,0
1771_5457,1770971.2195,5457175.8316,0
1772_5457,1771971.2195,5457175.8316,0
1773_5457,1772971.2195,5457175.8316,0
1774_5457,1773971.2195,5457175.8316,0
1775_5457,1774971.2195,5457175.8316,0
1776_5457,1775971.2195,5457175.8316,0
1777_5457,1776971.2195,5457175.8316,0
1778_5457,1777971.2195,5457175.8316,0
1779_5457,1778971.2195,5457175.8316,0
1780_5457,1779971.2195,5457175.8316,0
1781_5457,1780971.2195,5457175.8316,0
1782_5457,1781971.2195,5457175.8316,0
1783_5457,1782971.2195,5457175.8316,0
1784_5457,1783971.2195,5457175.8316,0
1785_5457,1784971.2195,5457175.8316,0
1786_5457,1785971.2195,5457175.8316,0
1787_5457,1786971.2195,5457175.8316,0
1788_5457,1787971.2195,5457175.8316,0
1789_5457,1788971.2195,5457175.8316,0
1790_5457,1789971.2195,5457175.8316,0
1791_5457,1790971.2195,5457175.8316,0
1792_5457,1791971.2195,5457175.8316,0
1793_5457,1792971.2195,5457175.8316,0
1794_5457,1793971.2195,5457175.8316,0
1795_5457,1794971.2195,5457175.8316,0
1796_5457,1795971.2195,5457175.8316,0
1797_5457,1796971.2195,5457175.8316,0
1798_5457,1797971.2195,5457175.8316,0
1799_5457,1798971.2195,5457175.8316,0
1800_5457,1799971.2195,5457175.8316,0
1801_5457,1800971.2195,5457175.8316,0
1802_5457,1801971.2195,5457175.8316,0
1803_5457,1802971.2195,5457175.8316,0
1804_5457,1803971.2195,5457175.8316,0
1805_5457,1804971.2195,5457175.8316,0
1806_5457,1805971.2195,5457175.8316,0
1807_5457,1806971.2195,5457175.8316,0
1808_5457,1807971.2195,5457175.8316,0
1809_5457,1808971.2195,5457175.8316,0
1810_5457,1809971.2195,5457175.8316,0
1811_5457,1810971.2195,5457175.8316,0
1812_5457,1811971.2195,5457175.8316,0
1813_5457,1812971.2195,5457175.8316,0
1814_5457,1813971.2195,5457175.8316,0
1815_5457,1814971.2195,5457175.8316,0
1816_5457,1815971.2195,5457175.8316,0
1817_5457,1816971.2195,5457175.8316,0
1818_5457,1817971.2195,5457175.8316,0
1819_5457,1818971.2195,5457175.8316,0
1820_5457,1819971.2195,5457175.8316,0
1821_5457,1820971.2195,5457175.8316,0
1822_5457,1821971.2195,5457175.8316,0
1823_5457,1822971.2195,5457175.8316,0
1824_5457,1823971.2195,5457175.8316,0
1825_5457,1824971.2195,5457175.8316,0
1826_5457,1825971.2195,5457175.8316,0
1827_5457,1826971.2195,5457175.8316,0
1828_5457,1827971.2195,5457175.8316,0
1829_5457,1828971.2195,5457175.8316,0
1830_5457,1829971.2195,5457175.8316,0
1831_5457,1830971.2195,5457175.8316,0
1832_5457,1831971.2195,5457175.8316,0
1833_5457,1832971.2195,5457175.8316,0
1834_5457,1833971.2195,5457175.8316,0
1835_5457,1834971.2195,5457175.8316,0
1836_5457,1835971.2195,5457175.8316,0
1837_5457,1836971.2195,5457175.8316,0
1838_5457,1837971.2195,5457175.8316,0
1839_5457,1838971.2195,5457175.8316,0
1840_5457,1839971.2195,5457175.8316,0
1841_5457,1840971.2195,5457175.8316,0
1842_5457,1841971.2195,5457175.8316,0
1843_5457,1842971.2195,5457175.8316,0
1844_5457,1843971.2195,5457175.8316,0
1845_5457,1844971.2195,5457175.8316,0
1846_5457,1845971.2195,5457175.8316,0
1847_5457,1846971.2195,5457175.8316,0
1848_5457,1847971.2195,5457175.8316,0
1849_5457,1848971.2195,5457175.8316,0
1850_5457,1849971.2195,5457175.8316,0
1851_5457,1850971.2195,5457175.8316,0
1852_5457,1851971.2195,5457175.8316,0
1853_5457,1852971.2195,5457175.8316,0
1854_5457,1853971.2195,5457175.8316,0
1855_5457,1854971.2195,5457175.8316,0
1856_5457,1855971.2195,5457175.8316,0
1857_5457,1856971.2195,5457175.8316,0
1858_5457,1857971.2195,5457175.8316,0
1859_5457,1858971.2195,5457175.8316,0
1860_5457,1859971.2195,5457175.8316,0
1861_5457,1860971.2195,5457175.8316,0
1862_5457,1861971.2195,5457175.8316,0
1863_5457,1862971.2195,5457175.8316,0
1762_5458,1761971.2195,5458175.8316,0
1763_5458,1762971.2195,5458175.8316,0
1764_5458,1763971.2195,5458175.8316,0
1765_5458,1764971.2195,5458175.8316,0
1766_5458,1765971.2195,5458175.8316,0
1767_5458,1766971.2195,5458175.8316,0
1768_5458,1767971.2195,5458175.8316,0
1769_5458,1768971.2195,5458175.8316,0
1770_5458,1769971.2195,5458175.8316,0
1771_5458,1770971.2195,5458175.8316,0
1772_5458,1771971.2195,5458175.8316,0
1773_5458,1772971.2195,5458175.8316,0
1774_5458,1773971.2195,5458175.8316,0
1775_5458,1774971.2195,5458175.8316,0
1776_5458,1775971.2195,5458175.8316,0
1777_5458,1776971.2195,5458175.8316,0
1778_5458,1777971.2195,5458175.8316,0
1779_5458,1778971.2195,5458175.8316,0
1780_5458,1779971.2195,5458175.8316,0
1781_5458,1780971.2195,5458175.8316,0
1782_5458,1781971.2195,5458175.8316,0
1783_5458,1782971.2195,5458175.8316,0
1784_5458,1783971.2195,5458175.8316,0
1785_5458,1784971.2195,5458175.8316,0
1786_5458,1785971.2195,5458175.8316,0
1787_5458,1786971.2195,5458175.8316,0
1788_5458,1787971.2195,5458175.8316,0
1789_5458,1788971.2195,5458175.8316,0
1790_5458,1789971.2195,5458175.8316,0
1791_5458,1790971.2195,5458175.8316,0
1792_5458,1791971.2195,5458175.8316,0
1793_5458,1792971.2195,5458175.8316,0
1794_5458,1793971.2195,5458175.8316,0
1795_5458,1794971.2195,5458175.8316,0
1796_5458,1795971.2195,5458175.8316,0
1797_5458,1796971.2195,5458175.8316,0
1798_5458,1797971.2195,5458175.8316,0
1799_5458,1798971.2195,5458175.8316,0
1800_5458,1799971.2195,5458175.8316,0
1801_5458,1800971.2195,5458175.8316,0
1802_5458,1801971.2195,5458175.8316,0
1803_5458,1802971.2195,5458175.8316,0
1804_5458,1803971.2195,5458175.8316,0
1805_5458,1804971.2195,5458175.8316,0
1806_5458,1805971.2195,5458175.8316,0
1807_5458,1806971.2195,5458175.8316,0
1808_5458,1807971.2195,5458175.8316,0
1809_5458,1808971.2195,5458175.8316,0
1810_5458,1809971.2195,5458175.8316,0
1811_5458,1810971.2195,5458175.8316,0
1812_5458,1811971.2195,5458175.8316,0
1813_5458,1812971.2195,5458175.8316,0
1814_5458,1813971.2195,5458175.8316,0
1815_5458,1814971.2195,5458175.8316,0
1816_5458,1815971.2195,5458175.8316,0
1817_5458,1816971.2195,5458175.8316,0
1818_5458,1817971.2195,5458175.8316,0
1819_5458,1818971.2195,5458175.8316,0
1820_5458,1819971.2195,5458175.8316,0
1821_5458,1820971.2195,5458175.8316,0
1822_5458,1821971.2195,5458175.8316,0
1823_5458,1822971.2195,5458175.8316,0
1824_5458,1823971.2195,5458175.8316,0
1825_5458,1824971.2195,5458175.8316,0
1826_5458,1825971.2195,5458175.8316,0
1827_5458,1826971.2195,5458175.8316,0
1828_5458,1827971.2195,5458175.8316,0
1829_5458,1828971.2195,5458175.8316,0
1830_5458,1829971.2195,5458175.8316,0
1831_5458,1830971.2195,5458175.8316,0
1832_5458,1831971.2195,5458175.8316,0
1833_5458,1832971.2195,5458175.8316,0
1834_5458,1833971.2195,5458175.8316,0
1835_5458,1834971.2195,5458175.8316,0
1836_5458,1835971.2195,5458175.8316,0
1837_5458,1836971.2195,5458175.8316,0
1838_5458,1837971.2195,5458175.8316,0
1839_5458,1838971.2195,5458175.8316,0
1840_5458,1839971.2195,5458175.8316,0
1841_5458,1840971.2195,5458175.8316,0
1842_5458,1841971.2195,5458175.8316,0
1843_5458,1842971.2195,5458175.8316,0
1844_5458,1843971.2195,5458175.8316,0
1845_5458,1844971.2195,5458175.8316,0
1846_5458,1845971.2195,5458175.8316,0
1847_5458,1846971.2195,5458175.8316,0
1848_5458,1847971.2195,5458175.8316,0
1849_5458,1848971.2195,5458175.8316,0
1850_5458,1849971.2195,5458175.8316,0
1851_5458,1850971.2195,5458175.8316,0
1852_5458,1851971.2195,5458175.8316,0
1853_5458,1852971.2195,5458175.8316,0
1854_5458,1853971.2195,5458175.8316,0
1855_5458,1854971.2195,5458175.8316,0
1856_5458,1855971.2195,5458175.8316,0
1857_5458,1856971.2195,5458175.8316,0
1858_5458,1857971.2195,5458175.8316,0
1859_5458,1858971.2195,5458175.8316,0
1860_5458,1859971.2195,5458175.8316,0
1861_5458,1860971.2195,5458175.8316,0
1862_5458,1861971.2195,5458175.8316,0
1863_5458,1862971.2195,5458175.8316,0
1763_5459,1762971.2195,5459175.8316,0
1764_5459,1763971.2195,5459175.8316,0
1765_5459,1764971.2195,5459175.8316,0
1766_5459,1765971.2195,5459175.8316,0
1767_5459,1766971.2195,5459175.8316,0
1768_5459,1767971.2195,5459175.8316,0
1769_5459,1768971.2195,5459175.8316,0
1770_5459,1769971.2195,5459175.8316,0
1771_5459,1770971.2195,5459175.8316,0
1772_5459,1771971.2195,5459175.8316,0
1773_5459,1772971.2195,5459175.8316,0
1774_5459,1773971.2195,5459175.8316,0
1775_5459,1774971.2195,5459175.8316,0
1776_5459,1775971.2195,5459175.8316,0
1777_5459,1776971.2195,5459175.8316,0
1778_5459,1777971.2195,5459175.8316,0
1779_5459,1778971.2195,5459175.8316,0
1780_5459,1779971.2195,5459175.8316,0
1781_5459,1780971.2195,5459175.8316,0
1782_5459,1781971.2195,5459175.8316,0
1783_5459,1782971.2195,5459175.8316,0
1784_5459,1783971.2195,5459175.8316,0
1785_5459,1784971.2195,5459175.8316,0
1786_5459,1785971.2195,5459175.8316,0
1787_5459,1786971.2195,5459175.8316,0
1788_5459,1787971.2195,5459175.8316,0
1789_5459,1788971.2195,5459175.8316,0
1790_5459,1789971.2195,5459175.8316,0
1791_5459,1790971.2195,5459175.8316,0
1792_5459,1791971.2195,5459175.8316,0
1793_5459,1792971.2195,5459175.8316,0
1794_5459,1793971.2195,5459175.8316,0
1795_5459,1794971.2195,5459175.8316,0
1796_5459,1795971.2195,5459175.8316,0
1797_5459,1796971.2195,5459175.8316,0
1798_5459,1797971.2195,5459175.8316,0
1799_5459,1798971.2195,5459175.8316,0
1800_5459,1799971.2195,5459175.8316,0
1801_5459,1800971.2195,5459175.8316,0
1802_5459,1801971.2195,5459175.8316,0
1803_5459,1802971.2195,5459175.8316,0
1804_5459,1803971.2195,5459175.8316,0
1805_5459,1804971.2195,5459175.8316,0
1806_5459,1805971.2195,5459175.8316,0
1807_5459,1806971.2195,5459175.8316,0
1808_5459,1807971.2195,5459175.8316,0
1809_5459,1808971.2195,5459175.8316,0
1810_5459,1809971.2195,5459175.8316,0
1811_5459,1810971.2195,5459175.8316,0
1812_5459,1811971.2195,5459175.8316,0
1813_5459,1812971.2195,5459175.8316,0
1814_5459,1813971.2195,5459175.8316,0
1815_5459,1814971.2195,5459175.8316,0
1816_5459,1815971.2195,5459175.8316,0
1817_5459,1816971.2195,5459175.8316,0
1818_5459,1817971.2195,5459175.8316,0
1819_5459,1818971.2195,5459175.8316,0
1820_5459,1819971.2195,5459175.8316,0
1821_5459,1820971.2195,5459175.8316,0
1822_5459,1821971.2195,5459175.8316,0
1823_5459,1822971.2195,5459175.8316,0
1824_5459,1823971.2195,5459175.8316,0
1825_5459,1824971.2195,5459175.8316,0
1826_5459,1825971.2195,5459175.8316,0
1827_5459,1826971.2195,5459175.8316,0
1828_5459,1827971.2195,5459175.8316,0
1829_5459,1828971.2195,5459175.8316,0
1830_5459,1829971.2195,5459175.8316,0
1831_5459,1830971.2195,5459175.8316,0
1832_5459,1831971.2195,5459175.8316,0
1833_5459,1832971.2195,5459175.8316,0
1834_5459,1833971.2195,5459175.8316,0
1835_5459,1834971.2195,5459175.8316,0
1836_5459,1835971.2195,5459175.8316,0
1837_5459,1836971.2195,5459175.8316,0
1838_5459,1837971.2195,5459175.8316,0
1839_5459,1838971.2195,5459175.8316,0
1840_5459,1839971.2195,5459175.8316,0
1841_5459,1840971.2195,5459175.8316,0
1842_5459,1841971.2195,5459175.8316,0
1843_5459,1842971.2195,5459175.8316,0
1844_5459,1843971.2195,5459175.8316,0
1845_5459,1844971.2195,5459175.8316,0
1846_5459,1845971.2195,5459175.8316,0
1847_5459,1846971.2195,5459175.8316,0
1848_5459,1847971.2195,5459175.8316,0
1849_5459,1848971.2195,5459175.8316,0
1850_5459,1849971.2195,5459175.8316,0
1851_5459,1850971.2195,5459175.8316,0
1852_5459,1851971.2195,5459175.8316,0
1853_5459,1852971.2195,5459175.8316,0
1854_5459,1853971.2195,5459175.8316,0
1855_5459,1854971.2195,5459175.8316,0
1856_5459,1855971.2195,5459175.8316,0
1857_5459,1856971.2195,5459175.8316,0
1858_5459,1857971.2195,5459175.8316,0
1859_5459,1858971.2195,5459175.8316,0
1860_5459,1859971.2195,5459175.8316,0
1861_5459,1860971.2195,5459175.8316,0
1862_5459,1861971.2195,5459175.8316,0
1863_5459,1862971.2195,5459175.8316,0
1764_5460,1763971.2195,5460175.8316,0
1765_5460,1764971.2195,5460175.8316,0
1766_5460,1765971.2195,5460175.8316,0
1767_5460,1766971.2195,5460175.8316,0
1768_5460,1767971.2195,5460175.8316,0
1769_5460,1768971.2195,5460175.8316,0
1770_5460,1769971.2195,5460175.8316,0
1771_5460,1770971.2195,5460175.8316,0
1772_5460,1771971.2195,5460175.8316,0
1773_5460,1772971.2195,5460175.8316,0
1774_5460,1773971.2195,5460175.8316,0
1775_5460,1774971.2195,5460175.8316,0
1776_5460,1775971.2195,5460175.8316,0
1777_5460,1776971.2195,5460175.8316,0
1778_5460,1777971.2195,5460175.8316,0
1779_5460,1778971.2195,5460175.8316,0
1780_5460,1779971.2195,5460175.8316,0
1781_5460,1780971.2195,5460175.8316,0
1782_5460,1781971.2195,5460175.8316,0
1783_5460,1782971.2195,5460175.8316,0
1784_5460,1783971.2195,5460175.8316,0
1785_5460,1784971.2195,5460175.8316,0
1786_5460,1785971.2195,5460175.8316,0
1787_5460,1786971.2195,5460175.8316,0
1788_5460,1787971.2195,5460175.8316,0
1789_5460,1788971.2195,5460175.8316,0
1790_5460,1789971.2195,5460175.8316,0
1791_5460,1790971.2195,5460175.8316,0
1792_5460,1791971.2195,5460175.8316,0
1793_5460,1792971.2195,5460175.8316,0
1794_5460,1793971.2195,5460175.8316,0
1795_5460,1794971.2195,5460175.8316,0
1796_5460,1795971.2195,5460175.8316,0
1797_5460,1796971.2195,5460175.8316,0
1798_5460,1797971.2195,5460175.8316,0
1799_5460,1798971.2195,5460175.8316,0
1800_5460,1799971.2195,5460175.8316,0
1801_5460,1800971.2195,5460175.8316,0
1802_5460,1801971.2195,5460175.8316,0
1803_5460,1802971.2195,5460175.8316,0
1804_5460,1803971.2195,5460175.8316,0
1805_5460,1804971.2195,5460175.8316,0
1806_5460,1805971.2195,5460175.8316,0
1807_5460,1806971.2195,5460175.8316,0
1808_5460,1807971.2195,5460175.8316,0
1809_5460,1808971.2195,5460175.8316,0
1810_5460,1809971.2195,5460175.8316,0
1811_5460,1810971.2195,5460175.8316,0
1812_5460,1811971.2195,5460175.8316,0
1813_5460,1812971.2195,5460175.8316,0
1814_5460,1813971.2195,5460175.8316,0
1815_5460,1814971.2195,5460175.8316,0
1816_5460,1815971.2195,5460175.8316,0
1817_5460,1816971.2195,5460175.8316,0
1818_5460,1817971.2195,5460175.8316,0
1819_5460,1818971.2195,5460175.8316,0
1820_5460,1819971.2195,5460175.8316,0
1821_5460,1820971.2195,5460175.8316,0
1822_5460,1821971.2195,5460175.8316,0
1823_5460,1822971.2195,5460175.8316,0
1824_5460,1823971.2195,5460175.8316,0
1825_5460,1824971.2195,5460175.8316,0
1826_5460,1825971.2195,5460175.8316,0
1827_5460,1826971.2195,5460175.8316,0
1828_5460,1827971.2195,5460175.8316,0
1829_5460,1828971.2195,5460175.8316,0
1830_5460,1829971.2195,5460175.8316,0
1831_5460,1830971.2195,5460175.8316,0
1832_5460,1831971.2195,5460175.8316,0
1833_5460,1832971.2195,5460175.8316,0
1834_5460,1833971.2195,5460175.8316,0
1835_5460,1834971.2195,5460175.8316,0
1836_5460,1835971.2195,5460175.8316,0
1837_5460,1836971.2195,5460175.8316,0
1838_5460,1837971.2195,5460175.8316,0
1839_5460,1838971.2195,5460175.8316,0
1840_5460,1839971.2195,5460175.8316,0
1841_5460,1840971.2195,5460175.8316,0
1842_5460,1841971.2195,5460175.8316,0
1843_5460,1842971.2195,5460175.8316,0
1844_5460,1843971.2195,5460175.8316,0
1845_5460,1844971.2195,5460175.8316,0
1846_5460,1845971.2195,5460175.8316,0
1847_5460,1846971.2195,5460175.8316,0
1848_5460,1847971.2195,5460175.8316,0
1849_5460,1848971.2195,5460175.8316,0
1850_5460,1849971.2195,5460175.8316,0
1851_5460,1850971.2195,5460175.8316,0
1852_5460,1851971.2195,5460175.8316,0
1853_5460,1852971.2195,5460175.8316,0
1854_5460,1853971.2195,5460175.8316,0
1855_5460,1854971.2195,5460175.8316,0
1856_5460,1855971.2195,5460175.8316,0
1857_5460,1856971.2195,5460175.8316,0
1858_5460,1857971.2195,5460175.8316,0
1859_5460,1858971.2195,5460175.8316,0
1860_5460,1859971.2195,5460175.8316,0
1861_5460,1860971.2195,5460175.8316,0
1862_5460,1861971.2195,5460175.8316,0
1863_5460,1862971.2195,5460175.8316,0
1864_5460,1863971.2195,5460175.8316,0
1765_5461,1764971.2195,5461175.8316,0
1766_5461,1765971.2195,5461175.8316,0
1767_5461,1766971.2195,5461175.8316,0
1768_5461,1767971.2195,5461175.8316,0
1769_5461,1768971.2195,5461175.8316,0
1770_5461,1769971.2195,5461175.8316,0
1771_5461,1770971.2195,5461175.8316,0
1772_5461,1771971.2195,5461175.8316,0
1773_5461,1772971.2195,5461175.8316,0
1774_5461,1773971.2195,5461175.8316,0
1775_5461,1774971.2195,5461175.8316,0
1776_5461,1775971.2195,5461175.8316,0
1777_5461,1776971.2195,5461175.8316,0
1778_5461,1777971.2195,5461175.8316,0
1779_5461,1778971.2195,5461175.8316,0
1780_5461,1779971.2195,5461175.8316,0
1781_5461,1780971.2195,5461175.8316,0
1782_5461,1781971.2195,5461175.8316,0
1783_5461,1782971.2195,5461175.8316,0
1784_5461,1783971.2195,5461175.8316,0
1785_5461,1784971.2195,5461175.8316,0
1786_5461,1785971.2195,5461175.8316,0
1787_5461,1786971.2195,5461175.8316,0
1788_5461,1787971.2195,5461175.8316,0
1789_5461,1788971.2195,5461175.8316,0
1790_5461,1789971.2195,5461175.8316,0
1791_5461,1790971.2195,5461175.8316,0
1792_5461,1791971.2195,5461175.8316,0
1793_5461,1792971.2195,5461175.8316,0
1794_5461,1793971.2195,5461175.8316,0
1795_5461,1794971.2195,5461175.8316,0
1796_5461,1795971.2195,5461175.8316,0
1797_5461,1796971.2195,5461175.8316,0
1798_5461,1797971.2195,5461175.8316,0
1799_5461,1798971.2195,5461175.8316,0
1800_5461,1799971.2195,5461175.8316,0
1801_5461,1800971.2195,5461175.8316,0
1802_5461,1801971.2195,5461175.8316,0
1803_5461,1802971.2195,5461175.8316,0
1804_5461,1803971.2195,5461175.8316,0
1805_5461,1804971.2195,5461175.8316,0
1806_5461,1805971.2195,5461175.8316,0
1807_5461,1806971.2195,5461175.8316,0
1808_5461,1807971.2195,5461175.8316,0
1809_5461,1808971.2195,5461175.8316,0
1810_5461,1809971.2195,5461175.8316,0
1811_5461,1810971.2195,5461175.8316,0
1812_5461,1811971.2195,5461175.8316,0
1813_5461,1812971.2195,5461175.8316,0
1814_5461,1813971.2195,5461175.8316,0
1815_5461,1814971.2195,5461175.8316,0
1816_5461,1815971.2195,5461175.8316,0
1817_5461,1816971.2195,5461175.8316,0
1818_5461,1817971.2195,5461175.8316,0
1819_5461,1818971.2195,5461175.8316,0
1820_5461,1819971.2195,5461175.8316,0
1821_5461,1820971.2195,5461175.8316,0
1822_5461,1821971.2195,5461175.8316,0
1823_5461,1822971.2195,5461175.8316,0
1824_5461,1823971.2195,5461175.8316,0
1825_5461,1824971.2195,5461175.8316,0
1826_5461,1825971.2195,5461175.8316,0
1827_5461,1826971.2195,5461175.8316,0
1828_5461,1827971.2195,5461175.8316,0
1829_5461,1828971.2195,5461175.8316,0
1830_5461,1829971.2195,5461175.8316,0
1831_5461,1830971.2195,5461175.8316,0
1832_5461,1831971.2195,5461175.8316,0
1833_5461,1832971.2195,5461175.8316,0
1834_5461,1833971.2195,5461175.8316,0
1835_5461,1834971.2195,5461175.8316,0
1836_5461,1835971.2195,5461175.8316,0
1837_5461,1836971.2195,5461175.8316,0
1838_5461,1837971.2195,5461175.8316,0
1839_5461,1838971.2195,5461175.8316,0
1840_5461,1839971.2195,5461175.8316,0
1841_5461,1840971.2195,5461175.8316,0
1842_5461,1841971.2195,5461175.8316,0
1843_5461,1842971.2195,5461175.8316,0
1844_5461,1843971.2195,5461175.8316,0
1845_5461,1844971.2195,5461175.8316,0
1846_5461,1845971.2195,5461175.8316,0
1847_5461,1846971.2195,5461175.8316,0
1848_5461,1847971.2195,5461175.8316,0
1849_5461,1848971.2195,5461175.8316,0
1850_5461,1849971.2195,5461175.8316,0
1851_5461,1850971.2195,5461175.8316,0
1852_5461,1851971.2195,5461175.8316,0
1853_5461,1852971.2195,5461175.8316,0
1854_5461,1853971.2195,5461175.8316,0
1855_5461,1854971.2195,5461175.8316,0
1856_5461,1855971.2195,5461175.8316,0
1857_5461,1856971.2195,5461175.8316,0
1858_5461,1857971.2195,5461175.8316,0
1859_5461,1858971.2195,5461175.8316,0
1860_5461,1859971.2195,5461175.8316,0
1861_5461,1860971.2195,5461175.8316,0
1862_5461,1861971.2195,5461175.8316,0
1863_5461,1862971.2195,5461175.8316,0
1864_5461,1863971.2195,5461175.8316,0
1765_5462,1764971.2195,5462175.8316,0
1766_5462,1765971.2195,5462175.8316,0
1767_5462,1766971.2195,5462175.8316,0
1768_5462,1767971.2195,5462175.8316,0
1769_5462,1768971.2195,5462175.8316,0
1770_5462,1769971.2195,5462175.8316,0
1771_5462,1770971.2195,5462175.8316,0
1772_5462,1771971.2195,5462175.8316,0
1773_5462,1772971.2195,5462175.8316,0
1774_5462,1773971.2195,5462175.8316,0
1775_5462,1774971.2195,5462175.8316,0
1776_5462,1775971.2195,5462175.8316,0
1777_5462,1776971.2195,5462175.8316,0
1778_5462,1777971.2195,5462175.8316,0
1779_5462,1778971.2195,5462175.8316,0
1780_5462,1779971.2195,5462175.8316,0
1781_5462,1780971.2195,5462175.8316,0
1782_5462,1781971.2195,5462175.8316,0
1783_5462,1782971.2195,5462175.8316,0
1784_5462,1783971.2195,5462175.8316,0
1785_5462,1784971.2195,5462175.8316,0
1786_5462,1785971.2195,5462175.8316,0
1787_5462,1786971.2195,5462175.8316,0
1788_5462,1787971.2195,5462175.8316,0
1789_5462,1788971.2195,5462175.8316,0
1790_5462,1789971.2195,5462175.8316,0
1791_5462,1790971.2195,5462175.8316,0
1792_5462,1791971.2195,5462175.8316,0
1793_5462,1792971.2195,5462175.8316,0
1794_5462,1793971.2195,5462175.8316,0
1795_5462,1794971.2195,5462175.8316,0
1796_5462,1795971.2195,5462175.8316,0
1797_5462,1796971.2195,5462175.8316,0
1798_5462,1797971.2195,5462175.8316,0
1799_5462,1798971.2195,5462175.8316,0
1800_5462,1799971.2195,5462175.8316,0
1801_5462,1800971.2195,5462175.8316,0
1802_5462,1801971.2195,5462175.8316,0
1803_5462,1802971.2195,5462175.8316,0
1804_5462,1803971.2195,5462175.8316,0
1805_5462,1804971.2195,5462175.8316,0
1806_5462,1805971.2195,5462175.8316,0
1807_5462,1806971.2195,5462175.8316,0
1808_5462,1807971.2195,5462175.8316,0
1809_5462,1808971.2195,5462175.8316,0
1810_5462,1809971.2195,5462175.8316,0
1811_5462,1810971.2195,5462175.8316,0
1812_5462,1811971.2195,5462175.8316,0
1813_5462,1812971.2195,5462175.8316,0
1814_5462,1813971.2195,5462175.8316,0
1815_5462,1814971.2195,5462175.8316,0
1816_5462,1815971.2195,5462175.8316,0
1817_5462,1816971.2195,5462175.8316,0
1818_5462,1817971.2195,5462175.8316,0
1819_5462,1818971.2195,5462175.8316,0
1820_5462,1819971.2195,5462175.8316,0
1821_5462,1820971.2195,5462175.8316,0
1822_5462,1821971.2195,5462175.8316,0
1823_5462,1822971.2195,5462175.8316,0
1824_5462,1823971.2195,5462175.8316,0
1825_5462,1824971.2195,5462175.8316,0
1826_5462,1825971.2195,5462175.8316,0
1827_5462,1826971.2195,5462175.8316,0
1828_5462,1827971.2195,5462175.8316,0
1829_5462,1828971.2195,5462175.8316,0
1830_5462,1829971.2195,5462175.8316,0
1831_5462,1830971.2195,5462175.8316,0
1832_5462,1831971.2195,5462175.8316,0
1833_5462,1832971.2195,5462175.8316,0
1834_5462,1833971.2195,5462175.8316,0
1835_5462,1834971.2195,5462175.8316,0
1836_5462,1835971.2195,5462175.8316,0
1837_5462,1836971.2195,5462175.8316,0
1838_5462,1837971.2195,5462175.8316,0
1839_5462,1838971.2195,5462175.8316,0
1840_5462,1839971.2195,5462175.8316,0
1841_5462,1840971.2195,5462175.8316,0
1842_5462,1841971.2195,5462175.8316,0
1843_5462,1842971.2195,5462175.8316,0
1844_5462,1843971.2195,5462175.8316,0
1845_5462,1844971.2195,5462175.8316,0
1846_5462,1845971.2195,5462175.8316,0
1847_5462,1846971.2195,5462175.8316,0
1848_5462,1847971.2195,5462175.8316,0
1849_5462,1848971.2195,5462175.8316,0
1850_5462,1849971.2195,5462175.8316,0
1851_5462,1850971.2195,5462175.8316,0
1852_5462,1851971.2195,5462175.8316,0
1853_5462,1852971.2195,5462175.8316,0
1854_5462,1853971.2195,5462175.8316,0
1855_5462,1854971.2195,5462175.8316,0
1856_5462,1855971.2195,5462175.8316,0
1857_5462,1856971.2195,5462175.8316,0
1858_5462,1857971.2195,5462175.8316,0
1859_5462,1858971.2195,5462175.8316,0
1860_5462,1859971.2195,5462175.8316,0
1861_5462,1860971.2195,5462175.8316,0
1862_5462,1861971.2195,5462175.8316,0
1863_5462,1862971.2195,5462175.8316,0
1864_5462,1863971.2195,5462175.8316,0
1865_5462,1864971.2195,5462175.8316,0
1766_5463,1765971.2195,5463175.8316,0
1767_5463,1766971.2195,5463175.8316,0
1768_5463,1767971.2195,5463175.8316,0
1769_5463,1768971.2195,5463175.8316,0
1770_5463,1769971.2195,5463175.8316,0
1771_5463,1770971.2195,5463175.8316,0
1772_5463,1771971.2195,5463175.8316,0
1773_5463,1772971.2195,5463175.8316,0
1774_5463,1773971.2195,5463175.8316,0
1775_5463,1774971.2195,5463175.8316,0
1776_5463,1775971.2195,5463175.8316,0
1777_5463,1776971.2195,5463175.8316,0
1778_5463,1777971.2195,5463175.8316,0
1779_5463,1778971.2195,5463175.8316,0
1780_5463,1779971.2195,5463175.8316,0
1781_5463,1780971.2195,5463175.8316,0
1782_5463,1781971.2195,5463175.8316,0
1783_5463,1782971.2195,5463175.8316,0
1784_5463,1783971.2195,5463175.8316,0
1785_5463,1784971.2195,5463175.8316,0
1786_5463,1785971.2195,5463175.8316,0
1787_5463,1786971.2195,5463175.8316,0
1788_5463,1787971.2195,5463175.8316,0
1789_5463,1788971.2195,5463175.8316,0
1790_5463,1789971.2195,5463175.8316,0
1791_5463,1790971.2195,5463175.8316,0
1792_5463,1791971.2195,5463175.8316,0
1793_5463,1792971.2195,5463175.8316,0
1794_5463,1793971.2195,5463175.8316,0
1795_5463,1794971.2195,5463175.8316,0
1796_5463,1795971.2195,5463175.8316,0
1797_5463,1796971.2195,5463175.8316,0
1798_5463,1797971.2195,5463175.8316,0
1799_5463,1798971.2195,5463175.8316,0
1800_5463,1799971.2195,5463175.8316,0
1801_5463,1800971.2195,5463175.8316,0
1802_5463,1801971.2195,5463175.8316,0
1803_5463,1802971.2195,5463175.8316,0
1804_5463,1803971.2195,5463175.8316,0
1805_5463,1804971.2195,5463175.8316,0
1806_5463,1805971.2195,5463175.8316,0
1807_5463,1806971.2195,5463175.8316,0
1808_5463,1807971.2195,5463175.8316,0
1809_5463,1808971.2195,5463175.8316,0
1810_5463,1809971.2195,5463175.8316,0
1811_5463,1810971.2195,5463175.8316,0
1812_5463,1811971.2195,5463175.8316,0
1813_5463,1812971.2195,5463175.8316,0
1814_5463,1813971.2195,5463175.8316,0
1815_5463,1814971.2195,5463175.8316,0
1816_5463,1815971.2195,5463175.8316,0
1817_5463,1816971.2195,5463175.8316,0
1818_5463,1817971.2195,5463175.8316,0
1819_5463,1818971.2195,5463175.8316,0
1820_5463,1819971.2195,5463175.8316,0
1821_5463,1820971.2195,5463175.8316,0
1822_5463,1821971.2195,5463175.8316,0
1823_5463,1822971.2195,5463175.8316,0
1824_5463,1823971.2195,5463175.8316,0
1825_5463,1824971.2195,5463175.8316,0
1826_5463,1825971.2195,5463175.8316,0
1827_5463,1826971.2195,5463175.8316,0
1828_5463,1827971.2195,5463175.8316,0
1829_5463,1828971.2195,5463175.8316,0
1830_5463,1829971.2195,5463175.8316,0
1831_5463,1830971.2195,5463175.8316,0
1832_5463,1831971.2195,5463175.8316,0
1833_5463,1832971.2195,5463175.8316,0
1834_5463,1833971.2195,5463175.8316,0
1835_5463,1834971.2195,5463175.8316,0
1836_5463,1835971.2195,5463175.8316,0
1837_5463,1836971.2195,5463175.8316,0
1838_5463,1837971.2195,5463175.8316,0
1839_5463,1838971.2195,5463175.8316,0
1840_5463,1839971.2195,5463175.8316,0
1841_5463,1840971.2195,5463175.8316,0
1842_5463,1841971.2195,5463175.8316,0
1843_5463,1842971.2195,5463175.8316,0
1844_5463,1843971.2195,5463175.8316,0
1845_5463,1844971.2195,5463175.8316,0
1846_5463,1845971.2195,5463175.8316,0
1847_5463,1846971.2195,5463175.8316,0
1848_5463,1847971.2195,5463175.8316,0
1849_5463,1848971.2195,5463175.8316,0
1850_5463,1849971.2195,5463175.8316,0
1851_5463,1850971.2195,5463175.8316,0
1852_5463,1851971.2195,5463175.8316,0
1853_5463,1852971.2195,5463175.8316,0
1854_5463,1853971.2195,5463175.8316,0
1855_5463,1854971.2195,5463175.8316,0
1856_5463,1855971.2195,5463175.8316,0
1857_5463,1856971.2195,5463175.8316,0
1858_5463,1857971.2195,5463175.8316,0
1859_5463,1858971.2195,5463175.8316,0
1860_5463,1859971.2195,5463175.8316,0
1861_5463,1860971.2195,5463175.8316,0
1862_5463,1861971.2195,5463175.8316,0
1863_5463,1862971.2195,5463175.8316,0
1864_5463,1863971.2195,5463175.8316,0
1865_5463,1864971.2195,5463175.8316,0
1866_5463,1865971.2195,5463175.8316,0
1766_5464,1765971.2195,5464175.8316,0
1767_5464,1766971.2195,5464175.8316,0
1768_5464,1767971.2195,5464175.8316,0
1769_5464,1768971.2195,5464175.8316,0
1770_5464,1769971.2195,5464175.8316,0
1771_5464,1770971.2195,5464175.8316,0
1772_5464,1771971.2195,5464175.8316,0
1773_5464,1772971.2195,5464175.8316,0
1774_5464,1773971.2195,5464175.8316,0
1775_5464,1774971.2195,5464175.8316,0
1776_5464,1775971.2195,5464175.8316,0
1777_5464,1776971.2195,5464175.8316,0
1778_5464,1777971.2195,5464175.8316,0
1779_5464,1778971.2195,5464175.8316,0
1780_5464,1779971.2195,5464175.8316,0
1781_5464,1780971.2195,5464175.8316,0
1782_5464,1781971.2195,5464175.8316,0
1783_5464,1782971.2195,5464175.8316,0
1784_5464,1783971.2195,5464175.8316,0
1785_5464,1784971.2195,5464175.8316,0
1786_5464,1785971.2195,5464175.8316,0
1787_5464,1786971.2195,5464175.8316,0
1788_5464,1787971.2195,5464175.8316,0
1789_5464,1788971.2195,5464175.8316,0
1790_5464,1789971.2195,5464175.8316,0
1791_5464,1790971.2195,5464175.8316,0
1792_5464,1791971.2195,5464175.8316,0
1793_5464,1792971.2195,5464175.8316,0
1794_5464,1793971.2195,5464175.8316,0
1795_5464,1794971.2195,5464175.8316,0
1796_5464,1795971.2195,5464175.8316,0
1797_5464,1796971.2195,5464175.8316,0
1798_5464,1797971.2195,5464175.8316,0
1799_5464,1798971.2195,5464175.8316,0
1800_5464,1799971.2195,5464175.8316,0
1801_5464,1800971.2195,5464175.8316,0
1802_5464,1801971.2195,5464175.8316,0
1803_5464,1802971.2195,5464175.8316,0
1804_5464,1803971.2195,5464175.8316,0
1805_5464,1804971.2195,5464175.8316,0
1806_5464,1805971.2195,5464175.8316,0
1807_5464,1806971.2195,5464175.8316,0
1808_5464,1807971.2195,5464175.8316,0
1809_5464,1808971.2195,5464175.8316,0
1810_5464,1809971.2195,5464175.8316,0
1811_5464,1810971.2195,5464175.8316,0
1812_5464,1811971.2195,5464175.8316,0
1813_5464,1812971.2195,5464175.8316,0
1814_5464,1813971.2195,5464175.8316,0
1815_5464,1814971.2195,5464175.8316,0
1816_5464,1815971.2195,5464175.8316,0
1817_5464,1816971.2195,5464175.8316,0
1818_5464,1817971.2195,5464175.8316,0
1819_5464,1818971.2195,5464175.8316,0
1820_5464,1819971.2195,5464175.8316,0
1821_5464,1820971.2195,5464175.8316,0
1822_5464,1821971.2195,5464175.8316,0
1823_5464,1822971.2195,5464175.8316,0
1824_5464,1823971.2195,5464175.8316,0
1825_5464,1824971.2195,5464175.8316,0
1826_5464,1825971.2195,5464175.8316,0
1827_5464,1826971.2195,5464175.8316,0
1828_5464,1827971.2195,5464175.8316,0
1829_5464,1828971.2195,5464175.8316,0
1830_5464,1829971.2195,5464175.8316,0
1831_5464,1830971.2195,5464175.8316,0
1832_5464,1831971.2195,5464175.8316,0
1833_5464,1832971.2195,5464175.8316,0
1834_5464,1833971.2195,5464175.8316,0
1835_5464,1834971.2195,5464175.8316,0
1836_5464,1835971.2195,5464175.8316,0
1837_5464,1836971.2195,5464175.8316,0
1838_5464,1837971.2195,5464175.8316,0
1839_5464,1838971.2195,5464175.8316,0
1840_5464,1839971.2195,5464175.8316,0
1841_5464,1840971.2195,5464175.8316,0
1842_5464,1841971.2195,5464175.8316,0
1843_5464,1842971.2195,5464175.8316,0
1844_5464,1843971.2195,5464175.8316,0
1845_5464,1844971.2195,5464175.8316,0
1846_5464,1845971.2195,5464175.8316,0
1847_5464,1846971.2195,5464175.8316,0
1848_5464,1847971.2195,5464175.8316,0
1849_5464,1848971.2195,5464175.8316,0
1850_5464,1849971.2195,5464175.8316,0
1851_5464,1850971.2195,5464175.8316,0
1852_5464,1851971.2195,5464175.8316,0
1853_5464,1852971.2195,5464175.8316,0
1854_5464,1853971.2195,5464175.8316,0
1855_5464,1854971.2195,5464175.8316,0
1856_5464,1855971.2195,5464175.8316,0
1857_5464,1856971.2195,5464175.8316,0
1858_5464,1857971.2195,5464175.8316,0
1859_5464,1858971.2195,5464175.8316,0
1860_5464,1859971.2195,5464175.8316,0
1861_5464,1860971.2195,5464175.8316,0
1862_5464,1861971.2195,5464175.8316,0
1863_5464,1862971.2195,5464175.8316,0
1864_5464,1863971.2195,5464175.8316,0
1865_5464,1864971.2195,5464175.8316,0
1866_5464,1865971.2195,5464175.8316,0
1867_5464,1866971.2195,5464175.8316,0
1766_5465,1765971.2195,5465175.8316,0
1767_5465,1766971.2195,5465175.8316,0
1768_5465,1767971.2195,5465175.8316,0
1769_5465,1768971.2195,5465175.8316,0
1770_5465,1769971.2195,5465175.8316,0
1771_5465,1770971.2195,5465175.8316,0
1772_5465,1771971.2195,5465175.8316,0
1773_5465,1772971.2195,5465175.8316,0
1774_5465,1773971.2195,5465175.8316,0
1775_5465,1774971.2195,5465175.8316,0
1776_5465,1775971.2195,5465175.8316,0
1777_5465,1776971.2195,5465175.8316,0
1778_5465,1777971.2195,5465175.8316,0
1779_5465,1778971.2195,5465175.8316,0
1780_5465,1779971.2195,5465175.8316,0
1781_5465,1780971.2195,5465175.8316,0
1782_5465,1781971.2195,5465175.8316,0
1783_5465,1782971.2195,5465175.8316,0
1784_5465,1783971.2195,5465175.8316,0
1785_5465,1784971.2195,5465175.8316,0
1786_5465,1785971.2195,5465175.8316,0
1787_5465,1786971.2195,5465175.8316,0
1788_5465,1787971.2195,5465175.8316,0
1789_5465,1788971.2195,5465175.8316,0
1790_5465,1789971.2195,5465175.8316,0
1791_5465,1790971.2195,5465175.8316,0
1792_5465,1791971.2195,5465175.8316,0
1793_5465,1792971.2195,5465175.8316,0
1794_5465,1793971.2195,5465175.8316,0
1795_5465,1794971.2195,5465175.8316,0
1796_5465,1795971.2195,5465175.8316,0
1797_5465,1796971.2195,5465175.8316,0
1798_5465,1797971.2195,5465175.8316,0
1799_5465,1798971.2195,5465175.8316,0
1800_5465,1799971.2195,5465175.8316,0
1801_5465,1800971.2195,5465175.8316,0
1802_5465,1801971.2195,5465175.8316,0
1803_5465,1802971.2195,5465175.8316,0
1804_5465,1803971.2195,5465175.8316,0
1805_5465,1804971.2195,5465175.8316,0
1806_5465,1805971.2195,5465175.8316,0
1807_5465,1806971.2195,5465175.8316,0
1808_5465,1807971.2195,5465175.8316,0
1809_5465,1808971.2195,5465175.8316,0
1810_5465,1809971.2195,5465175.8316,0
1811_5465,1810971.2195,5465175.8316,0
1812_5465,1811971.2195,5465175.8316,0
1813_5465,1812971.2195,5465175.8316,0
1814_5465,1813971.2195,5465175.8316,0
1815_5465,1814971.2195,5465175.8316,0
1816_5465,1815971.2195,5465175.8316,0
1817_5465,1816971.2195,5465175.8316,0
1818_5465,1817971.2195,5465175.8316,0
1819_5465,1818971.2195,5465175.8316,0
1820_5465,1819971.2195,5465175.8316,0
1821_5465,1820971.2195,5465175.8316,0
1822_5465,1821971.2195,5465175.8316,0
1823_5465,1822971.2195,5465175.8316,0
1824_5465,1823971.2195,5465175.8316,0
1825_5465,1824971.2195,5465175.8316,0
1826_5465,1825971.2195,5465175.8316,0
1827_5465,1826971.2195,5465175.8316,0
1828_5465,1827971.2195,5465175.8316,0
1829_5465,1828971.2195,5465175.8316,0
1830_5465,1829971.2195,5465175.8316,0
1831_5465,1830971.2195,5465175.8316,0
1832_5465,1831971.2195,5465175.8316,0
1833_5465,1832971.2195,5465175.8316,0
1834_5465,1833971.2195,5465175.8316,0
1835_5465,1834971.2195,5465175.8316,0
1836_5465,1835971.2195,5465175.8316,0
1837_5465,1836971.2195,5465175.8316,0
1838_5465,1837971.2195,5465175.8316,0
1839_5465,1838971.2195,5465175.8316,0
1840_5465,1839971.2195,5465175.8316,0
1841_5465,1840971.2195,5465175.8316,0
1842_5465,1841971.2195,5465175.8316,0
1843_5465,1842971.2195,5465175.8316,0
1844_5465,1843971.2195,5465175.8316,0
1845_5465,1844971.2195,5465175.8316,0
1846_5465,1845971.2195,5465175.8316,0
1847_5465,1846971.2195,5465175.8316,0
1848_5465,1847971.2195,5465175.8316,0
1849_5465,1848971.2195,5465175.8316,0
1850_5465,1849971.2195,5465175.8316,0
1851_5465,1850971.2195,5465175.8316,0
1852_5465,1851971.2195,5465175.8316,0
1853_5465,1852971.2195,5465175.8316,0
1854_5465,1853971.2195,5465175.8316,0
1855_5465,1854971.2195,5465175.8316,0
1856_5465,1855971.2195,5465175.8316,0
1857_5465,1856971.2195,5465175.8316,0
1858_5465,1857971.2195,5465175.8316,0
1859_5465,1858971.2195,5465175.8316,0
1860_5465,1859971.2195,5465175.8316,0
1861_5465,1860971.2195,5465175.8316,0
1862_5465,1861971.2195,5465175.8316,0
1863_5465,1862971.2195,5465175.8316,0
1864_5465,1863971.2195,5465175.8316,0
1865_5465,1864971.2195,5465175.8316,0
1866_5465,1865971.2195,5465175.8316,0
1867_5465,1866971.2195,5465175.8316,0
1868_5465,1867971.2195,5465175.8316,0
1869_5465,1868971.2195,5465175.8316,0
1767_5466,1766971.2195,5466175.8316,0
1768_5466,1767971.2195,5466175.8316,0
1769_5466,1768971.2195,5466175.8316,0
1770_5466,1769971.2195,5466175.8316,0
1771_5466,1770971.2195,5466175.8316,0
1772_5466,1771971.2195,5466175.8316,0
1773_5466,1772971.2195,5466175.8316,0
1774_5466,1773971.2195,5466175.8316,0
1775_5466,1774971.2195,5466175.8316,0
1776_5466,1775971.2195,5466175.8316,0
1777_5466,1776971.2195,5466175.8316,0
1778_5466,1777971.2195,5466175.8316,0
1779_5466,1778971.2195,5466175.8316,0
1780_5466,1779971.2195,5466175.8316,0
1781_5466,1780971.2195,5466175.8316,0
1782_5466,1781971.2195,5466175.8316,0
1783_5466,1782971.2195,5466175.8316,0
1784_5466,1783971.2195,5466175.8316,0
1785_5466,1784971.2195,5466175.8316,0
1786_5466,1785971.2195,5466175.8316,0
1787_5466,1786971.2195,5466175.8316,0
1788_5466,1787971.2195,5466175.8316,0
1789_5466,1788971.2195,5466175.8316,0
1790_5466,1789971.2195,5466175.8316,0
1791_5466,1790971.2195,5466175.8316,0
1792_5466,1791971.2195,5466175.8316,0
1793_5466,1792971.2195,5466175.8316,0
1794_5466,1793971.2195,5466175.8316,0
1795_5466,1794971.2195,5466175.8316,0
1796_5466,1795971.2195,5466175.8316,0
1797_5466,1796971.2195,5466175.8316,0
1798_5466,1797971.2195,5466175.8316,0
1799_5466,1798971.2195,5466175.8316,0
1800_5466,1799971.2195,5466175.8316,0
1801_5466,1800971.2195,5466175.8316,0
1802_5466,1801971.2195,5466175.8316,0
1803_5466,1802971.2195,5466175.8316,0
1804_5466,1803971.2195,5466175.8316,0
1805_5466,1804971.2195,5466175.8316,0
1806_5466,1805971.2195,5466175.8316,0
1807_5466,1806971.2195,5466175.8316,0
1808_5466,1807971.2195,5466175.8316,0
1809_5466,1808971.2195,5466175.8316,0
1810_5466,1809971.2195,5466175.8316,0
1811_5466,1810971.2195,5466175.8316,0
1812_5466,1811971.2195,5466175.8316,0
1813_5466,1812971.2195,5466175.8316,0
1814_5466,1813971.2195,5466175.8316,0
1815_5466,1814971.2195,5466175.8316,0
1816_5466,1815971.2195,5466175.8316,0
1817_5466,1816971.2195,5466175.8316,0
1818_5466,1817971.2195,5466175.8316,0
1819_5466,1818971.2195,5466175.8316,0
1820_5466,1819971.2195,5466175.8316,0
1821_5466,1820971.2195,5466175.8316,0
1822_5466,1821971.2195,5466175.8316,0
1823_5466,1822971.2195,5466175.8316,0
1824_5466,1823971.2195,5466175.8316,0
1825_5466,1824971.2195,5466175.8316,0
1826_5466,1825971.2195,5466175.8316,0
1827_5466,1826971.2195,5466175.8316,0
1828_5466,1827971.2195,5466175.8316,0
1829_5466,1828971.2195,5466175.8316,0
1830_5466,1829971.2195,5466175.8316,0
1831_5466,1830971.2195,5466175.8316,0
1832_5466,1831971.2195,5466175.8316,0
1833_5466,1832971.2195,5466175.8316,0
1834_5466,1833971.2195,5466175.8316,0
1835_5466,1834971.2195,5466175.8316,0
1836_5466,1835971.2195,5466175.8316,0
1837_5466,1836971.2195,5466175.8316,0
1838_5466,1837971.2195,5466175.8316,0
1839_5466,1838971.2195,5466175.8316,0
1840_5466,1839971.2195,5466175.8316,0
1841_5466,1840971.2195,5466175.8316,0
1842_5466,1841971.2195,5466175.8316,0
1843_5466,1842971.2195,5466175.8316,0
1844_5466,1843971.2195,5466175.8316,0
1845_5466,1844971.2195,5466175.8316,0
1846_5466,1845971.2195,5466175.8316,0
1847_5466,1846971.2195,5466175.8316,0
1848_5466,1847971.2195,5466175.8316,0
1849_5466,1848971.2195,5466175.8316,0
1850_5466,1849971.2195,5466175.8316,0
1851_5466,1850971.2195,5466175.8316,0
1852_5466,1851971.2195,5466175.8316,0
1853_5466,1852971.2195,5466175.8316,0
1854_5466,1853971.2195,5466175.8316,0
1855_5466,1854971.2195,5466175.8316,0
1856_5466,1855971.2195,5466175.8316,0
1857_5466,1856971.2195,5466175.8316,0
1858_5466,1857971.2195,5466175.8316,0
1859_5466,1858971.2195,5466175.8316,0
1860_5466,1859971.2195,5466175.8316,0
1861_5466,1860971.2195,5466175.8316,0
1862_5466,1861971.2195,5466175.8316,0
1863_5466,1862971.2195,5466175.8316,0
1864_5466,1863971.2195,5466175.8316,0
1865_5466,1864971.2195,5466175.8316,0
1866_5466,1865971.2195,5466175.8316,0
1867_5466,1866971.2195,5466175.8316,0
1868_5466,1867971.2195,5466175.8316,0
1869_5466,1868971.2195,5466175.8316,0
1870_5466,1869971.2195,5466175.8316,0
1871_5466,1870971.2195,5466175.8316,0
1767_5467,1766971.2195,5467175.8316,0
1768_5467,1767971.2195,5467175.8316,0
1769_5467,1768971.2195,5467175.8316,0
1770_5467,1769971.2195,5467175.8316,0
1771_5467,1770971.2195,5467175.8316,0
1772_5467,1771971.2195,5467175.8316,0
1773_5467,1772971.2195,5467175.8316,0
1774_5467,1773971.2195,5467175.8316,0
1775_5467,1774971.2195,5467175.8316,0
1776_5467,1775971.2195,5467175.8316,0
1777_5467,1776971.2195,5467175.8316,0
1778_5467,1777971.2195,5467175.8316,0
1779_5467,1778971.2195,5467175.8316,0
1780_5467,1779971.2195,5467175.8316,0
1781_5467,1780971.2195,5467175.8316,0
1782_5467,1781971.2195,5467175.8316,0
1783_5467,1782971.2195,5467175.8316,0
1784_5467,1783971.2195,5467175.8316,0
1785_5467,1784971.2195,5467175.8316,0
1786_5467,1785971.2195,5467175.8316,0
1787_5467,1786971.2195,5467175.8316,0
1788_5467,1787971.2195,5467175.8316,0
1789_5467,1788971.2195,5467175.8316,0
1790_5467,1789971.2195,5467175.8316,0
1791_5467,1790971.2195,5467175.8316,0
1792_5467,1791971.2195,5467175.8316,0
1793_5467,1792971.2195,5467175.8316,0
1794_5467,1793971.2195,5467175.8316,0
1795_5467,1794971.2195,5467175.8316,0
1796_5467,1795971.2195,5467175.8316,0
1797_5467,1796971.2195,5467175.8316,0
1798_5467,1797971.2195,5467175.8316,0
1799_5467,1798971.2195,5467175.8316,0
1800_5467,1799971.2195,5467175.8316,0
1801_5467,1800971.2195,5467175.8316,0
1802_5467,1801971.2195,5467175.8316,0
1803_5467,1802971.2195,5467175.8316,0
1804_5467,1803971.2195,5467175.8316,0
1805_5467,1804971.2195,5467175.8316,0
1806_5467,1805971.2195,5467175.8316,0
1807_5467,1806971.2195,5467175.8316,0
1808_5467,1807971.2195,5467175.8316,0
1809_5467,1808971.2195,5467175.8316,0
1810_5467,1809971.2195,5467175.8316,0
1811_5467,1810971.2195,5467175.8316,0
1812_5467,1811971.2195,5467175.8316,0
1813_5467,1812971.2195,5467175.8316,0
1814_5467,1813971.2195,5467175.8316,0
1815_5467,1814971.2195,5467175.8316,0
1816_5467,1815971.2195,5467175.8316,0
1817_5467,1816971.2195,5467175.8316,0
1818_5467,1817971.2195,5467175.8316,0
1819_5467,1818971.2195,5467175.8316,0
1820_5467,1819971.2195,5467175.8316,0
1821_5467,1820971.2195,5467175.8316,0
1822_5467,1821971.2195,5467175.8316,0
1823_5467,1822971.2195,5467175.8316,0
1824_5467,1823971.2195,5467175.8316,0
1825_5467,1824971.2195,5467175.8316,0
1826_5467,1825971.2195,5467175.8316,0
1827_5467,1826971.2195,5467175.8316,0
1828_5467,1827971.2195,5467175.8316,0
1829_5467,1828971.2195,5467175.8316,0
1830_5467,1829971.2195,5467175.8316,0
1831_5467,1830971.2195,5467175.8316,0
1832_5467,1831971.2195,5467175.8316,0
1833_5467,1832971.2195,5467175.8316,0
1834_5467,1833971.2195,5467175.8316,0
1835_5467,1834971.2195,5467175.8316,0
1836_5467,1835971.2195,5467175.8316,0
1837_5467,1836971.2195,5467175.8316,0
1838_5467,1837971.2195,5467175.8316,0
1839_5467,1838971.2195,5467175.8316,0
1840_5467,1839971.2195,5467175.8316,0
1841_5467,1840971.2195,5467175.8316,0
1842_5467,1841971.2195,5467175.8316,0
1843_5467,1842971.2195,5467175.8316,0
1844_5467,1843971.2195,5467175.8316,0
1845_5467,1844971.2195,5467175.8316,0
1846_5467,1845971.2195,5467175.8316,0
1847_5467,1846971.2195,5467175.8316,0
1848_5467,1847971.2195,5467175.8316,0
1849_5467,1848971.2195,5467175.8316,0
1850_5467,1849971.2195,5467175.8316,0
1851_5467,1850971.2195,5467175.8316,0
1852_5467,1851971.2195,5467175.8316,0
1853_5467,1852971.2195,5467175.8316,0
1854_5467,1853971.2195,5467175.8316,0
1855_5467,1854971.2195,5467175.8316,0
1856_5467,1855971.2195,5467175.8316,0
1857_5467,1856971.2195,5467175.8316,0
1858_5467,1857971.2195,5467175.8316,0
1859_5467,1858971.2195,5467175.8316,0
1860_5467,1859971.2195,5467175.8316,0
1861_5467,1860971.2195,5467175.8316,0
1862_5467,1861971.2195,5467175.8316,0
1863_5467,1862971.2195,5467175.8316,0
1864_5467,1863971.2195,5467175.8316,0
1865_5467,1864971.2195,5467175.8316,0
1866_5467,1865971.2195,5467175.8316,0
1867_5467,1866971.2195,5467175.8316,0
1868_5467,1867971.2195,5467175.8316,0
1869_5467,1868971.2195,5467175.8316,0
1870_5467,1869971.2195,5467175.8316,0
1871_5467,1870971.2195,5467175.8316,0
1767_5468,1766971.2195,5468175.8316,0
1768_5468,1767971.2195,5468175.8316,0
1769_5468,1768971.2195,5468175.8316,0
1770_5468,1769971.2195,5468175.8316,0
1771_5468,1770971.2195,5468175.8316,0
1772_5468,1771971.2195,5468175.8316,0
1773_5468,1772971.2195,5468175.8316,0
1774_5468,1773971.2195,5468175.8316,0
1775_5468,1774971.2195,5468175.8316,0
1776_5468,1775971.2195,5468175.8316,0
1777_5468,1776971.2195,5468175.8316,0
1778_5468,1777971.2195,5468175.8316,0
1779_5468,1778971.2195,5468175.8316,0
1780_5468,1779971.2195,5468175.8316,0
1781_5468,1780971.2195,5468175.8316,0
1782_5468,1781971.2195,5468175.8316,0
1783_5468,1782971.2195,5468175.8316,0
1784_5468,1783971.2195,5468175.8316,0
1785_5468,1784971.2195,5468175.8316,0
1786_5468,1785971.2195,5468175.8316,0
1787_5468,1786971.2195,5468175.8316,0
1788_5468,1787971.2195,5468175.8316,0
1789_5468,1788971.2195,5468175.8316,0
1790_5468,1789971.2195,5468175.8316,0
1791_5468,1790971.2195,5468175.8316,0
1792_5468,1791971.2195,5468175.8316,0
1793_5468,1792971.2195,5468175.8316,0
1794_5468,1793971.2195,5468175.8316,0
1795_5468,1794971.2195,5468175.8316,0
1796_5468,1795971.2195,5468175.8316,0
1797_5468,1796971.2195,5468175.8316,0
1798_5468,1797971.2195,5468175.8316,0
1799_5468,1798971.2195,5468175.8316,0
1800_5468,1799971.2195,5468175.8316,0
1801_5468,1800971.2195,5468175.8316,0
1802_5468,1801971.2195,5468175.8316,0
1803_5468,1802971.2195,5468175.8316,0
1804_5468,1803971.2195,5468175.8316,0
1805_5468,1804971.2195,5468175.8316,0
1806_5468,1805971.2195,5468175.8316,0
1807_5468,1806971.2195,5468175.8316,0
1808_5468,1807971.2195,5468175.8316,0
1809_5468,1808971.2195,5468175.8316,0
1810_5468,1809971.2195,5468175.8316,0
1811_5468,1810971.2195,5468175.8316,0
1812_5468,1811971.2195,5468175.8316,0
1813_5468,1812971.2195,5468175.8316,0
1814_5468,1813971.2195,5468175.8316,0
1815_5468,1814971.2195,5468175.8316,0
1816_5468,1815971.2195,5468175.8316,0
1817_5468,1816971.2195,5468175.8316,0
1818_5468,1817971.2195,5468175.8316,0
1819_5468,1818971.2195,5468175.8316,0
1820_5468,1819971.2195,5468175.8316,0
1821_5468,1820971.2195,5468175.8316,0
1822_5468,1821971.2195,5468175.8316,0
1823_5468,1822971.2195,5468175.8316,0
1824_5468,1823971.2195,5468175.8316,0
1825_5468,1824971.2195,5468175.8316,0
1826_5468,1825971.2195,5468175.8316,0
1827_5468,1826971.2195,5468175.8316,0
1828_5468,1827971.2195,5468175.8316,0
1829_5468,1828971.2195,5468175.8316,0
1830_5468,1829971.2195,5468175.8316,0
1831_5468,1830971.2195,5468175.8316,0
1832_5468,1831971.2195,5468175.8316,0
1833_5468,1832971.2195,5468175.8316,0
1834_5468,1833971.2195,5468175.8316,0
1835_5468,1834971.2195,5468175.8316,0
1836_5468,1835971.2195,5468175.8316,0
1837_5468,1836971.2195,5468175.8316,0
1838_5468,1837971.2195,5468175.8316,0
1839_5468,1838971.2195,5468175.8316,0
1840_5468,1839971.2195,5468175.8316,0
1841_5468,1840971.2195,5468175.8316,0
1842_5468,1841971.2195,5468175.8316,0
1843_5468,1842971.2195,5468175.8316,0
1844_5468,1843971.2195,5468175.8316,0
1845_5468,1844971.2195,5468175.8316,0
1846_5468,1845971.2195,5468175.8316,0
1847_5468,1846971.2195,5468175.8316,0
1848_5468,1847971.2195,5468175.8316,0
1849_5468,1848971.2195,5468175.8316,0
1850_5468,1849971.2195,5468175.8316,0
1851_5468,1850971.2195,5468175.8316,0
1852_5468,1851971.2195,5468175.8316,0
1853_5468,1852971.2195,5468175.8316,0
1854_5468,1853971.2195,5468175.8316,0
1855_5468,1854971.2195,5468175.8316,0
1856_5468,1855971.2195,5468175.8316,0
1857_5468,1856971.2195,5468175.8316,0
1858_5468,1857971.2195,5468175.8316,0
1859_5468,1858971.2195,5468175.8316,0
1860_5468,1859971.2195,5468175.8316,0
1861_5468,1860971.2195,5468175.8316,0
1862_5468,1861971.2195,5468175.8316,0
1863_5468,1862971.2195,5468175.8316,0
1864_5468,1863971.2195,5468175.8316,0
1865_5468,1864971.2195,5468175.8316,0
1866_5468,1865971.2195,5468175.8316,0
1867_5468,1866971.2195,5468175.8316,0
1868_5468,1867971.2195,5468175.8316,0
1869_5468,1868971.2195,5468175.8316,0
1870_5468,1869971.2195,5468175.8316,0
1871_5468,1870971.2195,5468175.8316,0
1767_5469,1766971.2195,5469175.8316,0
1768_5469,1767971.2195,5469175.8316,0
1769_5469,1768971.2195,5469175.8316,0
1770_5469,1769971.2195,5469175.8316,0
1771_5469,1770971.2195,5469175.8316,0
1772_5469,1771971.2195,5469175.8316,0
1773_5469,1772971.2195,5469175.8316,0
1774_5469,1773971.2195,5469175.8316,0
1775_5469,1774971.2195,5469175.8316,0
1776_5469,1775971.2195,5469175.8316,0
1777_5469,1776971.2195,5469175.8316,0
1778_5469,1777971.2195,5469175.8316,0
1779_5469,1778971.2195,5469175.8316,0
1780_5469,1779971.2195,5469175.8316,0
1781_5469,1780971.2195,5469175.8316,0
1782_5469,1781971.2195,5469175.8316,0
1783_5469,1782971.2195,5469175.8316,0
1784_5469,1783971.2195,5469175.8316,0
1785_5469,1784971.2195,5469175.8316,0
1786_5469,1785971.2195,5469175.8316,0
1787_5469,1786971.2195,5469175.8316,0
1788_5469,1787971.2195,5469175.8316,0
1789_5469,1788971.2195,5469175.8316,0
1790_5469,1789971.2195,5469175.8316,0
1791_5469,1790971.2195,5469175.8316,0
1792_5469,1791971.2195,5469175.8316,0
1793_5469,1792971.2195,5469175.8316,0
1794_5469,1793971.2195,5469175.8316,0
1795_5469,1794971.2195,5469175.8316,0
1796_5469,1795971.2195,5469175.8316,0
1797_5469,1796971.2195,5469175.8316,0
1798_5469,1797971.2195,5469175.8316,0
1799_5469,1798971.2195,5469175.8316,0
1800_5469,1799971.2195,5469175.8316,0
1801_5469,1800971.2195,5469175.8316,0
1802_5469,1801971.2195,5469175.8316,0
1803_5469,1802971.2195,5469175.8316,0
1804_5469,1803971.2195,5469175.8316,0
1805_5469,1804971.2195,5469175.8316,0
1806_5469,1805971.2195,5469175.8316,0
1807_5469,1806971.2195,5469175.8316,0
1808_5469,1807971.2195,5469175.8316,0
1809_5469,1808971.2195,5469175.8316,0
1810_5469,1809971.2195,5469175.8316,0
1811_5469,1810971.2195,5469175.8316,0
1812_5469,1811971.2195,5469175.8316,0
1813_5469,1812971.2195,5469175.8316,0
1814_5469,1813971.2195,5469175.8316,0
1815_5469,1814971.2195,5469175.8316,0
1816_5469,1815971.2195,5469175.8316,0
1817_5469,1816971.2195,5469175.8316,0
1818_5469,1817971.2195,5469175.8316,0
1819_5469,1818971.2195,5469175.8316,0
1820_5469,1819971.2195,5469175.8316,0
1821_5469,1820971.2195,5469175.8316,0
1822_5469,1821971.2195,5469175.8316,0
1823_5469,1822971.2195,5469175.8316,0
1824_5469,1823971.2195,5469175.8316,0
1825_5469,1824971.2195,5469175.8316,0
1826_5469,1825971.2195,5469175.8316,0
1827_5469,1826971.2195,5469175.8316,0
1828_5469,1827971.2195,5469175.8316,0
1829_5469,1828971.2195,5469175.8316,0
1830_5469,1829971.2195,5469175.8316,0
1831_5469,1830971.2195,5469175.8316,0
1832_5469,1831971.2195,5469175.8316,0
1833_5469,1832971.2195,5469175.8316,0
1834_5469,1833971.2195,5469175.8316,0
1835_5469,1834971.2195,5469175.8316,0
1836_5469,1835971.2195,5469175.8316,0
1837_5469,1836971.2195,5469175.8316,0
1838_5469,1837971.2195,5469175.8316,0
1839_5469,1838971.2195,5469175.8316,0
1840_5469,1839971.2195,5469175.8316,0
1841_5469,1840971.2195,5469175.8316,0
1842_5469,1841971.2195,5469175.8316,0
1843_5469,1842971.2195,5469175.8316,0
1844_5469,1843971.2195,5469175.8316,0
1845_5469,1844971.2195,5469175.8316,0
1846_5469,1845971.2195,5469175.8316,0
1847_5469,1846971.2195,5469175.8316,0
1848_5469,1847971.2195,5469175.8316,0
1849_5469,1848971.2195,5469175.8316,0
1850_5469,1849971.2195,5469175.8316,0
1851_5469,1850971.2195,5469175.8316,0
1852_5469,1851971.2195,5469175.8316,0
1853_5469,1852971.2195,5469175.8316,0
1854_5469,1853971.2195,5469175.8316,0
1855_5469,1854971.2195,5469175.8316,0
1856_5469,1855971.2195,5469175.8316,0
1857_5469,1856971.2195,5469175.8316,0
1858_5469,1857971.2195,5469175.8316,0
1859_5469,1858971.2195,5469175.8316,0
1860_5469,1859971.2195,5469175.8316,0
1861_5469,1860971.2195,5469175.8316,0
1862_5469,1861971.2195,5469175.8316,0
1863_5469,1862971.2195,5469175.8316,0
1864_5469,1863971.2195,5469175.8316,0
1865_5469,1864971.2195,5469175.8316,0
1866_5469,1865971.2195,5469175.8316,0
1867_5469,1866971.2195,5469175.8316,0
1868_5469,1867971.2195,5469175.8316,0
1869_5469,1868971.2195,5469175.8316,0
1870_5469,1869971.2195,5469175.8316,0
1871_5469,1870971.2195,5469175.8316,0
1767_5470,1766971.2195,5470175.8316,0
1768_5470,1767971.2195,5470175.8316,0
1769_5470,1768971.2195,5470175.8316,0
1770_5470,1769971.2195,5470175.8316,0
1771_5470,1770971.2195,5470175.8316,0
1772_5470,1771971.2195,5470175.8316,0
1773_5470,1772971.2195,5470175.8316,0
1774_5470,1773971.2195,5470175.8316,0
1775_5470,1774971.2195,5470175.8316,0
1776_5470,1775971.2195,5470175.8316,0
1777_5470,1776971.2195,5470175.8316,0
1778_5470,1777971.2195,5470175.8316,0
1779_5470,1778971.2195,5470175.8316,0
1780_5470,1779971.2195,5470175.8316,0
1781_5470,1780971.2195,5470175.8316,0
1782_5470,1781971.2195,5470175.8316,0
1783_5470,1782971.2195,5470175.8316,0
1784_5470,1783971.2195,5470175.8316,0
1785_5470,1784971.2195,5470175.8316,0
1786_5470,1785971.2195,5470175.8316,0
1787_5470,1786971.2195,5470175.8316,0
1788_5470,1787971.2195,5470175.8316,0
1789_5470,1788971.2195,5470175.8316,0
1790_5470,1789971.2195,5470175.8316,0
1791_5470,1790971.2195,5470175.8316,0
1792_5470,1791971.2195,5470175.8316,0
1793_5470,1792971.2195,5470175.8316,0
1794_5470,1793971.2195,5470175.8316,0
1795_5470,1794971.2195,5470175.8316,0
1796_5470,1795971.2195,5470175.8316,0
1797_5470,1796971.2195,5470175.8316,0
1798_5470,1797971.2195,5470175.8316,0
1799_5470,1798971.2195,5470175.8316,0
1800_5470,1799971.2195,5470175.8316,0
1801_5470,1800971.2195,5470175.8316,0
1802_5470,1801971.2195,5470175.8316,0
1803_5470,1802971.2195,5470175.8316,0
1804_5470,1803971.2195,5470175.8316,0
1805_5470,1804971.2195,5470175.8316,0
1806_5470,1805971.2195,5470175.8316,0
1807_5470,1806971.2195,5470175.8316,0
1808_5470,1807971.2195,5470175.8316,0
1809_5470,1808971.2195,5470175.8316,0
1810_5470,1809971.2195,5470175.8316,0
1811_5470,1810971.2195,5470175.8316,0
1812_5470,1811971.2195,5470175.8316,0
1813_5470,1812971.2195,5470175.8316,0
1814_5470,1813971.2195,5470175.8316,0
1815_5470,1814971.2195,5470175.8316,0
1816_5470,1815971.2195,5470175.8316,0
1817_5470,1816971.2195,5470175.8316,0
1818_5470,1817971.2195,5470175.8316,0
1819_5470,1818971.2195,5470175.8316,0
1820_5470,1819971.2195,5470175.8316,0
1821_5470,1820971.2195,5470175.8316,0
1822_5470,1821971.2195,5470175.8316,0
1823_5470,1822971.2195,5470175.8316,0
1824_5470,1823971.2195,5470175.8316,0
1825_5470,1824971.2195,5470175.8316,0
1826_5470,1825971.2195,5470175.8316,0
1827_5470,1826971.2195,5470175.8316,0
1828_5470,1827971.2195,5470175.8316,0
1829_5470,1828971.2195,5470175.8316,0
1830_5470,1829971.2195,5470175.8316,0
1831_5470,1830971.2195,5470175.8316,0
1832_5470,1831971.2195,5470175.8316,0
1833_5470,1832971.2195,5470175.8316,0
1834_5470,1833971.2195,5470175.8316,0
1835_5470,1834971.2195,5470175.8316,0
1836_5470,1835971.2195,5470175.8316,0
1837_5470,1836971.2195,5470175.8316,0
1838_5470,1837971.2195,5470175.8316,0
1839_5470,1838971.2195,5470175.8316,0
1840_5470,1839971.2195,5470175.8316,0
1841_5470,1840971.2195,5470175.8316,0
1842_5470,1841971.2195,5470175.8316,0
1843_5470,1842971.2195,5470175.8316,0
1844_5470,1843971.2195,5470175.8316,0
1845_5470,1844971.2195,5470175.8316,0
1846_5470,1845971.2195,5470175.8316,0
1847_5470,1846971.2195,5470175.8316,0
1848_5470,1847971.2195,5470175.8316,0
1849_5470,1848971.2195,5470175.8316,0
1850_5470,1849971.2195,5470175.8316,0
1851_5470,1850971.2195,5470175.8316,0
1852_5470,1851971.2195,5470175.8316,0
1853_5470,1852971.2195,5470175.8316,0
1854_5470,1853971.2195,5470175.8316,0
1855_5470,1854971.2195,5470175.8316,0
1856_5470,1855971.2195,5470175.8316,0
1857_5470,1856971.2195,5470175.8316,0
1858_5470,1857971.2195,5470175.8316,0
1859_5470,1858971.2195,5470175.8316,0
1860_5470,1859971.2195,5470175.8316,0
1861_5470,1860971.2195,5470175.8316,0
1862_5470,1861971.2195,5470175.8316,0
1863_5470,1862971.2195,5470175.8316,0
1864_5470,1863971.2195,5470175.8316,0
1865_5470,1864971.2195,5470175.8316,0
1866_5470,1865971.2195,5470175.8316,0
1867_5470,1866971.2195,5470175.8316,0
1868_5470,1867971.2195,5470175.8316,0
1869_5470,1868971.2195,5470175.8316,0
1870_5470,1869971.2195,5470175.8316,0
1871_5470,1870971.2195,5470175.8316,0
1767_5471,1766971.2195,5471175.8316,0
1768_5471,1767971.2195,5471175.8316,0
1769_5471,1768971.2195,5471175.8316,0
1770_5471,1769971.2195,5471175.8316,0
1771_5471,1770971.2195,5471175.8316,0
1772_5471,1771971.2195,5471175.8316,0
1773_5471,1772971.2195,5471175.8316,0
1774_5471,1773971.2195,5471175.8316,0
1775_5471,1774971.2195,5471175.8316,0
1776_5471,1775971.2195,5471175.8316,0
1777_5471,1776971.2195,5471175.8316,0
1778_5471,1777971.2195,5471175.8316,0
1779_5471,1778971.2195,5471175.8316,0
1780_5471,1779971.2195,5471175.8316,0
1781_5471,1780971.2195,5471175.8316,0
1782_5471,1781971.2195,5471175.8316,0
1783_5471,1782971.2195,5471175.8316,0
1784_5471,1783971.2195,5471175.8316,0
1785_5471,1784971.2195,5471175.8316,0
1786_5471,1785971.2195,5471175.8316,0
1787_5471,1786971.2195,5471175.8316,0
1788_5471,1787971.2195,5471175.8316,0
1789_5471,1788971.2195,5471175.8316,0
1790_5471,1789971.2195,5471175.8316,0
1791_5471,1790971.2195,5471175.8316,0
1792_5471,1791971.2195,5471175.8316,0
1793_5471,1792971.2195,5471175.8316,0
1794_5471,1793971.2195,5471175.8316,0
1795_5471,1794971.2195,5471175.8316,0
1796_5471,1795971.2195,5471175.8316,0
1797_5471,1796971.2195,5471175.8316,0
1798_5471,1797971.2195,5471175.8316,0
1799_5471,1798971.2195,5471175.8316,0
1800_5471,1799971.2195,5471175.8316,0
1801_5471,1800971.2195,5471175.8316,0
1802_5471,1801971.2195,5471175.8316,0
1803_5471,1802971.2195,5471175.8316,0
1804_5471,1803971.2195,5471175.8316,0
1805_5471,1804971.2195,5471175.8316,0
1806_5471,1805971.2195,5471175.8316,0
1807_5471,1806971.2195,5471175.8316,0
1808_5471,1807971.2195,5471175.8316,0
1809_5471,1808971.2195,5471175.8316,0
1810_5471,1809971.2195,5471175.8316,0
1811_5471,1810971.2195,5471175.8316,0
1812_5471,1811971.2195,5471175.8316,0
1813_5471,1812971.2195,5471175.8316,0
1814_5471,1813971.2195,5471175.8316,0
1815_5471,1814971.2195,5471175.8316,0
1816_5471,1815971.2195,5471175.8316,0
1817_5471,1816971.2195,5471175.8316,0
1818_5471,1817971.2195,5471175.8316,0
1819_5471,1818971.2195,5471175.8316,0
1820_5471,1819971.2195,5471175.8316,0
1821_5471,1820971.2195,5471175.8316,0
1822_5471,1821971.2195,5471175.8316,0
1823_5471,1822971.2195,5471175.8316,0
1824_5471,1823971.2195,5471175.8316,0
1825_5471,1824971.2195,5471175.8316,0
1826_5471,1825971.2195,5471175.8316,0
1827_5471,1826971.2195,5471175.8316,0
1828_5471,1827971.2195,5471175.8316,0
1829_5471,1828971.2195,5471175.8316,0
1830_5471,1829971.2195,5471175.8316,0
1831_5471,1830971.2195,5471175.8316,0
1832_5471,1831971.2195,5471175.8316,0
1833_5471,1832971.2195,5471175.8316,0
1834_5471,1833971.2195,5471175.8316,0
1835_5471,1834971.2195,5471175.8316,0
1836_5471,1835971.2195,5471175.8316,0
1837_5471,1836971.2195,5471175.8316,0
1838_5471,1837971.2195,5471175.8316,0
1839_5471,1838971.2195,5471175.8316,0
1840_5471,1839971.2195,5471175.8316,0
1841_5471,1840971.2195,5471175.8316,0
1842_5471,1841971.2195,5471175.8316,0
1843_5471,1842971.2195,5471175.8316,0
1844_5471,1843971.2195,5471175.8316,0
1845_5471,1844971.2195,5471175.8316,0
1846_5471,1845971.2195,5471175.8316,0
1847_5471,1846971.2195,5471175.8316,0
1848_5471,1847971.2195,5471175.8316,0
1849_5471,1848971.2195,5471175.8316,0
1850_5471,1849971.2195,5471175.8316,0
1851_5471,1850971.2195,5471175.8316,0
1852_5471,1851971.2195,5471175.8316,0
1853_5471,1852971.2195,5471175.8316,0
1854_5471,1853971.2195,5471175.8316,0
1855_5471,1854971.2195,5471175.8316,0
1856_5471,1855971.2195,5471175.8316,0
1857_5471,1856971.2195,5471175.8316,0
1858_5471,1857971.2195,5471175.8316,0
1859_5471,1858971.2195,5471175.8316,0
1860_5471,1859971.2195,5471175.8316,0
1861_5471,1860971.2195,5471175.8316,0
1862_5471,1861971.2195,5471175.8316,0
1863_5471,1862971.2195,5471175.8316,0
1864_5471,1863971.2195,5471175.8316,0
1865_5471,1864971.2195,5471175.8316,0
1866_5471,1865971.2195,5471175.8316,0
1867_5471,1866971.2195,5471175.8316,0
1868_5471,1867971.2195,5471175.8316,0
1869_5471,1868971.2195,5471175.8316,0
1870_5471,1869971.2195,5471175.8316,0
1871_5471,1870971.2195,5471175.8316,0
1872_5471,1871971.2195,5471175.8316,0
1758_5472,1757971.2195,5472175.8316,0
1759_5472,1758971.2195,5472175.8316,0
1768_5472,1767971.2195,5472175.8316,0
1769_5472,1768971.2195,5472175.8316,0
1770_5472,1769971.2195,5472175.8316,0
1771_5472,1770971.2195,5472175.8316,0
1772_5472,1771971.2195,5472175.8316,0
1773_5472,1772971.2195,5472175.8316,0
1774_5472,1773971.2195,5472175.8316,0
1775_5472,1774971.2195,5472175.8316,0
1776_5472,1775971.2195,5472175.8316,0
1777_5472,1776971.2195,5472175.8316,0
1778_5472,1777971.2195,5472175.8316,0
1779_5472,1778971.2195,5472175.8316,0
1780_5472,1779971.2195,5472175.8316,0
1781_5472,1780971.2195,5472175.8316,0
1782_5472,1781971.2195,5472175.8316,0
1783_5472,1782971.2195,5472175.8316,0
1784_5472,1783971.2195,5472175.8316,0
1785_5472,1784971.2195,5472175.8316,0
1786_5472,1785971.2195,5472175.8316,0
1787_5472,1786971.2195,5472175.8316,0
1788_5472,1787971.2195,5472175.8316,0
1789_5472,1788971.2195,5472175.8316,0
1790_5472,1789971.2195,5472175.8316,0
1791_5472,1790971.2195,5472175.8316,0
1792_5472,1791971.2195,5472175.8316,0
1793_5472,1792971.2195,5472175.8316,0
1794_5472,1793971.2195,5472175.8316,0
1795_5472,1794971.2195,5472175.8316,0
1796_5472,1795971.2195,5472175.8316,0
1797_5472,1796971.2195,5472175.8316,0
1798_5472,1797971.2195,5472175.8316,0
1799_5472,1798971.2195,5472175.8316,0
1800_5472,1799971.2195,5472175.8316,0
1801_5472,1800971.2195,5472175.8316,0
1802_5472,1801971.2195,5472175.8316,0
1803_5472,1802971.2195,5472175.8316,0
1804_5472,1803971.2195,5472175.8316,0
1805_5472,1804971.2195,5472175.8316,0
1806_5472,1805971.2195,5472175.8316,0
1807_5472,1806971.2195,5472175.8316,0
1808_5472,1807971.2195,5472175.8316,0
1809_5472,1808971.2195,5472175.8316,0
1810_5472,1809971.2195,5472175.8316,0
1811_5472,1810971.2195,5472175.8316,0
1812_5472,1811971.2195,5472175.8316,0
1813_5472,1812971.2195,5472175.8316,0
1814_5472,1813971.2195,5472175.8316,0
1815_5472,1814971.2195,5472175.8316,0
1816_5472,1815971.2195,5472175.8316,0
1817_5472,1816971.2195,5472175.8316,0
1818_5472,1817971.2195,5472175.8316,0
1819_5472,1818971.2195,5472175.8316,0
1820_5472,1819971.2195,5472175.8316,0
1821_5472,1820971.2195,5472175.8316,0
1822_5472,1821971.2195,5472175.8316,0
1823_5472,1822971.2195,5472175.8316,0
1824_5472,1823971.2195,5472175.8316,0
1825_5472,1824971.2195,5472175.8316,0
1826_5472,1825971.2195,5472175.8316,0
1827_5472,1826971.2195,5472175.8316,0
1828_5472,1827971.2195,5472175.8316,0
1829_5472,1828971.2195,5472175.8316,0
1830_5472,1829971.2195,5472175.8316,0
1831_5472,1830971.2195,5472175.8316,0
1832_5472,1831971.2195,5472175.8316,0
1833_5472,1832971.2195,5472175.8316,0
1834_5472,1833971.2195,5472175.8316,0
1835_5472,1834971.2195,5472175.8316,0
1836_5472,1835971.2195,5472175.8316,0
1837_5472,1836971.2195,5472175.8316,0
1838_5472,1837971.2195,5472175.8316,0
1839_5472,1838971.2195,5472175.8316,0
1840_5472,1839971.2195,5472175.8316,0
1841_5472,1840971.2195,5472175.8316,0
1842_5472,1841971.2195,5472175.8316,0
1843_5472,1842971.2195,5472175.8316,0
1844_5472,1843971.2195,5472175.8316,0
1845_5472,1844971.2195,5472175.8316,0
1846_5472,1845971.2195,5472175.8316,0
1847_5472,1846971.2195,5472175.8316,0
1848_5472,1847971.2195,5472175.8316,0
1849_5472,1848971.2195,5472175.8316,0
1850_5472,1849971.2195,5472175.8316,0
1851_5472,1850971.2195,5472175.8316,0
1852_5472,1851971.2195,5472175.8316,0
1853_5472,1852971.2195,5472175.8316,0
1854_5472,1853971.2195,5472175.8316,0
1855_5472,1854971.2195,5472175.8316,0
1856_5472,1855971.2195,5472175.8316,0
1857_5472,1856971.2195,5472175.8316,0
1858_5472,1857971.2195,5472175.8316,0
1859_5472,1858971.2195,5472175.8316,0
1860_5472,1859971.2195,5472175.8316,0
1861_5472,1860971.2195,5472175.8316,0
1862_5472,1861971.2195,5472175.8316,0
1863_5472,1862971.2195,5472175.8316,0
1864_5472,1863971.2195,5472175.8316,0
1865_5472,1864971.2195,5472175.8316,0
1866_5472,1865971.2195,5472175.8316,0
1867_5472,1866971.2195,5472175.8316,0
1868_5472,1867971.2195,5472175.8316,0
1869_5472,1868971.2195,5472175.8316,0
1870_5472,1869971.2195,5472175.8316,0
1871_5472,1870971.2195,5472175.8316,0
1872_5472,1871971.2195,5472175.8316,0
1873_5472,1872971.2195,5472175.8316,0
1758_5473,1757971.2195,5473175.8316,0
1759_5473,1758971.2195,5473175.8316,0
1760_5473,1759971.2195,5473175.8316,0
1769_5473,1768971.2195,5473175.8316,0
1770_5473,1769971.2195,5473175.8316,0
1771_5473,1770971.2195,5473175.8316,0
1772_5473,1771971.2195,5473175.8316,0
1773_5473,1772971.2195,5473175.8316,0
1774_5473,1773971.2195,5473175.8316,0
1775_5473,1774971.2195,5473175.8316,0
1776_5473,1775971.2195,5473175.8316,0
1777_5473,1776971.2195,5473175.8316,0
1778_5473,1777971.2195,5473175.8316,0
1779_5473,1778971.2195,5473175.8316,0
1780_5473,1779971.2195,5473175.8316,0
1781_5473,1780971.2195,5473175.8316,0
1782_5473,1781971.2195,5473175.8316,0
1783_5473,1782971.2195,5473175.8316,0
1784_5473,1783971.2195,5473175.8316,0
1785_5473,1784971.2195,5473175.8316,0
1786_5473,1785971.2195,5473175.8316,0
1787_5473,1786971.2195,5473175.8316,0
1788_5473,1787971.2195,5473175.8316,0
1789_5473,1788971.2195,5473175.8316,0
1790_5473,1789971.2195,5473175.8316,0
1791_5473,1790971.2195,5473175.8316,0
1792_5473,1791971.2195,5473175.8316,0
1793_5473,1792971.2195,5473175.8316,0
1794_5473,1793971.2195,5473175.8316,0
1795_5473,1794971.2195,5473175.8316,0
1796_5473,1795971.2195,5473175.8316,0
1797_5473,1796971.2195,5473175.8316,0
1798_5473,1797971.2195,5473175.8316,0
1799_5473,1798971.2195,5473175.8316,0
1800_5473,1799971.2195,5473175.8316,0
1801_5473,1800971.2195,5473175.8316,0
1802_5473,1801971.2195,5473175.8316,0
1803_5473,1802971.2195,5473175.8316,0
1804_5473,1803971.2195,5473175.8316,0
1805_5473,1804971.2195,5473175.8316,0
1806_5473,1805971.2195,5473175.8316,0
1807_5473,1806971.2195,5473175.8316,0
1808_5473,1807971.2195,5473175.8316,0
1809_5473,1808971.2195,5473175.8316,0
1810_5473,1809971.2195,5473175.8316,0
1811_5473,1810971.2195,5473175.8316,0
1812_5473,1811971.2195,5473175.8316,0
1813_5473,1812971.2195,5473175.8316,0
1814_5473,1813971.2195,5473175.8316,0
1815_5473,1814971.2195,5473175.8316,0
1816_5473,1815971.2195,5473175.8316,0
1817_5473,1816971.2195,5473175.8316,0
1818_5473,1817971.2195,5473175.8316,0
1819_5473,1818971.2195,5473175.8316,0
1820_5473,1819971.2195,5473175.8316,0
1821_5473,1820971.2195,5473175.8316,0
1822_5473,1821971.2195,5473175.8316,0
1823_5473,1822971.2195,5473175.8316,0
1824_5473,1823971.2195,5473175.8316,0
1825_5473,1824971.2195,5473175.8316,0
1826_5473,1825971.2195,5473175.8316,0
1827_5473,1826971.2195,5473175.8316,0
1828_5473,1827971.2195,5473175.8316,0
1829_5473,1828971.2195,5473175.8316,0
1830_5473,1829971.2195,5473175.8316,0
1831_5473,1830971.2195,5473175.8316,0
1832_5473,1831971.2195,5473175.8316,0
1833_5473,1832971.2195,5473175.8316,0
1834_5473,1833971.2195,5473175.8316,0
1835_5473,1834971.2195,5473175.8316,0
1836_5473,1835971.2195,5473175.8316,0
1837_5473,1836971.2195,5473175.8316,0
1838_5473,1837971.2195,5473175.8316,0
1839_5473,1838971.2195,5473175.8316,0
1840_5473,1839971.2195,5473175.8316,0
1841_5473,1840971.2195,5473175.8316,0
1842_5473,1841971.2195,5473175.8316,0
1843_5473,1842971.2195,5473175.8316,0
1844_5473,1843971.2195,5473175.8316,0
1845_5473,1844971.2195,5473175.8316,0
1846_5473,1845971.2195,5473175.8316,0
1847_5473,1846971.2195,5473175.8316,0
1848_5473,1847971.2195,5473175.8316,0
1849_5473,1848971.2195,5473175.8316,0
1850_5473,1849971.2195,5473175.8316,0
1851_5473,1850971.2195,5473175.8316,0
1852_5473,1851971.2195,5473175.8316,0
1853_5473,1852971.2195,5473175.8316,0
1854_5473,1853971.2195,5473175.8316,0
1855_5473,1854971.2195,5473175.8316,0
1856_5473,1855971.2195,5473175.8316,0
1857_5473,1856971.2195,5473175.8316,0
1858_5473,1857971.2195,5473175.8316,0
1859_5473,1858971.2195,5473175.8316,0
1860_5473,1859971.2195,5473175.8316,0
1861_5473,1860971.2195,5473175.8316,0
1862_5473,1861971.2195,5473175.8316,0
1863_5473,1862971.2195,5473175.8316,0
1864_5473,1863971.2195,5473175.8316,0
1865_5473,1864971.2195,5473175.8316,0
1866_5473,1865971.2195,5473175.8316,0
1867_5473,1866971.2195,5473175.8316,0
1868_5473,1867971.2195,5473175.8316,0
1869_5473,1868971.2195,5473175.8316,0
1870_5473,1869971.2195,5473175.8316,0
1871_5473,1870971.2195,5473175.8316,0
1872_5473,1871971.2195,5473175.8316,0
1873_5473,1872971.2195,5473175.8316,0
1759_5474,1758971.2195,5474175.8316,0
1760_5474,1759971.2195,5474175.8316,0
1761_5474,1760971.2195,5474175.8316,0
1770_5474,1769971.2195,5474175.8316,0
1771_5474,1770971.2195,5474175.8316,0
1772_5474,1771971.2195,5474175.8316,0
1773_5474,1772971.2195,5474175.8316,0
1774_5474,1773971.2195,5474175.8316,0
1775_5474,1774971.2195,5474175.8316,0
1776_5474,1775971.2195,5474175.8316,0
1777_5474,1776971.2195,5474175.8316,0
1778_5474,1777971.2195,5474175.8316,0
1779_5474,1778971.2195,5474175.8316,0
1780_5474,1779971.2195,5474175.8316,0
1781_5474,1780971.2195,5474175.8316,0
1782_5474,1781971.2195,5474175.8316,0
1783_5474,1782971.2195,5474175.8316,0
1784_5474,1783971.2195,5474175.8316,0
1785_5474,1784971.2195,5474175.8316,0
1786_5474,1785971.2195,5474175.8316,0
1787_5474,1786971.2195,5474175.8316,0
1788_5474,1787971.2195,5474175.8316,0
1789_5474,1788971.2195,5474175.8316,0
1790_5474,1789971.2195,5474175.8316,0
1791_5474,1790971.2195,5474175.8316,0
1792_5474,1791971.2195,5474175.8316,0
1793_5474,1792971.2195,5474175.8316,0
1794_5474,1793971.2195,5474175.8316,0
1795_5474,1794971.2195,5474175.8316,0
1796_5474,1795971.2195,5474175.8316,0
1797_5474,1796971.2195,5474175.8316,0
1798_5474,1797971.2195,5474175.8316,0
1799_5474,1798971.2195,5474175.8316,0
1800_5474,1799971.2195,5474175.8316,0
1801_5474,1800971.2195,5474175.8316,0
1802_5474,1801971.2195,5474175.8316,0
1803_5474,1802971.2195,5474175.8316,0
1804_5474,1803971.2195,5474175.8316,0
1805_5474,1804971.2195,5474175.8316,0
1806_5474,1805971.2195,5474175.8316,0
1807_5474,1806971.2195,5474175.8316,0
1808_5474,1807971.2195,5474175.8316,0
1809_5474,1808971.2195,5474175.8316,0
1810_5474,1809971.2195,5474175.8316,0
1811_5474,1810971.2195,5474175.8316,0
1812_5474,1811971.2195,5474175.8316,0
1813_5474,1812971.2195,5474175.8316,0
1814_5474,1813971.2195,5474175.8316,0
1815_5474,1814971.2195,5474175.8316,0
1816_5474,1815971.2195,5474175.8316,0
1817_5474,1816971.2195,5474175.8316,0
1818_5474,1817971.2195,5474175.8316,0
1819_5474,1818971.2195,5474175.8316,0
1820_5474,1819971.2195,5474175.8316,0
1821_5474,1820971.2195,5474175.8316,0
1822_5474,1821971.2195,5474175.8316,0
1823_5474,1822971.2195,5474175.8316,0
1824_5474,1823971.2195,5474175.8316,0
1825_5474,1824971.2195,5474175.8316,0
1826_5474,1825971.2195,5474175.8316,0
1827_5474,1826971.2195,5474175.8316,0
1828_5474,1827971.2195,5474175.8316,0
1829_5474,1828971.2195,5474175.8316,0
1830_5474,1829971.2195,5474175.8316,0
1831_5474,1830971.2195,5474175.8316,0
1832_5474,1831971.2195,5474175.8316,0
1833_5474,1832971.2195,5474175.8316,0
1834_5474,1833971.2195,5474175.8316,0
1835_5474,1834971.2195,5474175.8316,0
1836_5474,1835971.2195,5474175.8316,0
1837_5474,1836971.2195,5474175.8316,0
1838_5474,1837971.2195,5474175.8316,0
1839_5474,1838971.2195,5474175.8316,0
1840_5474,1839971.2195,5474175.8316,0
1841_5474,1840971.2195,5474175.8316,0
1842_5474,1841971.2195,5474175.8316,0
1843_5474,1842971.2195,5474175.8316,0
1844_5474,1843971.2195,5474175.8316,0
1845_5474,1844971.2195,5474175.8316,0
1846_5474,1845971.2195,5474175.8316,0
1847_5474,1846971.2195,5474175.8316,0
1848_5474,1847971.2195,5474175.8316,0
1849_5474,1848971.2195,5474175.8316,0
1850_5474,1849971.2195,5474175.8316,0
1851_5474,1850971.2195,5474175.8316,0
1852_5474,1851971.2195,5474175.8316,0
1853_5474,1852971.2195,5474175.8316,0
1854_5474,1853971.2195,5474175.8316,0
1855_5474,1854971.2195,5474175.8316,0
1856_5474,1855971.2195,5474175.8316,0
1857_5474,1856971.2195,5474175.8316,0
1858_5474,1857971.2195,5474175.8316,0
1859_5474,1858971.2195,5474175.8316,0
1860_5474,1859971.2195,5474175.8316,0
1861_5474,1860971.2195,5474175.8316,0
1862_5474,1861971.2195,5474175.8316,0
1863_5474,1862971.2195,5474175.8316,0
1864_5474,1863971.2195,5474175.8316,0
1865_5474,1864971.2195,5474175.8316,0
1866_5474,1865971.2195,5474175.8316,0
1867_5474,1866971.2195,5474175.8316,0
1868_5474,1867971.2195,5474175.8316,0
1869_5474,1868971.2195,5474175.8316,0
1870_5474,1869971.2195,5474175.8316,0
1871_5474,1870971.2195,5474175.8316,0
1872_5474,1871971.2195,5474175.8316,0
1873_5474,1872971.2195,5474175.8316,0
1874_5474,1873971.2195,5474175.8316,0
1760_5475,1759971.2195,5475175.8316,0
1761_5475,1760971.2195,5475175.8316,0
1762_5475,1761971.2195,5475175.8316,0
1771_5475,1770971.2195,5475175.8316,0
1772_5475,1771971.2195,5475175.8316,0
1773_5475,1772971.2195,5475175.8316,0
1774_5475,1773971.2195,5475175.8316,0
1775_5475,1774971.2195,5475175.8316,0
1776_5475,1775971.2195,5475175.8316,0
1777_5475,1776971.2195,5475175.8316,0
1778_5475,1777971.2195,5475175.8316,0
1779_5475,1778971.2195,5475175.8316,0
1780_5475,1779971.2195,5475175.8316,0
1781_5475,1780971.2195,5475175.8316,0
1782_5475,1781971.2195,5475175.8316,0
1783_5475,1782971.2195,5475175.8316,0
1784_5475,1783971.2195,5475175.8316,0
1785_5475,1784971.2195,5475175.8316,0
1786_5475,1785971.2195,5475175.8316,0
1787_5475,1786971.2195,5475175.8316,0
1788_5475,1787971.2195,5475175.8316,0
1789_5475,1788971.2195,5475175.8316,0
1790_5475,1789971.2195,5475175.8316,0
1791_5475,1790971.2195,5475175.8316,0
1792_5475,1791971.2195,5475175.8316,0
1793_5475,1792971.2195,5475175.8316,0
1794_5475,1793971.2195,5475175.8316,0
1795_5475,1794971.2195,5475175.8316,0
1796_5475,1795971.2195,5475175.8316,0
1797_5475,1796971.2195,5475175.8316,0
1798_5475,1797971.2195,5475175.8316,0
1799_5475,1798971.2195,5475175.8316,0
1800_5475,1799971.2195,5475175.8316,0
1801_5475,1800971.2195,5475175.8316,0
1802_5475,1801971.2195,5475175.8316,0
1803_5475,1802971.2195,5475175.8316,0
1804_5475,1803971.2195,5475175.8316,0
1805_5475,1804971.2195,5475175.8316,0
1806_5475,1805971.2195,5475175.8316,0
1807_5475,1806971.2195,5475175.8316,0
1808_5475,1807971.2195,5475175.8316,0
1809_5475,1808971.2195,5475175.8316,0
1810_5475,1809971.2195,5475175.8316,0
1811_5475,1810971.2195,5475175.8316,0
1812_5475,1811971.2195,5475175.8316,0
1813_5475,1812971.2195,5475175.8316,0
1814_5475,1813971.2195,5475175.8316,0
1815_5475,1814971.2195,5475175.8316,0
1816_5475,1815971.2195,5475175.8316,0
1817_5475,1816971.2195,5475175.8316,0
1818_5475,1817971.2195,5475175.8316,0
1819_5475,1818971.2195,5475175.8316,0
1820_5475,1819971.2195,5475175.8316,0
1821_5475,1820971.2195,5475175.8316,0
1822_5475,1821971.2195,5475175.8316,0
1823_5475,1822971.2195,5475175.8316,0
1824_5475,1823971.2195,5475175.8316,0
1825_5475,1824971.2195,5475175.8316,0
1826_5475,1825971.2195,5475175.8316,0
1827_5475,1826971.2195,5475175.8316,0
1828_5475,1827971.2195,5475175.8316,0
1829_5475,1828971.2195,5475175.8316,0
1830_5475,1829971.2195,5475175.8316,0
1831_5475,1830971.2195,5475175.8316,0
1832_5475,1831971.2195,5475175.8316,0
1833_5475,1832971.2195,5475175.8316,0
1834_5475,1833971.2195,5475175.8316,0
1835_5475,1834971.2195,5475175.8316,0
1836_5475,1835971.2195,5475175.8316,0
1837_5475,1836971.2195,5475175.8316,0
1838_5475,1837971.2195,5475175.8316,0
1839_5475,1838971.2195,5475175.8316,0
1840_5475,1839971.2195,5475175.8316,0
1841_5475,1840971.2195,5475175.8316,0
1842_5475,1841971.2195,5475175.8316,0
1843_5475,1842971.2195,5475175.8316,0
1844_5475,1843971.2195,5475175.8316,0
1845_5475,1844971.2195,5475175.8316,0
1846_5475,1845971.2195,5475175.8316,0
1847_5475,1846971.2195,5475175.8316,0
1848_5475,1847971.2195,5475175.8316,0
1849_5475,1848971.2195,5475175.8316,0
1850_5475,1849971.2195,5475175.8316,0
1851_5475,1850971.2195,5475175.8316,0
1852_5475,1851971.2195,5475175.8316,0
1853_5475,1852971.2195,5475175.8316,0
1854_5475,1853971.2195,5475175.8316,0
1855_5475,1854971.2195,5475175.8316,0
1856_5475,1855971.2195,5475175.8316,0
1857_5475,1856971.2195,5475175.8316,0
1858_5475,1857971.2195,5475175.8316,0
1859_5475,1858971.2195,5475175.8316,0
1860_5475,1859971.2195,5475175.8316,0
1861_5475,1860971.2195,5475175.8316,0
1862_5475,1861971.2195,5475175.8316,0
1863_5475,1862971.2195,5475175.8316,0
1864_5475,1863971.2195,5475175.8316,0
1865_5475,1864971.2195,5475175.8316,0
1866_5475,1865971.2195,5475175.8316,0
1867_5475,1866971.2195,5475175.8316,0
1868_5475,1867971.2195,5475175.8316,0
1869_5475,1868971.2195,5475175.8316,0
1870_5475,1869971.2195,5475175.8316,0
1871_5475,1870971.2195,5475175.8316,0
1872_5475,1871971.2195,5475175.8316,0
1873_5475,1872971.2195,5475175.8316,0
1874_5475,1873971.2195,5475175.8316,0
1761_5476,1760971.2195,5476175.8316,0
1762_5476,1761971.2195,5476175.8316,0
1763_5476,1762971.2195,5476175.8316,0
1772_5476,1771971.2195,5476175.8316,0
1773_5476,1772971.2195,5476175.8316,0
1774_5476,1773971.2195,5476175.8316,0
1775_5476,1774971.2195,5476175.8316,0
1776_5476,1775971.2195,5476175.8316,0
1777_5476,1776971.2195,5476175.8316,0
1778_5476,1777971.2195,5476175.8316,0
1779_5476,1778971.2195,5476175.8316,0
1780_5476,1779971.2195,5476175.8316,0
1781_5476,1780971.2195,5476175.8316,0
1782_5476,1781971.2195,5476175.8316,0
1783_5476,1782971.2195,5476175.8316,0
1784_5476,1783971.2195,5476175.8316,0
1785_5476,1784971.2195,5476175.8316,0
1786_5476,1785971.2195,5476175.8316,0
1787_5476,1786971.2195,5476175.8316,0
1788_5476,1787971.2195,5476175.8316,0
1789_5476,1788971.2195,5476175.8316,0
1790_5476,1789971.2195,5476175.8316,0
1791_5476,1790971.2195,5476175.8316,0
1792_5476,1791971.2195,5476175.8316,0
1793_5476,1792971.2195,5476175.8316,0
1794_5476,1793971.2195,5476175.8316,0
1795_5476,1794971.2195,5476175.8316,0
1796_5476,1795971.2195,5476175.8316,0
1797_5476,1796971.2195,5476175.8316,0
1798_5476,1797971.2195,5476175.8316,0
1799_5476,1798971.2195,5476175.8316,0
1800_5476,1799971.2195,5476175.8316,0
1801_5476,1800971.2195,5476175.8316,0
1802_5476,1801971.2195,5476175.8316,0
1803_5476,1802971.2195,5476175.8316,0
1804_5476,1803971.2195,5476175.8316,0
1805_5476,1804971.2195,5476175.8316,0
1806_5476,1805971.2195,5476175.8316,0
1807_5476,1806971.2195,5476175.8316,0
1808_5476,1807971.2195,5476175.8316,0
1809_5476,1808971.2195,5476175.8316,0
1810_5476,1809971.2195,5476175.8316,0
1811_5476,1810971.2195,5476175.8316,0
1812_5476,1811971.2195,5476175.8316,0
1813_5476,1812971.2195,5476175.8316,0
1814_5476,1813971.2195,5476175.8316,0
1815_5476,1814971.2195,5476175.8316,0
1816_5476,1815971.2195,5476175.8316,0
1817_5476,1816971.2195,5476175.8316,0
1818_5476,1817971.2195,5476175.8316,0
1819_5476,1818971.2195,5476175.8316,0
1820_5476,1819971.2195,5476175.8316,0
1821_5476,1820971.2195,5476175.8316,0
1822_5476,1821971.2195,5476175.8316,0
1823_5476,1822971.2195,5476175.8316,0
1824_5476,1823971.2195,5476175.8316,0
1825_5476,1824971.2195,5476175.8316,0
1826_5476,1825971.2195,5476175.8316,0
1827_5476,1826971.2195,5476175.8316,0
1828_5476,1827971.2195,5476175.8316,0
1829_5476,1828971.2195,5476175.8316,0
1830_5476,1829971.2195,5476175.8316,0
1831_5476,1830971.2195,5476175.8316,0
1832_5476,1831971.2195,5476175.8316,0
1833_5476,1832971.2195,5476175.8316,0
1834_5476,1833971.2195,5476175.8316,0
1835_5476,1834971.2195,5476175.8316,0
1836_5476,1835971.2195,5476175.8316,0
1837_5476,1836971.2195,5476175.8316,0
1838_5476,1837971.2195,5476175.8316,0
1839_5476,1838971.2195,5476175.8316,0
1840_5476,1839971.2195,5476175.8316,0
1841_5476,1840971.2195,5476175.8316,0
1842_5476,1841971.2195,5476175.8316,0
1843_5476,1842971.2195,5476175.8316,0
1844_5476,1843971.2195,5476175.8316,0
1845_5476,1844971.2195,5476175.8316,0
1846_5476,1845971.2195,5476175.8316,0
1847_5476,1846971.2195,5476175.8316,0
1848_5476,1847971.2195,5476175.8316,0
1849_5476,1848971.2195,5476175.8316,0
1850_5476,1849971.2195,5476175.8316,0
1851_5476,1850971.2195,5476175.8316,0
1852_5476,1851971.2195,5476175.8316,0
1853_5476,1852971.2195,5476175.8316,0
1854_5476,1853971.2195,5476175.8316,0
1855_5476,1854971.2195,5476175.8316,0
1856_5476,1855971.2195,5476175.8316,0
1857_5476,1856971.2195,5476175.8316,0
1858_5476,1857971.2195,5476175.8316,0
1859_5476,1858971.2195,5476175.8316,0
1860_5476,1859971.2195,5476175.8316,0
1861_5476,1860971.2195,5476175.8316,0
1862_5476,1861971.2195,5476175.8316,0
1863_5476,1862971.2195,5476175.8316,0
1864_5476,1863971.2195,5476175.8316,0
1865_5476,1864971.2195,5476175.8316,0
1866_5476,1865971.2195,5476175.8316,0
1867_5476,1866971.2195,5476175.8316,0
1868_5476,1867971.2195,5476175.8316,0
1869_5476,1868971.2195,5476175.8316,0
1870_5476,1869971.2195,5476175.8316,0
1871_5476,1870971.2195,5476175.8316,0
1872_5476,1871971.2195,5476175.8316,0
1873_5476,1872971.2195,5476175.8316,0
1874_5476,1873971.2195,5476175.8316,0
1762_5477,1761971.2195,5477175.8316,0
1763_5477,1762971.2195,5477175.8316,0
1773_5477,1772971.2195,5477175.8316,0
1774_5477,1773971.2195,5477175.8316,0
1775_5477,1774971.2195,5477175.8316,0
1776_5477,1775971.2195,5477175.8316,0
1777_5477,1776971.2195,5477175.8316,0
1778_5477,1777971.2195,5477175.8316,0
1779_5477,1778971.2195,5477175.8316,0
1780_5477,1779971.2195,5477175.8316,0
1781_5477,1780971.2195,5477175.8316,0
1782_5477,1781971.2195,5477175.8316,0
1783_5477,1782971.2195,5477175.8316,0
1784_5477,1783971.2195,5477175.8316,0
1785_5477,1784971.2195,5477175.8316,0
1786_5477,1785971.2195,5477175.8316,0
1787_5477,1786971.2195,5477175.8316,0
1788_5477,1787971.2195,5477175.8316,0
1789_5477,1788971.2195,5477175.8316,0
1790_5477,1789971.2195,5477175.8316,0
1791_5477,1790971.2195,5477175.8316,0
1792_5477,1791971.2195,5477175.8316,0
1793_5477,1792971.2195,5477175.8316,0
1794_5477,1793971.2195,5477175.8316,0
1795_5477,1794971.2195,5477175.8316,0
1796_5477,1795971.2195,5477175.8316,0
1797_5477,1796971.2195,5477175.8316,0
1798_5477,1797971.2195,5477175.8316,0
1799_5477,1798971.2195,5477175.8316,0
1800_5477,1799971.2195,5477175.8316,0
1801_5477,1800971.2195,5477175.8316,0
1802_5477,1801971.2195,5477175.8316,0
1803_5477,1802971.2195,5477175.8316,0
1804_5477,1803971.2195,5477175.8316,0
1805_5477,1804971.2195,5477175.8316,0
1806_5477,1805971.2195,5477175.8316,0
1807_5477,1806971.2195,5477175.8316,0
1808_5477,1807971.2195,5477175.8316,0
1809_5477,1808971.2195,5477175.8316,0
1810_5477,1809971.2195,5477175.8316,0
1811_5477,1810971.2195,5477175.8316,0
1812_5477,1811971.2195,5477175.8316,0
1813_5477,1812971.2195,5477175.8316,0
1814_5477,1813971.2195,5477175.8316,0
1815_5477,1814971.2195,5477175.8316,0
1816_5477,1815971.2195,5477175.8316,0
1817_5477,1816971.2195,5477175.8316,0
1818_5477,1817971.2195,5477175.8316,0
1819_5477,1818971.2195,5477175.8316,0
1820_5477,1819971.2195,5477175.8316,0
1821_5477,1820971.2195,5477175.8316,0
1822_5477,1821971.2195,5477175.8316,0
1823_5477,1822971.2195,5477175.8316,0
1824_5477,1823971.2195,5477175.8316,0
1825_5477,1824971.2195,5477175.8316,0
1826_5477,1825971.2195,5477175.8316,0
1827_5477,1826971.2195,5477175.8316,0
1828_5477,1827971.2195,5477175.8316,0
1829_5477,1828971.2195,5477175.8316,0
1830_5477,1829971.2195,5477175.8316,0
1831_5477,1830971.2195,5477175.8316,0
1832_5477,1831971.2195,5477175.8316,0
1833_5477,1832971.2195,5477175.8316,0
1834_5477,1833971.2195,5477175.8316,0
1835_5477,1834971.2195,5477175.8316,0
1836_5477,1835971.2195,5477175.8316,0
1837_5477,1836971.2195,5477175.8316,0
1838_5477,1837971.2195,5477175.8316,0
1839_5477,1838971.2195,5477175.8316,0
1840_5477,1839971.2195,5477175.8316,0
1841_5477,1840971.2195,5477175.8316,0
1842_5477,1841971.2195,5477175.8316,0
1843_5477,1842971.2195,5477175.8316,0
1844_5477,1843971.2195,5477175.8316,0
1845_5477,1844971.2195,5477175.8316,0
1846_5477,1845971.2195,5477175.8316,0
1847_5477,1846971.2195,5477175.8316,0
1848_5477,1847971.2195,5477175.8316,0
1849_5477,1848971.2195,5477175.8316,0
1850_5477,1849971.2195,5477175.8316,0
1851_5477,1850971.2195,5477175.8316,0
1852_5477,1851971.2195,5477175.8316,0
1853_5477,1852971.2195,5477175.8316,0
1854_5477,1853971.2195,5477175.8316,0
1855_5477,1854971.2195,5477175.8316,0
1856_5477,1855971.2195,5477175.8316,0
1857_5477,1856971.2195,5477175.8316,0
1858_5477,1857971.2195,5477175.8316,0
1859_5477,1858971.2195,5477175.8316,0
1860_5477,1859971.2195,5477175.8316,0
1861_5477,1860971.2195,5477175.8316,0
1862_5477,1861971.2195,5477175.8316,0
1863_5477,1862971.2195,5477175.8316,0
1864_5477,1863971.2195,5477175.8316,0
1865_5477,1864971.2195,5477175.8316,0
1866_5477,1865971.2195,5477175.8316,0
1867_5477,1866971.2195,5477175.8316,0
1868_5477,1867971.2195,5477175.8316,0
1869_5477,1868971.2195,5477175.8316,0
1870_5477,1869971.2195,5477175.8316,0
1871_5477,1870971.2195,5477175.8316,0
1872_5477,1871971.2195,5477175.8316,0
1873_5477,1872971.2195,5477175.8316,0
1874_5477,1873971.2195,5477175.8316,0
1762_5478,1761971.2195,5478175.8316,0
1763_5478,1762971.2195,5478175.8316,0
1764_5478,1763971.2195,5478175.8316,0
1774_5478,1773971.2195,5478175.8316,0
1775_5478,1774971.2195,5478175.8316,0
1776_5478,1775971.2195,5478175.8316,0
1777_5478,1776971.2195,5478175.8316,0
1778_5478,1777971.2195,5478175.8316,0
1779_5478,1778971.2195,5478175.8316,0
1780_5478,1779971.2195,5478175.8316,0
1781_5478,1780971.2195,5478175.8316,0
1782_5478,1781971.2195,5478175.8316,0
1783_5478,1782971.2195,5478175.8316,0
1784_5478,1783971.2195,5478175.8316,0
1785_5478,1784971.2195,5478175.8316,0
1786_5478,1785971.2195,5478175.8316,0
1787_5478,1786971.2195,5478175.8316,0
1788_5478,1787971.2195,5478175.8316,0
1789_5478,1788971.2195,5478175.8316,0
1790_5478,1789971.2195,5478175.8316,0
1791_5478,1790971.2195,5478175.8316,0
1792_5478,1791971.2195,5478175.8316,0
1793_5478,1792971.2195,5478175.8316,0
1794_5478,1793971.2195,5478175.8316,0
1795_5478,1794971.2195,5478175.8316,0
1796_5478,1795971.2195,5478175.8316,0
1797_5478,1796971.2195,5478175.8316,0
1798_5478,1797971.2195,5478175.8316,0
1799_5478,1798971.2195,5478175.8316,0
1800_5478,1799971.2195,5478175.8316,0
1801_5478,1800971.2195,5478175.8316,0
1802_5478,1801971.2195,5478175.8316,0
1803_5478,1802971.2195,5478175.8316,0
1804_5478,1803971.2195,5478175.8316,0
1805_5478,1804971.2195,5478175.8316,0
1806_5478,1805971.2195,5478175.8316,0
1807_5478,1806971.2195,5478175.8316,0
1808_5478,1807971.2195,5478175.8316,0
1809_5478,1808971.2195,5478175.8316,0
1810_5478,1809971.2195,5478175.8316,0
1811_5478,1810971.2195,5478175.8316,0
1812_5478,1811971.2195,5478175.8316,0
1813_5478,1812971.2195,5478175.8316,0
1814_5478,1813971.2195,5478175.8316,0
1815_5478,1814971.2195,5478175.8316,0
1816_5478,1815971.2195,5478175.8316,0
1817_5478,1816971.2195,5478175.8316,0
1818_5478,1817971.2195,5478175.8316,0
1819_5478,1818971.2195,5478175.8316,0
1820_5478,1819971.2195,5478175.8316,0
1821_5478,1820971.2195,5478175.8316,0
1822_5478,1821971.2195,5478175.8316,0
1823_5478,1822971.2195,5478175.8316,0
1824_5478,1823971.2195,5478175.8316,0
1825_5478,1824971.2195,5478175.8316,0
1826_5478,1825971.2195,5478175.8316,0
1827_5478,1826971.2195,5478175.8316,0
1828_5478,1827971.2195,5478175.8316,0
1829_5478,1828971.2195,5478175.8316,0
1830_5478,1829971.2195,5478175.8316,0
1831_5478,1830971.2195,5478175.8316,0
1832_5478,1831971.2195,5478175.8316,0
1833_5478,1832971.2195,5478175.8316,0
1834_5478,1833971.2195,5478175.8316,0
1835_5478,1834971.2195,5478175.8316,0
1836_5478,1835971.2195,5478175.8316,0
1837_5478,1836971.2195,5478175.8316,0
1838_5478,1837971.2195,5478175.8316,0
1839_5478,1838971.2195,5478175.8316,0
1840_5478,1839971.2195,5478175.8316,0
1841_5478,1840971.2195,5478175.8316,0
1842_5478,1841971.2195,5478175.8316,0
1843_5478,1842971.2195,5478175.8316,0
1844_5478,1843971.2195,5478175.8316,0
1845_5478,1844971.2195,5478175.8316,0
1846_5478,1845971.2195,5478175.8316,0
1847_5478,1846971.2195,5478175.8316,0
1848_5478,1847971.2195,5478175.8316,0
1849_5478,1848971.2195,5478175.8316,0
1850_5478,1849971.2195,5478175.8316,0
1851_5478,1850971.2195,5478175.8316,0
1852_5478,1851971.2195,5478175.8316,0
1853_5478,1852971.2195,5478175.8316,0
1854_5478,1853971.2195,5478175.8316,0
1855_5478,1854971.2195,5478175.8316,0
1856_5478,1855971.2195,5478175.8316,0
1857_5478,1856971.2195,5478175.8316,0
1858_5478,1857971.2195,5478175.8316,0
1859_5478,1858971.2195,5478175.8316,0
1860_5478,1859971.2195,5478175.8316,0
1861_5478,1860971.2195,5478175.8316,0
1862_5478,1861971.2195,5478175.8316,0
1863_5478,1862971.2195,5478175.8316,0
1864_5478,1863971.2195,5478175.8316,0
1865_5478,1864971.2195,5478175.8316,0
1866_5478,1865971.2195,5478175.8316,0
1867_5478,1866971.2195,5478175.8316,0
1868_5478,1867971.2195,5478175.8316,0
1869_5478,1868971.2195,5478175.8316,0
1870_5478,1869971.2195,5478175.8316,0
1871_5478,1870971.2195,5478175.8316,0
1872_5478,1871971.2195,5478175.8316,0
1873_5478,1872971.2195,5478175.8316,0
1874_5478,1873971.2195,5478175.8316,0
1875_5478,1874971.2195,5478175.8316,0
1763_5479,1762971.2195,5479175.8316,0
1764_5479,1763971.2195,5479175.8316,0
1774_5479,1773971.2195,5479175.8316,0
1775_5479,1774971.2195,5479175.8316,0
1776_5479,1775971.2195,5479175.8316,0
1777_5479,1776971.2195,5479175.8316,0
1778_5479,1777971.2195,5479175.8316,0
1779_5479,1778971.2195,5479175.8316,0
1780_5479,1779971.2195,5479175.8316,0
1781_5479,1780971.2195,5479175.8316,0
1782_5479,1781971.2195,5479175.8316,0
1783_5479,1782971.2195,5479175.8316,0
1784_5479,1783971.2195,5479175.8316,0
1785_5479,1784971.2195,5479175.8316,0
1786_5479,1785971.2195,5479175.8316,0
1787_5479,1786971.2195,5479175.8316,0
1788_5479,1787971.2195,5479175.8316,0
1789_5479,1788971.2195,5479175.8316,0
1790_5479,1789971.2195,5479175.8316,0
1791_5479,1790971.2195,5479175.8316,0
1792_5479,1791971.2195,5479175.8316,0
1793_5479,1792971.2195,5479175.8316,0
1794_5479,1793971.2195,5479175.8316,0
1795_5479,1794971.2195,5479175.8316,0
1796_5479,1795971.2195,5479175.8316,0
1797_5479,1796971.2195,5479175.8316,0
1798_5479,1797971.2195,5479175.8316,0
1799_5479,1798971.2195,5479175.8316,0
1800_5479,1799971.2195,5479175.8316,0
1801_5479,1800971.2195,5479175.8316,0
1802_5479,1801971.2195,5479175.8316,0
1803_5479,1802971.2195,5479175.8316,0
1804_5479,1803971.2195,5479175.8316,0
1805_5479,1804971.2195,5479175.8316,0
1806_5479,1805971.2195,5479175.8316,0
1807_5479,1806971.2195,5479175.8316,0
1808_5479,1807971.2195,5479175.8316,0
1809_5479,1808971.2195,5479175.8316,0
1810_5479,1809971.2195,5479175.8316,0
1811_5479,1810971.2195,5479175.8316,0
1812_5479,1811971.2195,5479175.8316,0
1813_5479,1812971.2195,5479175.8316,0
1814_5479,1813971.2195,5479175.8316,0
1815_5479,1814971.2195,5479175.8316,0
1816_5479,1815971.2195,5479175.8316,0
1817_5479,1816971.2195,5479175.8316,0
1818_5479,1817971.2195,5479175.8316,0
1819_5479,1818971.2195,5479175.8316,0
1820_5479,1819971.2195,5479175.8316,0
1821_5479,1820971.2195,5479175.8316,0
1822_5479,1821971.2195,5479175.8316,0
1823_5479,1822971.2195,5479175.8316,0
1824_5479,1823971.2195,5479175.8316,0
1825_5479,1824971.2195,5479175.8316,0
1826_5479,1825971.2195,5479175.8316,0
1827_5479,1826971.2195,5479175.8316,0
1828_5479,1827971.2195,5479175.8316,0
1829_5479,1828971.2195,5479175.8316,0
1830_5479,1829971.2195,5479175.8316,0
1831_5479,1830971.2195,5479175.8316,0
1832_5479,1831971.2195,5479175.8316,0
1833_5479,1832971.2195,5479175.8316,0
1834_5479,1833971.2195,5479175.8316,0
1835_5479,1834971.2195,5479175.8316,0
1836_5479,1835971.2195,5479175.8316,0
1837_5479,1836971.2195,5479175.8316,0
1838_5479,1837971.2195,5479175.8316,0
1839_5479,1838971.2195,5479175.8316,0
1840_5479,1839971.2195,5479175.8316,0
1841_5479,1840971.2195,5479175.8316,0
1842_5479,1841971.2195,5479175.8316,0
1843_5479,1842971.2195,5479175.8316,0
1844_5479,1843971.2195,5479175.8316,0
1845_5479,1844971.2195,5479175.8316,0
1846_5479,1845971.2195,5479175.8316,0
1847_5479,1846971.2195,5479175.8316,0
1848_5479,1847971.2195,5479175.8316,0
1849_5479,1848971.2195,5479175.8316,0
1850_5479,1849971.2195,5479175.8316,0
1851_5479,1850971.2195,5479175.8316,0
1852_5479,1851971.2195,5479175.8316,0
1853_5479,1852971.2195,5479175.8316,0
1854_5479,1853971.2195,5479175.8316,0
1855_5479,1854971.2195,5479175.8316,0
1856_5479,1855971.2195,5479175.8316,0
1857_5479,1856971.2195,5479175.8316,0
1858_5479,1857971.2195,5479175.8316,0
1859_5479,1858971.2195,5479175.8316,0
1860_5479,1859971.2195,5479175.8316,0
1861_5479,1860971.2195,5479175.8316,0
1862_5479,1861971.2195,5479175.8316,0
1863_5479,1862971.2195,5479175.8316,0
1864_5479,1863971.2195,5479175.8316,0
1865_5479,1864971.2195,5479175.8316,0
1866_5479,1865971.2195,5479175.8316,0
1867_5479,1866971.2195,5479175.8316,0
1868_5479,1867971.2195,5479175.8316,0
1869_5479,1868971.2195,5479175.8316,0
1870_5479,1869971.2195,5479175.8316,0
1871_5479,1870971.2195,5479175.8316,0
1872_5479,1871971.2195,5479175.8316,0
1873_5479,1872971.2195,5479175.8316,0
1874_5479,1873971.2195,5479175.8316,0
1875_5479,1874971.2195,5479175.8316,0
1775_5480,1774971.2195,5480175.8316,0
1776_5480,1775971.2195,5480175.8316,0
1777_5480,1776971.2195,5480175.8316,0
1778_5480,1777971.2195,5480175.8316,0
1779_5480,1778971.2195,5480175.8316,0
1780_5480,1779971.2195,5480175.8316,0
1781_5480,1780971.2195,5480175.8316,0
1782_5480,1781971.2195,5480175.8316,0
1783_5480,1782971.2195,5480175.8316,0
1784_5480,1783971.2195,5480175.8316,0
1785_5480,1784971.2195,5480175.8316,0
1786_5480,1785971.2195,5480175.8316,0
1787_5480,1786971.2195,5480175.8316,0
1788_5480,1787971.2195,5480175.8316,0
1789_5480,1788971.2195,5480175.8316,0
1790_5480,1789971.2195,5480175.8316,0
1791_5480,1790971.2195,5480175.8316,0
1792_5480,1791971.2195,5480175.8316,0
1793_5480,1792971.2195,5480175.8316,0
1794_5480,1793971.2195,5480175.8316,0
1795_5480,1794971.2195,5480175.8316,0
1796_5480,1795971.2195,5480175.8316,0
1797_5480,1796971.2195,5480175.8316,0
1798_5480,1797971.2195,5480175.8316,0
1799_5480,1798971.2195,5480175.8316,0
1800_5480,1799971.2195,5480175.8316,0
1801_5480,1800971.2195,5480175.8316,0
1802_5480,1801971.2195,5480175.8316,0
1803_5480,1802971.2195,5480175.8316,0
1804_5480,1803971.2195,5480175.8316,0
1805_5480,1804971.2195,5480175.8316,0
1806_5480,1805971.2195,5480175.8316,0
1807_5480,1806971.2195,5480175.8316,0
1808_5480,1807971.2195,5480175.8316,0
1809_5480,1808971.2195,5480175.8316,0
1810_5480,1809971.2195,5480175.8316,0
1811_5480,1810971.2195,5480175.8316,0
1812_5480,1811971.2195,5480175.8316,0
1813_5480,1812971.2195,5480175.8316,0
1814_5480,1813971.2195,5480175.8316,0
1815_5480,1814971.2195,5480175.8316,0
1816_5480,1815971.2195,5480175.8316,0
1817_5480,1816971.2195,5480175.8316,0
1818_5480,1817971.2195,5480175.8316,0
1819_5480,1818971.2195,5480175.8316,0
1820_5480,1819971.2195,5480175.8316,0
1821_5480,1820971.2195,5480175.8316,0
1822_5480,1821971.2195,5480175.8316,0
1823_5480,1822971.2195,5480175.8316,0
1824_5480,1823971.2195,5480175.8316,0
1825_5480,1824971.2195,5480175.8316,0
1826_5480,1825971.2195,5480175.8316,0
1827_5480,1826971.2195,5480175.8316,0
1828_5480,1827971.2195,5480175.8316,0
1829_5480,1828971.2195,5480175.8316,0
1830_5480,1829971.2195,5480175.8316,0
1831_5480,1830971.2195,5480175.8316,0
1832_5480,1831971.2195,5480175.8316,0
1833_5480,1832971.2195,5480175.8316,0
1834_5480,1833971.2195,5480175.8316,0
1835_5480,1834971.2195,5480175.8316,0
1836_5480,1835971.2195,5480175.8316,0
1837_5480,1836971.2195,5480175.8316,0
1838_5480,1837971.2195,5480175.8316,0
1839_5480,1838971.2195,5480175.8316,0
1840_5480,1839971.2195,5480175.8316,0
1841_5480,1840971.2195,5480175.8316,0
1842_5480,1841971.2195,5480175.8316,0
1843_5480,1842971.2195,5480175.8316,0
1844_5480,1843971.2195,5480175.8316,0
1845_5480,1844971.2195,5480175.8316,0
1846_5480,1845971.2195,5480175.8316,0
1847_5480,1846971.2195,5480175.8316,0
1848_5480,1847971.2195,5480175.8316,0
1849_5480,1848971.2195,5480175.8316,0
1850_5480,1849971.2195,5480175.8316,0
1851_5480,1850971.2195,5480175.8316,0
1852_5480,1851971.2195,5480175.8316,0
1853_5480,1852971.2195,5480175.8316,0
1854_5480,1853971.2195,5480175.8316,0
1855_5480,1854971.2195,5480175.8316,0
1856_5480,1855971.2195,5480175.8316,0
1857_5480,1856971.2195,5480175.8316,0
1858_5480,1857971.2195,5480175.8316,0
1859_5480,1858971.2195,5480175.8316,0
1860_5480,1859971.2195,5480175.8316,0
1861_5480,1860971.2195,5480175.8316,0
1862_5480,1861971.2195,5480175.8316,0
1863_5480,1862971.2195,5480175.8316,0
1864_5480,1863971.2195,5480175.8316,0
1865_5480,1864971.2195,5480175.8316,0
1866_5480,1865971.2195,5480175.8316,0
1867_5480,1866971.2195,5480175.8316,0
1868_5480,1867971.2195,5480175.8316,0
1869_5480,1868971.2195,5480175.8316,0
1870_5480,1869971.2195,5480175.8316,0
1871_5480,1870971.2195,5480175.8316,0
1872_5480,1871971.2195,5480175.8316,0
1873_5480,1872971.2195,5480175.8316,0
1874_5480,1873971.2195,5480175.8316,0
1875_5480,1874971.2195,5480175.8316,0
1776_5481,1775971.2195,5481175.8316,0
1777_5481,1776971.2195,5481175.8316,0
1778_5481,1777971.2195,5481175.8316,0
1779_5481,1778971.2195,5481175.8316,0
1780_5481,1779971.2195,5481175.8316,0
1781_5481,1780971.2195,5481175.8316,0
1782_5481,1781971.2195,5481175.8316,0
1783_5481,1782971.2195,5481175.8316,0
1784_5481,1783971.2195,5481175.8316,0
1785_5481,1784971.2195,5481175.8316,0
1786_5481,1785971.2195,5481175.8316,0
1787_5481,1786971.2195,5481175.8316,0
1788_5481,1787971.2195,5481175.8316,0
1789_5481,1788971.2195,5481175.8316,0
1790_5481,1789971.2195,5481175.8316,0
1791_5481,1790971.2195,5481175.8316,0
1792_5481,1791971.2195,5481175.8316,0
1793_5481,1792971.2195,5481175.8316,0
1794_5481,1793971.2195,5481175.8316,0
1795_5481,1794971.2195,5481175.8316,0
1796_5481,1795971.2195,5481175.8316,0
1797_5481,1796971.2195,5481175.8316,0
1798_5481,1797971.2195,5481175.8316,0
1799_5481,1798971.2195,5481175.8316,0
1800_5481,1799971.2195,5481175.8316,0
1801_5481,1800971.2195,5481175.8316,0
1802_5481,1801971.2195,5481175.8316,0
1803_5481,1802971.2195,5481175.8316,0
1804_5481,1803971.2195,5481175.8316,0
1805_5481,1804971.2195,5481175.8316,0
1806_5481,1805971.2195,5481175.8316,0
1807_5481,1806971.2195,5481175.8316,0
1808_5481,1807971.2195,5481175.8316,0
1809_5481,1808971.2195,5481175.8316,0
1810_5481,1809971.2195,5481175.8316,0
1811_5481,1810971.2195,5481175.8316,0
1812_5481,1811971.2195,5481175.8316,0
1813_5481,1812971.2195,5481175.8316,0
1814_5481,1813971.2195,5481175.8316,0
1815_5481,1814971.2195,5481175.8316,0
1816_5481,1815971.2195,5481175.8316,0
1817_5481,1816971.2195,5481175.8316,0
1818_5481,1817971.2195,5481175.8316,0
1819_5481,1818971.2195,5481175.8316,0
1820_5481,1819971.2195,5481175.8316,0
1821_5481,1820971.2195,5481175.8316,0
1822_5481,1821971.2195,5481175.8316,0
1823_5481,1822971.2195,5481175.8316,0
1824_5481,1823971.2195,5481175.8316,0
1825_5481,1824971.2195,5481175.8316,0
1826_5481,1825971.2195,5481175.8316,0
1827_5481,1826971.2195,5481175.8316,0
1828_5481,1827971.2195,5481175.8316,0
1829_5481,1828971.2195,5481175.8316,0
1830_5481,1829971.2195,5481175.8316,0
1831_5481,1830971.2195,5481175.8316,0
1832_5481,1831971.2195,5481175.8316,0
1833_5481,1832971.2195,5481175.8316,0
1834_5481,1833971.2195,5481175.8316,0
1835_5481,1834971.2195,5481175.8316,0
1836_5481,1835971.2195,5481175.8316,0
1837_5481,1836971.2195,5481175.8316,0
1838_5481,1837971.2195,5481175.8316,0
1839_5481,1838971.2195,5481175.8316,0
1840_5481,1839971.2195,5481175.8316,0
1841_5481,1840971.2195,5481175.8316,0
1842_5481,1841971.2195,5481175.8316,0
1843_5481,1842971.2195,5481175.8316,0
1844_5481,1843971.2195,5481175.8316,0
1845_5481,1844971.2195,5481175.8316,0
1846_5481,1845971.2195,5481175.8316,0
1847_5481,1846971.2195,5481175.8316,0
1848_5481,1847971.2195,5481175.8316,0
1849_5481,1848971.2195,5481175.8316,0
1850_5481,1849971.2195,5481175.8316,0
1851_5481,1850971.2195,5481175.8316,0
1852_5481,1851971.2195,5481175.8316,0
1853_5481,1852971.2195,5481175.8316,0
1854_5481,1853971.2195,5481175.8316,0
1855_5481,1854971.2195,5481175.8316,0
1856_5481,1855971.2195,5481175.8316,0
1857_5481,1856971.2195,5481175.8316,0
1858_5481,1857971.2195,5481175.8316,0
1859_5481,1858971.2195,5481175.8316,0
1860_5481,1859971.2195,5481175.8316,0
1861_5481,1860971.2195,5481175.8316,0
1862_5481,1861971.2195,5481175.8316,0
1863_5481,1862971.2195,5481175.8316,0
1864_5481,1863971.2195,5481175.8316,0
1865_5481,1864971.2195,5481175.8316,0
1866_5481,1865971.2195,5481175.8316,0
1867_5481,1866971.2195,5481175.8316,0
1868_5481,1867971.2195,5481175.8316,0
1869_5481,1868971.2195,5481175.8316,0
1870_5481,1869971.2195,5481175.8316,0
1871_5481,1870971.2195,5481175.8316,0
1872_5481,1871971.2195,5481175.8316,0
1873_5481,1872971.2195,5481175.8316,0
1874_5481,1873971.2195,5481175.8316,0
1875_5481,1874971.2195,5481175.8316,0
1876_5481,1875971.2195,5481175.8316,0
1776_5482,1775971.2195,5482175.8316,0
1777_5482,1776971.2195,5482175.8316,0
1778_5482,1777971.2195,5482175.8316,0
1779_5482,1778971.2195,5482175.8316,0
1780_5482,1779971.2195,5482175.8316,0
1781_5482,1780971.2195,5482175.8316,0
1782_5482,1781971.2195,5482175.8316,0
1783_5482,1782971.2195,5482175.8316,0
1784_5482,1783971.2195,5482175.8316,0
1785_5482,1784971.2195,5482175.8316,0
1786_5482,1785971.2195,5482175.8316,0
1787_5482,1786971.2195,5482175.8316,0
1788_5482,1787971.2195,5482175.8316,0
1789_5482,1788971.2195,5482175.8316,0
1790_5482,1789971.2195,5482175.8316,0
1791_5482,1790971.2195,5482175.8316,0
1792_5482,1791971.2195,5482175.8316,0
1793_5482,1792971.2195,5482175.8316,0
1794_5482,1793971.2195,5482175.8316,0
1795_5482,1794971.2195,5482175.8316,0
1796_5482,1795971.2195,5482175.8316,0
1797_5482,1796971.2195,5482175.8316,0
1798_5482,1797971.2195,5482175.8316,0
1799_5482,1798971.2195,5482175.8316,0
1800_5482,1799971.2195,5482175.8316,0
1801_5482,1800971.2195,5482175.8316,0
1802_5482,1801971.2195,5482175.8316,0
1803_5482,1802971.2195,5482175.8316,0
1804_5482,1803971.2195,5482175.8316,0
1805_5482,1804971.2195,5482175.8316,0
1806_5482,1805971.2195,5482175.8316,0
1807_5482,1806971.2195,5482175.8316,0
1808_5482,1807971.2195,5482175.8316,0
1809_5482,1808971.2195,5482175.8316,0
1810_5482,1809971.2195,5482175.8316,0
1811_5482,1810971.2195,5482175.8316,0
1812_5482,1811971.2195,5482175.8316,0
1813_5482,1812971.2195,5482175.8316,0
1814_5482,1813971.2195,5482175.8316,0
1815_5482,1814971.2195,5482175.8316,0
1816_5482,1815971.2195,5482175.8316,0
1817_5482,1816971.2195,5482175.8316,0
1818_5482,1817971.2195,5482175.8316,0
1819_5482,1818971.2195,5482175.8316,0
1820_5482,1819971.2195,5482175.8316,0
1821_5482,1820971.2195,5482175.8316,0
1822_5482,1821971.2195,5482175.8316,0
1823_5482,1822971.2195,5482175.8316,0
1824_5482,1823971.2195,5482175.8316,0
1825_5482,1824971.2195,5482175.8316,0
1826_5482,1825971.2195,5482175.8316,0
1827_5482,1826971.2195,5482175.8316,0
1828_5482,1827971.2195,5482175.8316,0
1829_5482,1828971.2195,5482175.8316,0
1830_5482,1829971.2195,5482175.8316,0
1831_5482,1830971.2195,5482175.8316,0
1832_5482,1831971.2195,5482175.8316,0
1833_5482,1832971.2195,5482175.8316,0
1834_5482,1833971.2195,5482175.8316,0
1835_5482,1834971.2195,5482175.8316,0
1836_5482,1835971.2195,5482175.8316,0
1838_5482,1837971.2195,5482175.8316,0
1839_5482,1838971.2195,5482175.8316,0
1840_5482,1839971.2195,5482175.8316,0
1841_5482,1840971.2195,5482175.8316,0
1842_5482,1841971.2195,5482175.8316,0
1843_5482,1842971.2195,5482175.8316,0
1844_5482,1843971.2195,5482175.8316,0
1845_5482,1844971.2195,5482175.8316,0
1846_5482,1845971.2195,5482175.8316,0
1847_5482,1846971.2195,5482175.8316,0
1848_5482,1847971.2195,5482175.8316,0
1849_5482,1848971.2195,5482175.8316,0
1850_5482,1849971.2195,5482175.8316,0
1851_5482,1850971.2195,5482175.8316,0
1852_5482,1851971.2195,5482175.8316,0
1853_5482,1852971.2195,5482175.8316,0
1854_5482,1853971.2195,5482175.8316,0
1855_5482,1854971.2195,5482175.8316,0
1856_5482,1855971.2195,5482175.8316,0
1857_5482,1856971.2195,5482175.8316,0
1858_5482,1857971.2195,5482175.8316,0
1859_5482,1858971.2195,5482175.8316,0
1860_5482,1859971.2195,5482175.8316,0
1861_5482,1860971.2195,5482175.8316,0
1862_5482,1861971.2195,5482175.8316,0
1863_5482,1862971.2195,5482175.8316,0
1864_5482,1863971.2195,5482175.8316,0
1865_5482,1864971.2195,5482175.8316,0
1866_5482,1865971.2195,5482175.8316,0
1867_5482,1866971.2195,5482175.8316,0
1868_5482,1867971.2195,5482175.8316,0
1869_5482,1868971.2195,5482175.8316,0
1870_5482,1869971.2195,5482175.8316,0
1871_5482,1870971.2195,5482175.8316,0
1872_5482,1871971.2195,5482175.8316,0
1873_5482,1872971.2195,5482175.8316,0
1874_5482,1873971.2195,5482175.8316,0
1875_5482,1874971.2195,5482175.8316,0
1876_5482,1875971.2195,5482175.8316,0
1877_5482,1876971.2195,5482175.8316,0
1777_5483,1776971.2195,5483175.8316,0
1778_5483,1777971.2195,5483175.8316,0
1779_5483,1778971.2195,5483175.8316,0
1780_5483,1779971.2195,5483175.8316,0
1781_5483,1780971.2195,5483175.8316,0
1782_5483,1781971.2195,5483175.8316,0
1783_5483,1782971.2195,5483175.8316,0
1784_5483,1783971.2195,5483175.8316,0
1785_5483,1784971.2195,5483175.8316,0
1786_5483,1785971.2195,5483175.8316,0
1787_5483,1786971.2195,5483175.8316,0
1788_5483,1787971.2195,5483175.8316,0
1789_5483,1788971.2195,5483175.8316,0
1790_5483,1789971.2195,5483175.8316,0
1791_5483,1790971.2195,5483175.8316,0
1792_5483,1791971.2195,5483175.8316,0
1793_5483,1792971.2195,5483175.8316,0
1794_5483,1793971.2195,5483175.8316,0
1795_5483,1794971.2195,5483175.8316,0
1796_5483,1795971.2195,5483175.8316,0
1797_5483,1796971.2195,5483175.8316,0
1798_5483,1797971.2195,5483175.8316,0
1799_5483,1798971.2195,5483175.8316,0
1800_5483,1799971.2195,5483175.8316,0
1801_5483,1800971.2195,5483175.8316,0
1802_5483,1801971.2195,5483175.8316,0
1803_5483,1802971.2195,5483175.8316,0
1804_5483,1803971.2195,5483175.8316,0
1805_5483,1804971.2195,5483175.8316,0
1806_5483,1805971.2195,5483175.8316,0
1807_5483,1806971.2195,5483175.8316,0
1808_5483,1807971.2195,5483175.8316,0
1809_5483,1808971.2195,5483175.8316,0
1810_5483,1809971.2195,5483175.8316,0
1811_5483,1810971.2195,5483175.8316,0
1812_5483,1811971.2195,5483175.8316,0
1813_5483,1812971.2195,5483175.8316,0
1814_5483,1813971.2195,5483175.8316,0
1815_5483,1814971.2195,5483175.8316,0
1816_5483,1815971.2195,5483175.8316,0
1817_5483,1816971.2195,5483175.8316,0
1818_5483,1817971.2195,5483175.8316,0
1819_5483,1818971.2195,5483175.8316,0
1820_5483,1819971.2195,5483175.8316,0
1821_5483,1820971.2195,5483175.8316,0
1822_5483,1821971.2195,5483175.8316,0
1823_5483,1822971.2195,5483175.8316,0
1824_5483,1823971.2195,5483175.8316,0
1825_5483,1824971.2195,5483175.8316,0
1826_5483,1825971.2195,5483175.8316,0
1827_5483,1826971.2195,5483175.8316,0
1828_5483,1827971.2195,5483175.8316,0
1829_5483,1828971.2195,5483175.8316,0
1830_5483,1829971.2195,5483175.8316,0
1831_5483,1830971.2195,5483175.8316,0
1832_5483,1831971.2195,5483175.8316,0
1833_5483,1832971.2195,5483175.8316,0
1839_5483,1838971.2195,5483175.8316,0
1841_5483,1840971.2195,5483175.8316,0
1845_5483,1844971.2195,5483175.8316,0
1846_5483,1845971.2195,5483175.8316,0
1847_5483,1846971.2195,5483175.8316,0
1848_5483,1847971.2195,5483175.8316,0
1849_5483,1848971.2195,5483175.8316,0
1850_5483,1849971.2195,5483175.8316,0
1851_5483,1850971.2195,5483175.8316,0
1852_5483,1851971.2195,5483175.8316,0
1853_5483,1852971.2195,5483175.8316,0
1854_5483,1853971.2195,5483175.8316,0
1855_5483,1854971.2195,5483175.8316,0
1856_5483,1855971.2195,5483175.8316,0
1857_5483,1856971.2195,5483175.8316,0
1858_5483,1857971.2195,5483175.8316,0
1859_5483,1858971.2195,5483175.8316,0
1860_5483,1859971.2195,5483175.8316,0
1861_5483,1860971.2195,5483175.8316,0
1862_5483,1861971.2195,5483175.8316,0
1863_5483,1862971.2195,5483175.8316,0
1864_5483,1863971.2195,5483175.8316,0
1865_5483,1864971.2195,5483175.8316,0
1866_5483,1865971.2195,5483175.8316,0
1867_5483,1866971.2195,5483175.8316,0
1868_5483,1867971.2195,5483175.8316,0
1869_5483,1868971.2195,5483175.8316,0
1870_5483,1869971.2195,5483175.8316,0
1871_5483,1870971.2195,5483175.8316,0
1872_5483,1871971.2195,5483175.8316,0
1873_5483,1872971.2195,5483175.8316,0
1874_5483,1873971.2195,5483175.8316,0
1875_5483,1874971.2195,5483175.8316,0
1876_5483,1875971.2195,5483175.8316,0
1877_5483,1876971.2195,5483175.8316,0
1777_5484,1776971.2195,5484175.8316,0
1778_5484,1777971.2195,5484175.8316,0
1779_5484,1778971.2195,5484175.8316,0
1780_5484,1779971.2195,5484175.8316,0
1781_5484,1780971.2195,5484175.8316,0
1782_5484,1781971.2195,5484175.8316,0
1783_5484,1782971.2195,5484175.8316,0
1784_5484,1783971.2195,5484175.8316,0
1785_5484,1784971.2195,5484175.8316,0
1786_5484,1785971.2195,5484175.8316,0
1787_5484,1786971.2195,5484175.8316,0
1788_5484,1787971.2195,5484175.8316,0
1789_5484,1788971.2195,5484175.8316,0
1790_5484,1789971.2195,5484175.8316,0
1791_5484,1790971.2195,5484175.8316,0
1792_5484,1791971.2195,5484175.8316,0
1793_5484,1792971.2195,5484175.8316,0
1794_5484,1793971.2195,5484175.8316,0
1795_5484,1794971.2195,5484175.8316,0
1796_5484,1795971.2195,5484175.8316,0
1797_5484,1796971.2195,5484175.8316,0
1798_5484,1797971.2195,5484175.8316,0
1799_5484,1798971.2195,5484175.8316,0
1800_5484,1799971.2195,5484175.8316,0
1801_5484,1800971.2195,5484175.8316,0
1802_5484,1801971.2195,5484175.8316,0
1803_5484,1802971.2195,5484175.8316,0
1804_5484,1803971.2195,5484175.8316,0
1805_5484,1804971.2195,5484175.8316,0
1806_5484,1805971.2195,5484175.8316,0
1807_5484,1806971.2195,5484175.8316,0
1808_5484,1807971.2195,5484175.8316,0
1809_5484,1808971.2195,5484175.8316,0
1810_5484,1809971.2195,5484175.8316,0
1811_5484,1810971.2195,5484175.8316,0
1812_5484,1811971.2195,5484175.8316,0
1813_5484,1812971.2195,5484175.8316,0
1814_5484,1813971.2195,5484175.8316,0
1815_5484,1814971.2195,5484175.8316,0
1816_5484,1815971.2195,5484175.8316,0
1817_5484,1816971.2195,5484175.8316,0
1818_5484,1817971.2195,5484175.8316,0
1819_5484,1818971.2195,5484175.8316,0
1820_5484,1819971.2195,5484175.8316,0
1821_5484,1820971.2195,5484175.8316,0
1822_5484,1821971.2195,5484175.8316,0
1823_5484,1822971.2195,5484175.8316,0
1824_5484,1823971.2195,5484175.8316,0
1825_5484,1824971.2195,5484175.8316,0
1826_5484,1825971.2195,5484175.8316,0
1827_5484,1826971.2195,5484175.8316,0
1828_5484,1827971.2195,5484175.8316,0
1829_5484,1828971.2195,5484175.8316,0
1830_5484,1829971.2195,5484175.8316,0
1831_5484,1830971.2195,5484175.8316,0
1832_5484,1831971.2195,5484175.8316,0
1833_5484,1832971.2195,5484175.8316,0
1846_5484,1845971.2195,5484175.8316,0
1849_5484,1848971.2195,5484175.8316,0
1850_5484,1849971.2195,5484175.8316,0
1851_5484,1850971.2195,5484175.8316,0
1852_5484,1851971.2195,5484175.8316,0
1853_5484,1852971.2195,5484175.8316,0
1854_5484,1853971.2195,5484175.8316,0
1855_5484,1854971.2195,5484175.8316,0
1856_5484,1855971.2195,5484175.8316,0
1857_5484,1856971.2195,5484175.8316,0
1858_5484,1857971.2195,5484175.8316,0
1859_5484,1858971.2195,5484175.8316,0
1860_5484,1859971.2195,5484175.8316,0
1861_5484,1860971.2195,5484175.8316,0
1862_5484,1861971.2195,5484175.8316,0
1863_5484,1862971.2195,5484175.8316,0
1864_5484,1863971.2195,5484175.8316,0
1865_5484,1864971.2195,5484175.8316,0
1866_5484,1865971.2195,5484175.8316,0
1867_5484,1866971.2195,5484175.8316,0
1868_5484,1867971.2195,5484175.8316,0
1869_5484,1868971.2195,5484175.8316,0
1870_5484,1869971.2195,5484175.8316,0
1871_5484,1870971.2195,5484175.8316,0
1872_5484,1871971.2195,5484175.8316,0
1873_5484,1872971.2195,5484175.8316,0
1874_5484,1873971.2195,5484175.8316,0
1875_5484,1874971.2195,5484175.8316,0
1876_5484,1875971.2195,5484175.8316,0
1877_5484,1876971.2195,5484175.8316,0
1778_5485,1777971.2195,5485175.8316,0
1779_5485,1778971.2195,5485175.8316,0
1780_5485,1779971.2195,5485175.8316,0
1781_5485,1780971.2195,5485175.8316,0
1782_5485,1781971.2195,5485175.8316,0
1783_5485,1782971.2195,5485175.8316,0
1784_5485,1783971.2195,5485175.8316,0
1785_5485,1784971.2195,5485175.8316,0
1786_5485,1785971.2195,5485175.8316,0
1787_5485,1786971.2195,5485175.8316,0
1788_5485,1787971.2195,5485175.8316,0
1789_5485,1788971.2195,5485175.8316,0
1793_5485,1792971.2195,5485175.8316,0
1794_5485,1793971.2195,5485175.8316,0
1795_5485,1794971.2195,5485175.8316,0
1796_5485,1795971.2195,5485175.8316,0
1797_5485,1796971.2195,5485175.8316,0
1798_5485,1797971.2195,5485175.8316,0
1799_5485,1798971.2195,5485175.8316,0
1800_5485,1799971.2195,5485175.8316,0
1801_5485,1800971.2195,5485175.8316,0
1802_5485,1801971.2195,5485175.8316,0
1803_5485,1802971.2195,5485175.8316,0
1804_5485,1803971.2195,5485175.8316,0
1805_5485,1804971.2195,5485175.8316,0
1806_5485,1805971.2195,5485175.8316,0
1807_5485,1806971.2195,5485175.8316,0
1808_5485,1807971.2195,5485175.8316,0
1809_5485,1808971.2195,5485175.8316,0
1810_5485,1809971.2195,5485175.8316,0
1811_5485,1810971.2195,5485175.8316,0
1812_5485,1811971.2195,5485175.8316,0
1813_5485,1812971.2195,5485175.8316,0
1814_5485,1813971.2195,5485175.8316,0
1815_5485,1814971.2195,5485175.8316,0
1816_5485,1815971.2195,5485175.8316,0
1817_5485,1816971.2195,5485175.8316,0
1818_5485,1817971.2195,5485175.8316,0
1819_5485,1818971.2195,5485175.8316,0
1820_5485,1819971.2195,5485175.8316,0
1821_5485,1820971.2195,5485175.8316,0
1822_5485,1821971.2195,5485175.8316,0
1823_5485,1822971.2195,5485175.8316,0
1824_5485,1823971.2195,5485175.8316,0
1825_5485,1824971.2195,5485175.8316,0
1826_5485,1825971.2195,5485175.8316,0
1827_5485,1826971.2195,5485175.8316,0
1828_5485,1827971.2195,5485175.8316,0
1829_5485,1828971.2195,5485175.8316,0
1830_5485,1829971.2195,5485175.8316,0
1831_5485,1830971.2195,5485175.8316,0
1832_5485,1831971.2195,5485175.8316,0
1833_5485,1832971.2195,5485175.8316,0
1834_5485,1833971.2195,5485175.8316,0
1849_5485,1848971.2195,5485175.8316,0
1850_5485,1849971.2195,5485175.8316,0
1851_5485,1850971.2195,5485175.8316,0
1852_5485,1851971.2195,5485175.8316,0
1853_5485,1852971.2195,5485175.8316,0
1854_5485,1853971.2195,5485175.8316,0
1855_5485,1854971.2195,5485175.8316,0
1856_5485,1855971.2195,5485175.8316,0
1857_5485,1856971.2195,5485175.8316,0
1858_5485,1857971.2195,5485175.8316,0
1859_5485,1858971.2195,5485175.8316,0
1860_5485,1859971.2195,5485175.8316,0
1861_5485,1860971.2195,5485175.8316,0
1862_5485,1861971.2195,5485175.8316,0
1863_5485,1862971.2195,5485175.8316,0
1864_5485,1863971.2195,5485175.8316,0
1865_5485,1864971.2195,5485175.8316,0
1866_5485,1865971.2195,5485175.8316,0
1867_5485,1866971.2195,5485175.8316,0
1868_5485,1867971.2195,5485175.8316,0
1869_5485,1868971.2195,5485175.8316,0
1870_5485,1869971.2195,5485175.8316,0
1871_5485,1870971.2195,5485175.8316,0
1872_5485,1871971.2195,5485175.8316,0
1873_5485,1872971.2195,5485175.8316,0
1874_5485,1873971.2195,5485175.8316,0
1875_5485,1874971.2195,5485175.8316,0
1876_5485,1875971.2195,5485175.8316,0
1877_5485,1876971.2195,5485175.8316,0
1878_5485,1877971.2195,5485175.8316,0
1778_5486,1777971.2195,5486175.8316,0
1779_5486,1778971.2195,5486175.8316,0
1780_5486,1779971.2195,5486175.8316,0
1781_5486,1780971.2195,5486175.8316,0
1782_5486,1781971.2195,5486175.8316,0
1783_5486,1782971.2195,5486175.8316,0
1784_5486,1783971.2195,5486175.8316,0
1785_5486,1784971.2195,5486175.8316,0
1794_5486,1793971.2195,5486175.8316,0
1795_5486,1794971.2195,5486175.8316,0
1796_5486,1795971.2195,5486175.8316,0
1797_5486,1796971.2195,5486175.8316,0
1799_5486,1798971.2195,5486175.8316,0
1800_5486,1799971.2195,5486175.8316,0
1801_5486,1800971.2195,5486175.8316,0
1802_5486,1801971.2195,5486175.8316,0
1803_5486,1802971.2195,5486175.8316,0
1804_5486,1803971.2195,5486175.8316,0
1805_5486,1804971.2195,5486175.8316,0
1806_5486,1805971.2195,5486175.8316,0
1807_5486,1806971.2195,5486175.8316,0
1808_5486,1807971.2195,5486175.8316,0
1809_5486,1808971.2195,5486175.8316,0
1810_5486,1809971.2195,5486175.8316,0
1811_5486,1810971.2195,5486175.8316,0
1812_5486,1811971.2195,5486175.8316,0
1813_5486,1812971.2195,5486175.8316,0
1814_5486,1813971.2195,5486175.8316,0
1815_5486,1814971.2195,5486175.8316,0
1816_5486,1815971.2195,5486175.8316,0
1817_5486,1816971.2195,5486175.8316,0
1818_5486,1817971.2195,5486175.8316,0
1819_5486,1818971.2195,5486175.8316,0
1820_5486,1819971.2195,5486175.8316,0
1823_5486,1822971.2195,5486175.8316,0
1824_5486,1823971.2195,5486175.8316,0
1825_5486,1824971.2195,5486175.8316,0
1826_5486,1825971.2195,5486175.8316,0
1827_5486,1826971.2195,5486175.8316,0
1828_5486,1827971.2195,5486175.8316,0
1829_5486,1828971.2195,5486175.8316,0
1830_5486,1829971.2195,5486175.8316,0
1831_5486,1830971.2195,5486175.8316,0
1832_5486,1831971.2195,5486175.8316,0
1833_5486,1832971.2195,5486175.8316,0
1834_5486,1833971.2195,5486175.8316,0
1850_5486,1849971.2195,5486175.8316,0
1852_5486,1851971.2195,5486175.8316,0
1853_5486,1852971.2195,5486175.8316,0
1854_5486,1853971.2195,5486175.8316,0
1855_5486,1854971.2195,5486175.8316,0
1856_5486,1855971.2195,5486175.8316,0
1857_5486,1856971.2195,5486175.8316,0
1858_5486,1857971.2195,5486175.8316,0
1859_5486,1858971.2195,5486175.8316,0
1860_5486,1859971.2195,5486175.8316,0
1861_5486,1860971.2195,5486175.8316,0
1862_5486,1861971.2195,5486175.8316,0
1863_5486,1862971.2195,5486175.8316,0
1864_5486,1863971.2195,5486175.8316,0
1865_5486,1864971.2195,5486175.8316,0
1866_5486,1865971.2195,5486175.8316,0
1867_5486,1866971.2195,5486175.8316,0
1868_5486,1867971.2195,5486175.8316,0
1869_5486,1868971.2195,5486175.8316,0
1870_5486,1869971.2195,5486175.8316,0
1871_5486,1870971.2195,5486175.8316,0
1872_5486,1871971.2195,5486175.8316,0
1873_5486,1872971.2195,5486175.8316,0
1874_5486,1873971.2195,5486175.8316,0
1875_5486,1874971.2195,5486175.8316,0
1876_5486,1875971.2195,5486175.8316,0
1877_5486,1876971.2195,5486175.8316,0
1878_5486,1877971.2195,5486175.8316,0
1879_5486,1878971.2195,5486175.8316,0
1778_5487,1777971.2195,5487175.8316,0
1779_5487,1778971.2195,5487175.8316,0
1780_5487,1779971.2195,5487175.8316,0
1781_5487,1780971.2195,5487175.8316,0
1782_5487,1781971.2195,5487175.8316,0
1783_5487,1782971.2195,5487175.8316,0
1784_5487,1783971.2195,5487175.8316,0
1799_5487,1798971.2195,5487175.8316,0
1800_5487,1799971.2195,5487175.8316,0
1801_5487,1800971.2195,5487175.8316,0
1802_5487,1801971.2195,5487175.8316,0
1803_5487,1802971.2195,5487175.8316,0
1807_5487,1806971.2195,5487175.8316,0
1808_5487,1807971.2195,5487175.8316,0
1809_5487,1808971.2195,5487175.8316,0
1810_5487,1809971.2195,5487175.8316,0
1811_5487,1810971.2195,5487175.8316,0
1812_5487,1811971.2195,5487175.8316,0
1813_5487,1812971.2195,5487175.8316,0
1814_5487,1813971.2195,5487175.8316,0
1815_5487,1814971.2195,5487175.8316,0
1816_5487,1815971.2195,5487175.8316,0
1817_5487,1816971.2195,5487175.8316,0
1818_5487,1817971.2195,5487175.8316,0
1825_5487,1824971.2195,5487175.8316,0
1826_5487,1825971.2195,5487175.8316,0
1827_5487,1826971.2195,5487175.8316,0
1828_5487,1827971.2195,5487175.8316,0
1829_5487,1828971.2195,5487175.8316,0
1830_5487,1829971.2195,5487175.8316,0
1831_5487,1830971.2195,5487175.8316,0
1832_5487,1831971.2195,5487175.8316,0
1833_5487,1832971.2195,5487175.8316,0
1834_5487,1833971.2195,5487175.8316,0
1835_5487,1834971.2195,5487175.8316,0
1852_5487,1851971.2195,5487175.8316,0
1853_5487,1852971.2195,5487175.8316,0
1854_5487,1853971.2195,5487175.8316,0
1855_5487,1854971.2195,5487175.8316,0
1856_5487,1855971.2195,5487175.8316,0
1857_5487,1856971.2195,5487175.8316,0
1858_5487,1857971.2195,5487175.8316,0
1859_5487,1858971.2195,5487175.8316,0
1860_5487,1859971.2195,5487175.8316,0
1861_5487,1860971.2195,5487175.8316,0
1862_5487,1861971.2195,5487175.8316,0
1863_5487,1862971.2195,5487175.8316,0
1864_5487,1863971.2195,5487175.8316,0
1865_5487,1864971.2195,5487175.8316,0
1866_5487,1865971.2195,5487175.8316,0
1867_5487,1866971.2195,5487175.8316,0
1868_5487,1867971.2195,5487175.8316,0
1869_5487,1868971.2195,5487175.8316,0
1870_5487,1869971.2195,5487175.8316,0
1871_5487,1870971.2195,5487175.8316,0
1872_5487,1871971.2195,5487175.8316,0
1873_5487,1872971.2195,5487175.8316,0
1874_5487,1873971.2195,5487175.8316,0
1875_5487,1874971.2195,5487175.8316,0
1876_5487,1875971.2195,5487175.8316,0
1877_5487,1876971.2195,5487175.8316,0
1878_5487,1877971.2195,5487175.8316,0
1879_5487,1878971.2195,5487175.8316,0
1779_5488,1778971.2195,5488175.8316,0
1780_5488,1779971.2195,5488175.8316,0
1781_5488,1780971.2195,5488175.8316,0
1782_5488,1781971.2195,5488175.8316,0
1783_5488,1782971.2195,5488175.8316,0
1784_5488,1783971.2195,5488175.8316,0
1785_5488,1784971.2195,5488175.8316,0
1786_5488,1785971.2195,5488175.8316,0
1799_5488,1798971.2195,5488175.8316,0
1800_5488,1799971.2195,5488175.8316,0
1801_5488,1800971.2195,5488175.8316,0
1807_5488,1806971.2195,5488175.8316,0
1808_5488,1807971.2195,5488175.8316,0
1809_5488,1808971.2195,5488175.8316,0
1810_5488,1809971.2195,5488175.8316,0
1811_5488,1810971.2195,5488175.8316,0
1812_5488,1811971.2195,5488175.8316,0
1813_5488,1812971.2195,5488175.8316,0
1814_5488,1813971.2195,5488175.8316,0
1815_5488,1814971.2195,5488175.8316,0
1816_5488,1815971.2195,5488175.8316,0
1825_5488,1824971.2195,5488175.8316,0
1827_5488,1826971.2195,5488175.8316,0
1828_5488,1827971.2195,5488175.8316,0
1829_5488,1828971.2195,5488175.8316,0
1830_5488,1829971.2195,5488175.8316,0
1831_5488,1830971.2195,5488175.8316,0
1832_5488,1831971.2195,5488175.8316,0
1833_5488,1832971.2195,5488175.8316,0
1834_5488,1833971.2195,5488175.8316,0
1835_5488,1834971.2195,5488175.8316,0
1854_5488,1853971.2195,5488175.8316,0
1855_5488,1854971.2195,5488175.8316,0
1856_5488,1855971.2195,5488175.8316,0
1857_5488,1856971.2195,5488175.8316,0
1858_5488,1857971.2195,5488175.8316,0
1859_5488,1858971.2195,5488175.8316,0
1860_5488,1859971.2195,5488175.8316,0
1861_5488,1860971.2195,5488175.8316,0
1862_5488,1861971.2195,5488175.8316,0
1863_5488,1862971.2195,5488175.8316,0
1864_5488,1863971.2195,5488175.8316,0
1865_5488,1864971.2195,5488175.8316,0
1866_5488,1865971.2195,5488175.8316,0
1867_5488,1866971.2195,5488175.8316,0
1868_5488,1867971.2195,5488175.8316,0
1869_5488,1868971.2195,5488175.8316,0
1870_5488,1869971.2195,5488175.8316,0
1871_5488,1870971.2195,5488175.8316,0
1872_5488,1871971.2195,5488175.8316,0
1873_5488,1872971.2195,5488175.8316,0
1874_5488,1873971.2195,5488175.8316,0
1875_5488,1874971.2195,5488175.8316,0
1876_5488,1875971.2195,5488175.8316,0
1877_5488,1876971.2195,5488175.8316,0
1878_5488,1877971.2195,5488175.8316,0
1879_5488,1878971.2195,5488175.8316,0
1880_5488,1879971.2195,5488175.8316,0
1780_5489,1779971.2195,5489175.8316,0
1781_5489,1780971.2195,5489175.8316,0
1782_5489,1781971.2195,5489175.8316,0
1783_5489,1782971.2195,5489175.8316,0
1784_5489,1783971.2195,5489175.8316,0
1785_5489,1784971.2195,5489175.8316,0
1807_5489,1806971.2195,5489175.8316,0
1808_5489,1807971.2195,5489175.8316,0
1809_5489,1808971.2195,5489175.8316,0
1810_5489,1809971.2195,5489175.8316,0
1811_5489,1810971.2195,5489175.8316,0
1812_5489,1811971.2195,5489175.8316,0
1813_5489,1812971.2195,5489175.8316,0
1814_5489,1813971.2195,5489175.8316,0
1827_5489,1826971.2195,5489175.8316,0
1828_5489,1827971.2195,5489175.8316,0
1829_5489,1828971.2195,5489175.8316,0
1830_5489,1829971.2195,5489175.8316,0
1831_5489,1830971.2195,5489175.8316,0
1832_5489,1831971.2195,5489175.8316,0
1833_5489,1832971.2195,5489175.8316,0
1834_5489,1833971.2195,5489175.8316,0
1855_5489,1854971.2195,5489175.8316,0
1861_5489,1860971.2195,5489175.8316,0
1862_5489,1861971.2195,5489175.8316,0
1863_5489,1862971.2195,5489175.8316,0
1864_5489,1863971.2195,5489175.8316,0
1865_5489,1864971.2195,5489175.8316,0
1866_5489,1865971.2195,5489175.8316,0
1867_5489,1866971.2195,5489175.8316,0
1868_5489,1867971.2195,5489175.8316,0
1869_5489,1868971.2195,5489175.8316,0
1870_5489,1869971.2195,5489175.8316,0
1871_5489,1870971.2195,5489175.8316,0
1872_5489,1871971.2195,5489175.8316,0
1873_5489,1872971.2195,5489175.8316,0
1874_5489,1873971.2195,5489175.8316,0
1875_5489,1874971.2195,5489175.8316,0
1876_5489,1875971.2195,5489175.8316,0
1877_5489,1876971.2195,5489175.8316,0
1878_5489,1877971.2195,5489175.8316,0
1879_5489,1878971.2195,5489175.8316,0
1880_5489,1879971.2195,5489175.8316,0
1881_5489,1880971.2195,5489175.8316,0
1780_5490,1779971.2195,5490175.8316,0
1781_5490,1780971.2195,5490175.8316,0
1782_5490,1781971.2195,5490175.8316,0
1783_5490,1782971.2195,5490175.8316,0
1808_5490,1807971.2195,5490175.8316,0
1809_5490,1808971.2195,5490175.8316,0
1810_5490,1809971.2195,5490175.8316,0
1811_5490,1810971.2195,5490175.8316,0
1812_5490,1811971.2195,5490175.8316,0
1828_5490,1827971.2195,5490175.8316,0
1829_5490,1828971.2195,5490175.8316,0
1830_5490,1829971.2195,5490175.8316,0
1831_5490,1830971.2195,5490175.8316,0
1832_5490,1831971.2195,5490175.8316,0
1834_5490,1833971.2195,5490175.8316,0
1861_5490,1860971.2195,5490175.8316,0
1862_5490,1861971.2195,5490175.8316,0
1863_5490,1862971.2195,5490175.8316,0
1864_5490,1863971.2195,5490175.8316,0
1865_5490,1864971.2195,5490175.8316,0
1866_5490,1865971.2195,5490175.8316,0
1867_5490,1866971.2195,5490175.8316,0
1868_5490,1867971.2195,5490175.8316,0
1869_5490,1868971.2195,5490175.8316,0
1870_5490,1869971.2195,5490175.8316,0
1871_5490,1870971.2195,5490175.8316,0
1872_5490,1871971.2195,5490175.8316,0
1873_5490,1872971.2195,5490175.8316,0
1874_5490,1873971.2195,5490175.8316,0
1875_5490,1874971.2195,5490175.8316,0
1876_5490,1875971.2195,5490175.8316,0
1877_5490,1876971.2195,5490175.8316,0
1780_5491,1779971.2195,5491175.8316,0
1781_5491,1780971.2195,5491175.8316,0
1782_5491,1781971.2195,5491175.8316,0
1783_5491,1782971.2195,5491175.8316,0
1809_5491,1808971.2195,5491175.8316,0
1810_5491,1809971.2195,5491175.8316,0
1811_5491,1810971.2195,5491175.8316,0
1828_5491,1827971.2195,5491175.8316,0
1829_5491,1828971.2195,5491175.8316,0
1830_5491,1829971.2195,5491175.8316,0
1831_5491,1830971.2195,5491175.8316,0
1832_5491,1831971.2195,5491175.8316,0
1862_5491,1861971.2195,5491175.8316,0
1863_5491,1862971.2195,5491175.8316,0
1864_5491,1863971.2195,5491175.8316,0
1865_5491,1864971.2195,5491175.8316,0
1866_5491,1865971.2195,5491175.8316,0
1867_5491,1866971.2195,5491175.8316,0
1868_5491,1867971.2195,5491175.8316,0
1869_5491,1868971.2195,5491175.8316,0
1870_5491,1869971.2195,5491175.8316,0
1871_5491,1870971.2195,5491175.8316,0
1872_5491,1871971.2195,5491175.8316,0
1873_5491,1872971.2195,5491175.8316,0
1874_5491,1873971.2195,5491175.8316,0
1875_5491,1874971.2195,5491175.8316,0
1876_5491,1875971.2195,5491175.8316,0
1877_5491,1876971.2195,5491175.8316,0
1809_5492,1808971.2195,5492175.8316,0
1862_5492,1861971.2195,5492175.8316,0
1863_5492,1862971.2195,5492175.8316,0
1868_5492,1867971.2195,5492175.8316,0
1869_5492,1868971.2195,5492175.8316,0
1870_5492,1869971.2195,5492175.8316,0
1871_5492,1870971.2195,5492175.8316,0
1872_5492,1871971.2195,5492175.8316,0
1873_5492,1872971.2195,5492175.8316,0
1875_5492,1874971.2195,5492175.8316,0
1869_5493,1868971.2195,5493175.8316,0
1871_5493,1870971.2195,5493175.8316,0
1872_5493,1871971.2195,5493175.8316,0
